"ImageNumber","Image_FileName_Hoechst","Image_FileName_H2AX","Image_Metadata_Code","Image_Metadata_Concentration","Image_Metadata_Well","Image_PathName_Hoechst","Image_PathName_H2AX"
"1","D:/2026-02-13_U2OS-Hoechst-H2AX_STC-11A-11B-Dox-BLO/Hoechst-H2AX.2026-02-13-21-50-52/Hoechst-H2AX_Plate_R_p00_0_B02f00d0.TIF","D:/2026-02-13_U2OS-Hoechst-H2AX_STC-11A-11B-Dox-BLO/Hoechst-H2AX.2026-02-13-21-50-52/Hoechst-H2AX_Plate_R_p00_0_B02f00d1.TIF","Bleomycin","30","B02","D:/2026-02-13_U2OS-Hoechst-H2AX_STC-11A-11B-Dox-BLO/Hoechst-H2AX.2026-02-13-21-50-52","D:/2026-02-13_U2OS-Hoechst-H2AX_STC-11A-11B-Dox-BLO/Hoechst-H2AX.2026-02-13-21-50-52"
"2","D:/2026-02-13_U2OS-Hoechst-H2AX_STC-11A-11B-Dox-BLO/Hoechst-H2AX.2026-02-13-21-50-52/Hoechst-H2AX_Plate_R_p00_0_B02f01d0.TIF","D:/2026-02-13_U2OS-Hoechst-H2AX_STC-11A-11B-Dox-BLO/Hoechst-H2AX.2026-02-13-21-50-52/Hoechst-H2AX_Plate_R_p00_0_B02f01d1.TIF","Bleomycin","30","B02","D:/2026-02-13_U2OS-Hoechst-H2AX_STC-11A-11B-Dox-BLO/Hoechst-H2AX.2026-02-13-21-50-52","D:/2026-02-13_U2OS-Hoechst-H2AX_STC-11A-11B-Dox-BLO/Hoechst-H2AX.2026-02-13-21-50-52"
"3","D:/2026-02-13_U2OS-Hoechst-H2AX_STC-11A-11B-Dox-BLO/Hoechst-H2AX.2026-02-13-21-50-52/Hoechst-H2AX_Plate_R_p00_0_B02f02d0.TIF","D:/2026-02-13_U2OS-Hoechst-H2AX_STC-11A-11B-Dox-BLO/Hoechst-H2AX.2026-02-13-21-50-52/Hoechst-H2AX_Plate_R_p00_0_B02f02d1.TIF","Bleomycin","30","B02","D:/2026-02-13_U2OS-Hoechst-H2AX_STC-11A-11B-Dox-BLO/Hoechst-H2AX.2026-02-13-21-50-52","D:/2026-02-13_U2OS-Hoechst-H2AX_STC-11A-11B-Dox-BLO/Hoechst-H2AX.2026-02-13-21-50-52"
"4","D:/2026-02-13_U2OS-Hoechst-H2AX_STC-11A-11B-Dox-BLO/Hoechst-H2AX.2026-02-13-21-50-52/Hoechst-H2AX_Plate_R_p00_0_B02f03d0.TIF","D:/2026-02-13_U2OS-Hoechst-H2AX_STC-11A-11B-Dox-BLO/Hoechst-H2AX.2026-02-13-21-50-52/Hoechst-H2AX_Plate_R_p00_0_B02f03d1.TIF","Bleomycin","30","B02","D:/2026-02-13_U2OS-Hoechst-H2AX_STC-11A-11B-Dox-BLO/Hoechst-H2AX.2026-02-13-21-50-52","D:/2026-02-13_U2OS-Hoechst-H2AX_STC-11A-11B-Dox-BLO/Hoechst-H2AX.2026-02-13-21-50-52"
"5","D:/2026-02-13_U2OS-Hoechst-H2AX_STC-11A-11B-Dox-BLO/Hoechst-H2AX.2026-02-13-21-50-52/Hoechst-H2AX_Plate_R_p00_0_B02f04d0.TIF","D:/2026-02-13_U2OS-Hoechst-H2AX_STC-11A-11B-Dox-BLO/Hoechst-H2AX.2026-02-13-21-50-52/Hoechst-H2AX_Plate_R_p00_0_B02f04d1.TIF","Bleomycin","30","B02","D:/2026-02-13_U2OS-Hoechst-H2AX_STC-11A-11B-Dox-BLO/Hoechst-H2AX.2026-02-13-21-50-52","D:/2026-02-13_U2OS-Hoechst-H2AX_STC-11A-11B-Dox-BLO/Hoechst-H2AX.2026-02-13-21-50-52"
"6","D:/2026-02-13_U2OS-Hoechst-H2AX_STC-11A-11B-Dox-BLO/Hoechst-H2AX.2026-02-13-21-50-52/Hoechst-H2AX_Plate_R_p00_0_B02f05d0.TIF","D:/2026-02-13_U2OS-Hoechst-H2AX_STC-11A-11B-Dox-BLO/Hoechst-H2AX.2026-02-13-21-50-52/Hoechst-H2AX_Plate_R_p00_0_B02f05d1.TIF","Bleomycin","30","B02","D:/2026-02-13_U2OS-Hoechst-H2AX_STC-11A-11B-Dox-BLO/Hoechst-H2AX.2026-02-13-21-50-52","D:/2026-02-13_U2OS-Hoechst-H2AX_STC-11A-11B-Dox-BLO/Hoechst-H2AX.2026-02-13-21-50-52"
"7","D:/2026-02-13_U2OS-Hoechst-H2AX_STC-11A-11B-Dox-BLO/Hoechst-H2AX.2026-02-13-21-50-52/Hoechst-H2AX_Plate_R_p00_0_B02f06d0.TIF","D:/2026-02-13_U2OS-Hoechst-H2AX_STC-11A-11B-Dox-BLO/Hoechst-H2AX.2026-02-13-21-50-52/Hoechst-H2AX_Plate_R_p00_0_B02f06d1.TIF","Bleomycin","30","B02","D:/2026-02-13_U2OS-Hoechst-H2AX_STC-11A-11B-Dox-BLO/Hoechst-H2AX.2026-02-13-21-50-52","D:/2026-02-13_U2OS-Hoechst-H2AX_STC-11A-11B-Dox-BLO/Hoechst-H2AX.2026-02-13-21-50-52"
"8","D:/2026-02-13_U2OS-Hoechst-H2AX_STC-11A-11B-Dox-BLO/Hoechst-H2AX.2026-02-13-21-50-52/Hoechst-H2AX_Plate_R_p00_0_B02f07d0.TIF","D:/2026-02-13_U2OS-Hoechst-H2AX_STC-11A-11B-Dox-BLO/Hoechst-H2AX.2026-02-13-21-50-52/Hoechst-H2AX_Plate_R_p00_0_B02f07d1.TIF","Bleomycin","30","B02","D:/2026-02-13_U2OS-Hoechst-H2AX_STC-11A-11B-Dox-BLO/Hoechst-H2AX.2026-02-13-21-50-52","D:/2026-02-13_U2OS-Hoechst-H2AX_STC-11A-11B-Dox-BLO/Hoechst-H2AX.2026-02-13-21-50-52"
"9","D:/2026-02-13_U2OS-Hoechst-H2AX_STC-11A-11B-Dox-BLO/Hoechst-H2AX.2026-02-13-21-50-52/Hoechst-H2AX_Plate_R_p00_0_B02f08d0.TIF","D:/2026-02-13_U2OS-Hoechst-H2AX_STC-11A-11B-Dox-BLO/Hoechst-H2AX.2026-02-13-21-50-52/Hoechst-H2AX_Plate_R_p00_0_B02f08d1.TIF","Bleomycin","30","B02","D:/2026-02-13_U2OS-Hoechst-H2AX_STC-11A-11B-Dox-BLO/Hoechst-H2AX.2026-02-13-21-50-52","D:/2026-02-13_U2OS-Hoechst-H2AX_STC-11A-11B-Dox-BLO/Hoechst-H2AX.2026-02-13-21-50-52"
"10","D:/2026-02-13_U2OS-Hoechst-H2AX_STC-11A-11B-Dox-BLO/Hoechst-H2AX.2026-02-13-21-50-52/Hoechst-H2AX_Plate_R_p00_0_B02f09d0.TIF","D:/2026-02-13_U2OS-Hoechst-H2AX_STC-11A-11B-Dox-BLO/Hoechst-H2AX.2026-02-13-21-50-52/Hoechst-H2AX_Plate_R_p00_0_B02f09d1.TIF","Bleomycin","30","B02","D:/2026-02-13_U2OS-Hoechst-H2AX_STC-11A-11B-Dox-BLO/Hoechst-H2AX.2026-02-13-21-50-52","D:/2026-02-13_U2OS-Hoechst-H2AX_STC-11A-11B-Dox-BLO/Hoechst-H2AX.2026-02-13-21-50-52"
"11","D:/2026-02-13_U2OS-Hoechst-H2AX_STC-11A-11B-Dox-BLO/Hoechst-H2AX.2026-02-13-21-50-52/Hoechst-H2AX_Plate_R_p00_0_B02f10d0.TIF","D:/2026-02-13_U2OS-Hoechst-H2AX_STC-11A-11B-Dox-BLO/Hoechst-H2AX.2026-02-13-21-50-52/Hoechst-H2AX_Plate_R_p00_0_B02f10d1.TIF","Bleomycin","30","B02","D:/2026-02-13_U2OS-Hoechst-H2AX_STC-11A-11B-Dox-BLO/Hoechst-H2AX.2026-02-13-21-50-52","D:/2026-02-13_U2OS-Hoechst-H2AX_STC-11A-11B-Dox-BLO/Hoechst-H2AX.2026-02-13-21-50-52"
"12","D:/2026-02-13_U2OS-Hoechst-H2AX_STC-11A-11B-Dox-BLO/Hoechst-H2AX.2026-02-13-21-50-52/Hoechst-H2AX_Plate_R_p00_0_B02f11d0.TIF","D:/2026-02-13_U2OS-Hoechst-H2AX_STC-11A-11B-Dox-BLO/Hoechst-H2AX.2026-02-13-21-50-52/Hoechst-H2AX_Plate_R_p00_0_B02f11d1.TIF","Bleomycin","30","B02","D:/2026-02-13_U2OS-Hoechst-H2AX_STC-11A-11B-Dox-BLO/Hoechst-H2AX.2026-02-13-21-50-52","D:/2026-02-13_U2OS-Hoechst-H2AX_STC-11A-11B-Dox-BLO/Hoechst-H2AX.2026-02-13-21-50-52"
"13","D:/2026-02-13_U2OS-Hoechst-H2AX_STC-11A-11B-Dox-BLO/Hoechst-H2AX.2026-02-13-21-50-52/Hoechst-H2AX_Plate_R_p00_0_B02f12d0.TIF","D:/2026-02-13_U2OS-Hoechst-H2AX_STC-11A-11B-Dox-BLO/Hoechst-H2AX.2026-02-13-21-50-52/Hoechst-H2AX_Plate_R_p00_0_B02f12d1.TIF","Bleomycin","30","B02","D:/2026-02-13_U2OS-Hoechst-H2AX_STC-11A-11B-Dox-BLO/Hoechst-H2AX.2026-02-13-21-50-52","D:/2026-02-13_U2OS-Hoechst-H2AX_STC-11A-11B-Dox-BLO/Hoechst-H2AX.2026-02-13-21-50-52"
"14","D:/2026-02-13_U2OS-Hoechst-H2AX_STC-11A-11B-Dox-BLO/Hoechst-H2AX.2026-02-13-21-50-52/Hoechst-H2AX_Plate_R_p00_0_B02f13d0.TIF","D:/2026-02-13_U2OS-Hoechst-H2AX_STC-11A-11B-Dox-BLO/Hoechst-H2AX.2026-02-13-21-50-52/Hoechst-H2AX_Plate_R_p00_0_B02f13d1.TIF","Bleomycin","30","B02","D:/2026-02-13_U2OS-Hoechst-H2AX_STC-11A-11B-Dox-BLO/Hoechst-H2AX.2026-02-13-21-50-52","D:/2026-02-13_U2OS-Hoechst-H2AX_STC-11A-11B-Dox-BLO/Hoechst-H2AX.2026-02-13-21-50-52"
"15","D:/2026-02-13_U2OS-Hoechst-H2AX_STC-11A-11B-Dox-BLO/Hoechst-H2AX.2026-02-13-21-50-52/Hoechst-H2AX_Plate_R_p00_0_B02f14d0.TIF","D:/2026-02-13_U2OS-Hoechst-H2AX_STC-11A-11B-Dox-BLO/Hoechst-H2AX.2026-02-13-21-50-52/Hoechst-H2AX_Plate_R_p00_0_B02f14d1.TIF","Bleomycin","30","B02","D:/2026-02-13_U2OS-Hoechst-H2AX_STC-11A-11B-Dox-BLO/Hoechst-H2AX.2026-02-13-21-50-52","D:/2026-02-13_U2OS-Hoechst-H2AX_STC-11A-11B-Dox-BLO/Hoechst-H2AX.2026-02-13-21-50-52"
"16","D:/2026-02-13_U2OS-Hoechst-H2AX_STC-11A-11B-Dox-BLO/Hoechst-H2AX.2026-02-13-21-50-52/Hoechst-H2AX_Plate_R_p00_0_B02f15d0.TIF","D:/2026-02-13_U2OS-Hoechst-H2AX_STC-11A-11B-Dox-BLO/Hoechst-H2AX.2026-02-13-21-50-52/Hoechst-H2AX_Plate_R_p00_0_B02f15d1.TIF","Bleomycin","30","B02","D:/2026-02-13_U2OS-Hoechst-H2AX_STC-11A-11B-Dox-BLO/Hoechst-H2AX.2026-02-13-21-50-52","D:/2026-02-13_U2OS-Hoechst-H2AX_STC-11A-11B-Dox-BLO/Hoechst-H2AX.2026-02-13-21-50-52"
"17","D:/2026-02-13_U2OS-Hoechst-H2AX_STC-11A-11B-Dox-BLO/Hoechst-H2AX.2026-02-13-21-50-52/Hoechst-H2AX_Plate_R_p00_0_B03f00d0.TIF","D:/2026-02-13_U2OS-Hoechst-H2AX_STC-11A-11B-Dox-BLO/Hoechst-H2AX.2026-02-13-21-50-52/Hoechst-H2AX_Plate_R_p00_0_B03f00d1.TIF","Bleomycin","10","B03","D:/2026-02-13_U2OS-Hoechst-H2AX_STC-11A-11B-Dox-BLO/Hoechst-H2AX.2026-02-13-21-50-52","D:/2026-02-13_U2OS-Hoechst-H2AX_STC-11A-11B-Dox-BLO/Hoechst-H2AX.2026-02-13-21-50-52"
"18","D:/2026-02-13_U2OS-Hoechst-H2AX_STC-11A-11B-Dox-BLO/Hoechst-H2AX.2026-02-13-21-50-52/Hoechst-H2AX_Plate_R_p00_0_B03f01d0.TIF","D:/2026-02-13_U2OS-Hoechst-H2AX_STC-11A-11B-Dox-BLO/Hoechst-H2AX.2026-02-13-21-50-52/Hoechst-H2AX_Plate_R_p00_0_B03f01d1.TIF","Bleomycin","10","B03","D:/2026-02-13_U2OS-Hoechst-H2AX_STC-11A-11B-Dox-BLO/Hoechst-H2AX.2026-02-13-21-50-52","D:/2026-02-13_U2OS-Hoechst-H2AX_STC-11A-11B-Dox-BLO/Hoechst-H2AX.2026-02-13-21-50-52"
"19","D:/2026-02-13_U2OS-Hoechst-H2AX_STC-11A-11B-Dox-BLO/Hoechst-H2AX.2026-02-13-21-50-52/Hoechst-H2AX_Plate_R_p00_0_B03f02d0.TIF","D:/2026-02-13_U2OS-Hoechst-H2AX_STC-11A-11B-Dox-BLO/Hoechst-H2AX.2026-02-13-21-50-52/Hoechst-H2AX_Plate_R_p00_0_B03f02d1.TIF","Bleomycin","10","B03","D:/2026-02-13_U2OS-Hoechst-H2AX_STC-11A-11B-Dox-BLO/Hoechst-H2AX.2026-02-13-21-50-52","D:/2026-02-13_U2OS-Hoechst-H2AX_STC-11A-11B-Dox-BLO/Hoechst-H2AX.2026-02-13-21-50-52"
"20","D:/2026-02-13_U2OS-Hoechst-H2AX_STC-11A-11B-Dox-BLO/Hoechst-H2AX.2026-02-13-21-50-52/Hoechst-H2AX_Plate_R_p00_0_B03f03d0.TIF","D:/2026-02-13_U2OS-Hoechst-H2AX_STC-11A-11B-Dox-BLO/Hoechst-H2AX.2026-02-13-21-50-52/Hoechst-H2AX_Plate_R_p00_0_B03f03d1.TIF","Bleomycin","10","B03","D:/2026-02-13_U2OS-Hoechst-H2AX_STC-11A-11B-Dox-BLO/Hoechst-H2AX.2026-02-13-21-50-52","D:/2026-02-13_U2OS-Hoechst-H2AX_STC-11A-11B-Dox-BLO/Hoechst-H2AX.2026-02-13-21-50-52"
"21","D:/2026-02-13_U2OS-Hoechst-H2AX_STC-11A-11B-Dox-BLO/Hoechst-H2AX.2026-02-13-21-50-52/Hoechst-H2AX_Plate_R_p00_0_B03f04d0.TIF","D:/2026-02-13_U2OS-Hoechst-H2AX_STC-11A-11B-Dox-BLO/Hoechst-H2AX.2026-02-13-21-50-52/Hoechst-H2AX_Plate_R_p00_0_B03f04d1.TIF","Bleomycin","10","B03","D:/2026-02-13_U2OS-Hoechst-H2AX_STC-11A-11B-Dox-BLO/Hoechst-H2AX.2026-02-13-21-50-52","D:/2026-02-13_U2OS-Hoechst-H2AX_STC-11A-11B-Dox-BLO/Hoechst-H2AX.2026-02-13-21-50-52"
"22","D:/2026-02-13_U2OS-Hoechst-H2AX_STC-11A-11B-Dox-BLO/Hoechst-H2AX.2026-02-13-21-50-52/Hoechst-H2AX_Plate_R_p00_0_B03f05d0.TIF","D:/2026-02-13_U2OS-Hoechst-H2AX_STC-11A-11B-Dox-BLO/Hoechst-H2AX.2026-02-13-21-50-52/Hoechst-H2AX_Plate_R_p00_0_B03f05d1.TIF","Bleomycin","10","B03","D:/2026-02-13_U2OS-Hoechst-H2AX_STC-11A-11B-Dox-BLO/Hoechst-H2AX.2026-02-13-21-50-52","D:/2026-02-13_U2OS-Hoechst-H2AX_STC-11A-11B-Dox-BLO/Hoechst-H2AX.2026-02-13-21-50-52"
"23","D:/2026-02-13_U2OS-Hoechst-H2AX_STC-11A-11B-Dox-BLO/Hoechst-H2AX.2026-02-13-21-50-52/Hoechst-H2AX_Plate_R_p00_0_B03f06d0.TIF","D:/2026-02-13_U2OS-Hoechst-H2AX_STC-11A-11B-Dox-BLO/Hoechst-H2AX.2026-02-13-21-50-52/Hoechst-H2AX_Plate_R_p00_0_B03f06d1.TIF","Bleomycin","10","B03","D:/2026-02-13_U2OS-Hoechst-H2AX_STC-11A-11B-Dox-BLO/Hoechst-H2AX.2026-02-13-21-50-52","D:/2026-02-13_U2OS-Hoechst-H2AX_STC-11A-11B-Dox-BLO/Hoechst-H2AX.2026-02-13-21-50-52"
"24","D:/2026-02-13_U2OS-Hoechst-H2AX_STC-11A-11B-Dox-BLO/Hoechst-H2AX.2026-02-13-21-50-52/Hoechst-H2AX_Plate_R_p00_0_B03f07d0.TIF","D:/2026-02-13_U2OS-Hoechst-H2AX_STC-11A-11B-Dox-BLO/Hoechst-H2AX.2026-02-13-21-50-52/Hoechst-H2AX_Plate_R_p00_0_B03f07d1.TIF","Bleomycin","10","B03","D:/2026-02-13_U2OS-Hoechst-H2AX_STC-11A-11B-Dox-BLO/Hoechst-H2AX.2026-02-13-21-50-52","D:/2026-02-13_U2OS-Hoechst-H2AX_STC-11A-11B-Dox-BLO/Hoechst-H2AX.2026-02-13-21-50-52"
"25","D:/2026-02-13_U2OS-Hoechst-H2AX_STC-11A-11B-Dox-BLO/Hoechst-H2AX.2026-02-13-21-50-52/Hoechst-H2AX_Plate_R_p00_0_B03f08d0.TIF","D:/2026-02-13_U2OS-Hoechst-H2AX_STC-11A-11B-Dox-BLO/Hoechst-H2AX.2026-02-13-21-50-52/Hoechst-H2AX_Plate_R_p00_0_B03f08d1.TIF","Bleomycin","10","B03","D:/2026-02-13_U2OS-Hoechst-H2AX_STC-11A-11B-Dox-BLO/Hoechst-H2AX.2026-02-13-21-50-52","D:/2026-02-13_U2OS-Hoechst-H2AX_STC-11A-11B-Dox-BLO/Hoechst-H2AX.2026-02-13-21-50-52"
"26","D:/2026-02-13_U2OS-Hoechst-H2AX_STC-11A-11B-Dox-BLO/Hoechst-H2AX.2026-02-13-21-50-52/Hoechst-H2AX_Plate_R_p00_0_B03f09d0.TIF","D:/2026-02-13_U2OS-Hoechst-H2AX_STC-11A-11B-Dox-BLO/Hoechst-H2AX.2026-02-13-21-50-52/Hoechst-H2AX_Plate_R_p00_0_B03f09d1.TIF","Bleomycin","10","B03","D:/2026-02-13_U2OS-Hoechst-H2AX_STC-11A-11B-Dox-BLO/Hoechst-H2AX.2026-02-13-21-50-52","D:/2026-02-13_U2OS-Hoechst-H2AX_STC-11A-11B-Dox-BLO/Hoechst-H2AX.2026-02-13-21-50-52"
"27","D:/2026-02-13_U2OS-Hoechst-H2AX_STC-11A-11B-Dox-BLO/Hoechst-H2AX.2026-02-13-21-50-52/Hoechst-H2AX_Plate_R_p00_0_B03f10d0.TIF","D:/2026-02-13_U2OS-Hoechst-H2AX_STC-11A-11B-Dox-BLO/Hoechst-H2AX.2026-02-13-21-50-52/Hoechst-H2AX_Plate_R_p00_0_B03f10d1.TIF","Bleomycin","10","B03","D:/2026-02-13_U2OS-Hoechst-H2AX_STC-11A-11B-Dox-BLO/Hoechst-H2AX.2026-02-13-21-50-52","D:/2026-02-13_U2OS-Hoechst-H2AX_STC-11A-11B-Dox-BLO/Hoechst-H2AX.2026-02-13-21-50-52"
"28","D:/2026-02-13_U2OS-Hoechst-H2AX_STC-11A-11B-Dox-BLO/Hoechst-H2AX.2026-02-13-21-50-52/Hoechst-H2AX_Plate_R_p00_0_B03f11d0.TIF","D:/2026-02-13_U2OS-Hoechst-H2AX_STC-11A-11B-Dox-BLO/Hoechst-H2AX.2026-02-13-21-50-52/Hoechst-H2AX_Plate_R_p00_0_B03f11d1.TIF","Bleomycin","10","B03","D:/2026-02-13_U2OS-Hoechst-H2AX_STC-11A-11B-Dox-BLO/Hoechst-H2AX.2026-02-13-21-50-52","D:/2026-02-13_U2OS-Hoechst-H2AX_STC-11A-11B-Dox-BLO/Hoechst-H2AX.2026-02-13-21-50-52"
"29","D:/2026-02-13_U2OS-Hoechst-H2AX_STC-11A-11B-Dox-BLO/Hoechst-H2AX.2026-02-13-21-50-52/Hoechst-H2AX_Plate_R_p00_0_B03f12d0.TIF","D:/2026-02-13_U2OS-Hoechst-H2AX_STC-11A-11B-Dox-BLO/Hoechst-H2AX.2026-02-13-21-50-52/Hoechst-H2AX_Plate_R_p00_0_B03f12d1.TIF","Bleomycin","10","B03","D:/2026-02-13_U2OS-Hoechst-H2AX_STC-11A-11B-Dox-BLO/Hoechst-H2AX.2026-02-13-21-50-52","D:/2026-02-13_U2OS-Hoechst-H2AX_STC-11A-11B-Dox-BLO/Hoechst-H2AX.2026-02-13-21-50-52"
"30","D:/2026-02-13_U2OS-Hoechst-H2AX_STC-11A-11B-Dox-BLO/Hoechst-H2AX.2026-02-13-21-50-52/Hoechst-H2AX_Plate_R_p00_0_B03f13d0.TIF","D:/2026-02-13_U2OS-Hoechst-H2AX_STC-11A-11B-Dox-BLO/Hoechst-H2AX.2026-02-13-21-50-52/Hoechst-H2AX_Plate_R_p00_0_B03f13d1.TIF","Bleomycin","10","B03","D:/2026-02-13_U2OS-Hoechst-H2AX_STC-11A-11B-Dox-BLO/Hoechst-H2AX.2026-02-13-21-50-52","D:/2026-02-13_U2OS-Hoechst-H2AX_STC-11A-11B-Dox-BLO/Hoechst-H2AX.2026-02-13-21-50-52"
"31","D:/2026-02-13_U2OS-Hoechst-H2AX_STC-11A-11B-Dox-BLO/Hoechst-H2AX.2026-02-13-21-50-52/Hoechst-H2AX_Plate_R_p00_0_B03f14d0.TIF","D:/2026-02-13_U2OS-Hoechst-H2AX_STC-11A-11B-Dox-BLO/Hoechst-H2AX.2026-02-13-21-50-52/Hoechst-H2AX_Plate_R_p00_0_B03f14d1.TIF","Bleomycin","10","B03","D:/2026-02-13_U2OS-Hoechst-H2AX_STC-11A-11B-Dox-BLO/Hoechst-H2AX.2026-02-13-21-50-52","D:/2026-02-13_U2OS-Hoechst-H2AX_STC-11A-11B-Dox-BLO/Hoechst-H2AX.2026-02-13-21-50-52"
"32","D:/2026-02-13_U2OS-Hoechst-H2AX_STC-11A-11B-Dox-BLO/Hoechst-H2AX.2026-02-13-21-50-52/Hoechst-H2AX_Plate_R_p00_0_B03f15d0.TIF","D:/2026-02-13_U2OS-Hoechst-H2AX_STC-11A-11B-Dox-BLO/Hoechst-H2AX.2026-02-13-21-50-52/Hoechst-H2AX_Plate_R_p00_0_B03f15d1.TIF","Bleomycin","10","B03","D:/2026-02-13_U2OS-Hoechst-H2AX_STC-11A-11B-Dox-BLO/Hoechst-H2AX.2026-02-13-21-50-52","D:/2026-02-13_U2OS-Hoechst-H2AX_STC-11A-11B-Dox-BLO/Hoechst-H2AX.2026-02-13-21-50-52"
"33","D:/2026-02-13_U2OS-Hoechst-H2AX_STC-11A-11B-Dox-BLO/Hoechst-H2AX.2026-02-13-21-50-52/Hoechst-H2AX_Plate_R_p00_0_B04f00d0.TIF","D:/2026-02-13_U2OS-Hoechst-H2AX_STC-11A-11B-Dox-BLO/Hoechst-H2AX.2026-02-13-21-50-52/Hoechst-H2AX_Plate_R_p00_0_B04f00d1.TIF","Bleomycin","3","B04","D:/2026-02-13_U2OS-Hoechst-H2AX_STC-11A-11B-Dox-BLO/Hoechst-H2AX.2026-02-13-21-50-52","D:/2026-02-13_U2OS-Hoechst-H2AX_STC-11A-11B-Dox-BLO/Hoechst-H2AX.2026-02-13-21-50-52"
"34","D:/2026-02-13_U2OS-Hoechst-H2AX_STC-11A-11B-Dox-BLO/Hoechst-H2AX.2026-02-13-21-50-52/Hoechst-H2AX_Plate_R_p00_0_B04f01d0.TIF","D:/2026-02-13_U2OS-Hoechst-H2AX_STC-11A-11B-Dox-BLO/Hoechst-H2AX.2026-02-13-21-50-52/Hoechst-H2AX_Plate_R_p00_0_B04f01d1.TIF","Bleomycin","3","B04","D:/2026-02-13_U2OS-Hoechst-H2AX_STC-11A-11B-Dox-BLO/Hoechst-H2AX.2026-02-13-21-50-52","D:/2026-02-13_U2OS-Hoechst-H2AX_STC-11A-11B-Dox-BLO/Hoechst-H2AX.2026-02-13-21-50-52"
"35","D:/2026-02-13_U2OS-Hoechst-H2AX_STC-11A-11B-Dox-BLO/Hoechst-H2AX.2026-02-13-21-50-52/Hoechst-H2AX_Plate_R_p00_0_B04f02d0.TIF","D:/2026-02-13_U2OS-Hoechst-H2AX_STC-11A-11B-Dox-BLO/Hoechst-H2AX.2026-02-13-21-50-52/Hoechst-H2AX_Plate_R_p00_0_B04f02d1.TIF","Bleomycin","3","B04","D:/2026-02-13_U2OS-Hoechst-H2AX_STC-11A-11B-Dox-BLO/Hoechst-H2AX.2026-02-13-21-50-52","D:/2026-02-13_U2OS-Hoechst-H2AX_STC-11A-11B-Dox-BLO/Hoechst-H2AX.2026-02-13-21-50-52"
"36","D:/2026-02-13_U2OS-Hoechst-H2AX_STC-11A-11B-Dox-BLO/Hoechst-H2AX.2026-02-13-21-50-52/Hoechst-H2AX_Plate_R_p00_0_B04f03d0.TIF","D:/2026-02-13_U2OS-Hoechst-H2AX_STC-11A-11B-Dox-BLO/Hoechst-H2AX.2026-02-13-21-50-52/Hoechst-H2AX_Plate_R_p00_0_B04f03d1.TIF","Bleomycin","3","B04","D:/2026-02-13_U2OS-Hoechst-H2AX_STC-11A-11B-Dox-BLO/Hoechst-H2AX.2026-02-13-21-50-52","D:/2026-02-13_U2OS-Hoechst-H2AX_STC-11A-11B-Dox-BLO/Hoechst-H2AX.2026-02-13-21-50-52"
"37","D:/2026-02-13_U2OS-Hoechst-H2AX_STC-11A-11B-Dox-BLO/Hoechst-H2AX.2026-02-13-21-50-52/Hoechst-H2AX_Plate_R_p00_0_B04f04d0.TIF","D:/2026-02-13_U2OS-Hoechst-H2AX_STC-11A-11B-Dox-BLO/Hoechst-H2AX.2026-02-13-21-50-52/Hoechst-H2AX_Plate_R_p00_0_B04f04d1.TIF","Bleomycin","3","B04","D:/2026-02-13_U2OS-Hoechst-H2AX_STC-11A-11B-Dox-BLO/Hoechst-H2AX.2026-02-13-21-50-52","D:/2026-02-13_U2OS-Hoechst-H2AX_STC-11A-11B-Dox-BLO/Hoechst-H2AX.2026-02-13-21-50-52"
"38","D:/2026-02-13_U2OS-Hoechst-H2AX_STC-11A-11B-Dox-BLO/Hoechst-H2AX.2026-02-13-21-50-52/Hoechst-H2AX_Plate_R_p00_0_B04f05d0.TIF","D:/2026-02-13_U2OS-Hoechst-H2AX_STC-11A-11B-Dox-BLO/Hoechst-H2AX.2026-02-13-21-50-52/Hoechst-H2AX_Plate_R_p00_0_B04f05d1.TIF","Bleomycin","3","B04","D:/2026-02-13_U2OS-Hoechst-H2AX_STC-11A-11B-Dox-BLO/Hoechst-H2AX.2026-02-13-21-50-52","D:/2026-02-13_U2OS-Hoechst-H2AX_STC-11A-11B-Dox-BLO/Hoechst-H2AX.2026-02-13-21-50-52"
"39","D:/2026-02-13_U2OS-Hoechst-H2AX_STC-11A-11B-Dox-BLO/Hoechst-H2AX.2026-02-13-21-50-52/Hoechst-H2AX_Plate_R_p00_0_B04f06d0.TIF","D:/2026-02-13_U2OS-Hoechst-H2AX_STC-11A-11B-Dox-BLO/Hoechst-H2AX.2026-02-13-21-50-52/Hoechst-H2AX_Plate_R_p00_0_B04f06d1.TIF","Bleomycin","3","B04","D:/2026-02-13_U2OS-Hoechst-H2AX_STC-11A-11B-Dox-BLO/Hoechst-H2AX.2026-02-13-21-50-52","D:/2026-02-13_U2OS-Hoechst-H2AX_STC-11A-11B-Dox-BLO/Hoechst-H2AX.2026-02-13-21-50-52"
"40","D:/2026-02-13_U2OS-Hoechst-H2AX_STC-11A-11B-Dox-BLO/Hoechst-H2AX.2026-02-13-21-50-52/Hoechst-H2AX_Plate_R_p00_0_B04f07d0.TIF","D:/2026-02-13_U2OS-Hoechst-H2AX_STC-11A-11B-Dox-BLO/Hoechst-H2AX.2026-02-13-21-50-52/Hoechst-H2AX_Plate_R_p00_0_B04f07d1.TIF","Bleomycin","3","B04","D:/2026-02-13_U2OS-Hoechst-H2AX_STC-11A-11B-Dox-BLO/Hoechst-H2AX.2026-02-13-21-50-52","D:/2026-02-13_U2OS-Hoechst-H2AX_STC-11A-11B-Dox-BLO/Hoechst-H2AX.2026-02-13-21-50-52"
"41","D:/2026-02-13_U2OS-Hoechst-H2AX_STC-11A-11B-Dox-BLO/Hoechst-H2AX.2026-02-13-21-50-52/Hoechst-H2AX_Plate_R_p00_0_B04f08d0.TIF","D:/2026-02-13_U2OS-Hoechst-H2AX_STC-11A-11B-Dox-BLO/Hoechst-H2AX.2026-02-13-21-50-52/Hoechst-H2AX_Plate_R_p00_0_B04f08d1.TIF","Bleomycin","3","B04","D:/2026-02-13_U2OS-Hoechst-H2AX_STC-11A-11B-Dox-BLO/Hoechst-H2AX.2026-02-13-21-50-52","D:/2026-02-13_U2OS-Hoechst-H2AX_STC-11A-11B-Dox-BLO/Hoechst-H2AX.2026-02-13-21-50-52"
"42","D:/2026-02-13_U2OS-Hoechst-H2AX_STC-11A-11B-Dox-BLO/Hoechst-H2AX.2026-02-13-21-50-52/Hoechst-H2AX_Plate_R_p00_0_B04f09d0.TIF","D:/2026-02-13_U2OS-Hoechst-H2AX_STC-11A-11B-Dox-BLO/Hoechst-H2AX.2026-02-13-21-50-52/Hoechst-H2AX_Plate_R_p00_0_B04f09d1.TIF","Bleomycin","3","B04","D:/2026-02-13_U2OS-Hoechst-H2AX_STC-11A-11B-Dox-BLO/Hoechst-H2AX.2026-02-13-21-50-52","D:/2026-02-13_U2OS-Hoechst-H2AX_STC-11A-11B-Dox-BLO/Hoechst-H2AX.2026-02-13-21-50-52"
"43","D:/2026-02-13_U2OS-Hoechst-H2AX_STC-11A-11B-Dox-BLO/Hoechst-H2AX.2026-02-13-21-50-52/Hoechst-H2AX_Plate_R_p00_0_B04f10d0.TIF","D:/2026-02-13_U2OS-Hoechst-H2AX_STC-11A-11B-Dox-BLO/Hoechst-H2AX.2026-02-13-21-50-52/Hoechst-H2AX_Plate_R_p00_0_B04f10d1.TIF","Bleomycin","3","B04","D:/2026-02-13_U2OS-Hoechst-H2AX_STC-11A-11B-Dox-BLO/Hoechst-H2AX.2026-02-13-21-50-52","D:/2026-02-13_U2OS-Hoechst-H2AX_STC-11A-11B-Dox-BLO/Hoechst-H2AX.2026-02-13-21-50-52"
"44","D:/2026-02-13_U2OS-Hoechst-H2AX_STC-11A-11B-Dox-BLO/Hoechst-H2AX.2026-02-13-21-50-52/Hoechst-H2AX_Plate_R_p00_0_B04f11d0.TIF","D:/2026-02-13_U2OS-Hoechst-H2AX_STC-11A-11B-Dox-BLO/Hoechst-H2AX.2026-02-13-21-50-52/Hoechst-H2AX_Plate_R_p00_0_B04f11d1.TIF","Bleomycin","3","B04","D:/2026-02-13_U2OS-Hoechst-H2AX_STC-11A-11B-Dox-BLO/Hoechst-H2AX.2026-02-13-21-50-52","D:/2026-02-13_U2OS-Hoechst-H2AX_STC-11A-11B-Dox-BLO/Hoechst-H2AX.2026-02-13-21-50-52"
"45","D:/2026-02-13_U2OS-Hoechst-H2AX_STC-11A-11B-Dox-BLO/Hoechst-H2AX.2026-02-13-21-50-52/Hoechst-H2AX_Plate_R_p00_0_B04f12d0.TIF","D:/2026-02-13_U2OS-Hoechst-H2AX_STC-11A-11B-Dox-BLO/Hoechst-H2AX.2026-02-13-21-50-52/Hoechst-H2AX_Plate_R_p00_0_B04f12d1.TIF","Bleomycin","3","B04","D:/2026-02-13_U2OS-Hoechst-H2AX_STC-11A-11B-Dox-BLO/Hoechst-H2AX.2026-02-13-21-50-52","D:/2026-02-13_U2OS-Hoechst-H2AX_STC-11A-11B-Dox-BLO/Hoechst-H2AX.2026-02-13-21-50-52"
"46","D:/2026-02-13_U2OS-Hoechst-H2AX_STC-11A-11B-Dox-BLO/Hoechst-H2AX.2026-02-13-21-50-52/Hoechst-H2AX_Plate_R_p00_0_B04f13d0.TIF","D:/2026-02-13_U2OS-Hoechst-H2AX_STC-11A-11B-Dox-BLO/Hoechst-H2AX.2026-02-13-21-50-52/Hoechst-H2AX_Plate_R_p00_0_B04f13d1.TIF","Bleomycin","3","B04","D:/2026-02-13_U2OS-Hoechst-H2AX_STC-11A-11B-Dox-BLO/Hoechst-H2AX.2026-02-13-21-50-52","D:/2026-02-13_U2OS-Hoechst-H2AX_STC-11A-11B-Dox-BLO/Hoechst-H2AX.2026-02-13-21-50-52"
"47","D:/2026-02-13_U2OS-Hoechst-H2AX_STC-11A-11B-Dox-BLO/Hoechst-H2AX.2026-02-13-21-50-52/Hoechst-H2AX_Plate_R_p00_0_B04f14d0.TIF","D:/2026-02-13_U2OS-Hoechst-H2AX_STC-11A-11B-Dox-BLO/Hoechst-H2AX.2026-02-13-21-50-52/Hoechst-H2AX_Plate_R_p00_0_B04f14d1.TIF","Bleomycin","3","B04","D:/2026-02-13_U2OS-Hoechst-H2AX_STC-11A-11B-Dox-BLO/Hoechst-H2AX.2026-02-13-21-50-52","D:/2026-02-13_U2OS-Hoechst-H2AX_STC-11A-11B-Dox-BLO/Hoechst-H2AX.2026-02-13-21-50-52"
"48","D:/2026-02-13_U2OS-Hoechst-H2AX_STC-11A-11B-Dox-BLO/Hoechst-H2AX.2026-02-13-21-50-52/Hoechst-H2AX_Plate_R_p00_0_B04f15d0.TIF","D:/2026-02-13_U2OS-Hoechst-H2AX_STC-11A-11B-Dox-BLO/Hoechst-H2AX.2026-02-13-21-50-52/Hoechst-H2AX_Plate_R_p00_0_B04f15d1.TIF","Bleomycin","3","B04","D:/2026-02-13_U2OS-Hoechst-H2AX_STC-11A-11B-Dox-BLO/Hoechst-H2AX.2026-02-13-21-50-52","D:/2026-02-13_U2OS-Hoechst-H2AX_STC-11A-11B-Dox-BLO/Hoechst-H2AX.2026-02-13-21-50-52"
"49","D:/2026-02-13_U2OS-Hoechst-H2AX_STC-11A-11B-Dox-BLO/Hoechst-H2AX.2026-02-13-21-50-52/Hoechst-H2AX_Plate_R_p00_0_B05f00d0.TIF","D:/2026-02-13_U2OS-Hoechst-H2AX_STC-11A-11B-Dox-BLO/Hoechst-H2AX.2026-02-13-21-50-52/Hoechst-H2AX_Plate_R_p00_0_B05f00d1.TIF","KCB25-11A","10","B05","D:/2026-02-13_U2OS-Hoechst-H2AX_STC-11A-11B-Dox-BLO/Hoechst-H2AX.2026-02-13-21-50-52","D:/2026-02-13_U2OS-Hoechst-H2AX_STC-11A-11B-Dox-BLO/Hoechst-H2AX.2026-02-13-21-50-52"
"50","D:/2026-02-13_U2OS-Hoechst-H2AX_STC-11A-11B-Dox-BLO/Hoechst-H2AX.2026-02-13-21-50-52/Hoechst-H2AX_Plate_R_p00_0_B05f01d0.TIF","D:/2026-02-13_U2OS-Hoechst-H2AX_STC-11A-11B-Dox-BLO/Hoechst-H2AX.2026-02-13-21-50-52/Hoechst-H2AX_Plate_R_p00_0_B05f01d1.TIF","KCB25-11A","10","B05","D:/2026-02-13_U2OS-Hoechst-H2AX_STC-11A-11B-Dox-BLO/Hoechst-H2AX.2026-02-13-21-50-52","D:/2026-02-13_U2OS-Hoechst-H2AX_STC-11A-11B-Dox-BLO/Hoechst-H2AX.2026-02-13-21-50-52"
"51","D:/2026-02-13_U2OS-Hoechst-H2AX_STC-11A-11B-Dox-BLO/Hoechst-H2AX.2026-02-13-21-50-52/Hoechst-H2AX_Plate_R_p00_0_B05f02d0.TIF","D:/2026-02-13_U2OS-Hoechst-H2AX_STC-11A-11B-Dox-BLO/Hoechst-H2AX.2026-02-13-21-50-52/Hoechst-H2AX_Plate_R_p00_0_B05f02d1.TIF","KCB25-11A","10","B05","D:/2026-02-13_U2OS-Hoechst-H2AX_STC-11A-11B-Dox-BLO/Hoechst-H2AX.2026-02-13-21-50-52","D:/2026-02-13_U2OS-Hoechst-H2AX_STC-11A-11B-Dox-BLO/Hoechst-H2AX.2026-02-13-21-50-52"
"52","D:/2026-02-13_U2OS-Hoechst-H2AX_STC-11A-11B-Dox-BLO/Hoechst-H2AX.2026-02-13-21-50-52/Hoechst-H2AX_Plate_R_p00_0_B05f03d0.TIF","D:/2026-02-13_U2OS-Hoechst-H2AX_STC-11A-11B-Dox-BLO/Hoechst-H2AX.2026-02-13-21-50-52/Hoechst-H2AX_Plate_R_p00_0_B05f03d1.TIF","KCB25-11A","10","B05","D:/2026-02-13_U2OS-Hoechst-H2AX_STC-11A-11B-Dox-BLO/Hoechst-H2AX.2026-02-13-21-50-52","D:/2026-02-13_U2OS-Hoechst-H2AX_STC-11A-11B-Dox-BLO/Hoechst-H2AX.2026-02-13-21-50-52"
"53","D:/2026-02-13_U2OS-Hoechst-H2AX_STC-11A-11B-Dox-BLO/Hoechst-H2AX.2026-02-13-21-50-52/Hoechst-H2AX_Plate_R_p00_0_B05f04d0.TIF","D:/2026-02-13_U2OS-Hoechst-H2AX_STC-11A-11B-Dox-BLO/Hoechst-H2AX.2026-02-13-21-50-52/Hoechst-H2AX_Plate_R_p00_0_B05f04d1.TIF","KCB25-11A","10","B05","D:/2026-02-13_U2OS-Hoechst-H2AX_STC-11A-11B-Dox-BLO/Hoechst-H2AX.2026-02-13-21-50-52","D:/2026-02-13_U2OS-Hoechst-H2AX_STC-11A-11B-Dox-BLO/Hoechst-H2AX.2026-02-13-21-50-52"
"54","D:/2026-02-13_U2OS-Hoechst-H2AX_STC-11A-11B-Dox-BLO/Hoechst-H2AX.2026-02-13-21-50-52/Hoechst-H2AX_Plate_R_p00_0_B05f05d0.TIF","D:/2026-02-13_U2OS-Hoechst-H2AX_STC-11A-11B-Dox-BLO/Hoechst-H2AX.2026-02-13-21-50-52/Hoechst-H2AX_Plate_R_p00_0_B05f05d1.TIF","KCB25-11A","10","B05","D:/2026-02-13_U2OS-Hoechst-H2AX_STC-11A-11B-Dox-BLO/Hoechst-H2AX.2026-02-13-21-50-52","D:/2026-02-13_U2OS-Hoechst-H2AX_STC-11A-11B-Dox-BLO/Hoechst-H2AX.2026-02-13-21-50-52"
"55","D:/2026-02-13_U2OS-Hoechst-H2AX_STC-11A-11B-Dox-BLO/Hoechst-H2AX.2026-02-13-21-50-52/Hoechst-H2AX_Plate_R_p00_0_B05f06d0.TIF","D:/2026-02-13_U2OS-Hoechst-H2AX_STC-11A-11B-Dox-BLO/Hoechst-H2AX.2026-02-13-21-50-52/Hoechst-H2AX_Plate_R_p00_0_B05f06d1.TIF","KCB25-11A","10","B05","D:/2026-02-13_U2OS-Hoechst-H2AX_STC-11A-11B-Dox-BLO/Hoechst-H2AX.2026-02-13-21-50-52","D:/2026-02-13_U2OS-Hoechst-H2AX_STC-11A-11B-Dox-BLO/Hoechst-H2AX.2026-02-13-21-50-52"
"56","D:/2026-02-13_U2OS-Hoechst-H2AX_STC-11A-11B-Dox-BLO/Hoechst-H2AX.2026-02-13-21-50-52/Hoechst-H2AX_Plate_R_p00_0_B05f07d0.TIF","D:/2026-02-13_U2OS-Hoechst-H2AX_STC-11A-11B-Dox-BLO/Hoechst-H2AX.2026-02-13-21-50-52/Hoechst-H2AX_Plate_R_p00_0_B05f07d1.TIF","KCB25-11A","10","B05","D:/2026-02-13_U2OS-Hoechst-H2AX_STC-11A-11B-Dox-BLO/Hoechst-H2AX.2026-02-13-21-50-52","D:/2026-02-13_U2OS-Hoechst-H2AX_STC-11A-11B-Dox-BLO/Hoechst-H2AX.2026-02-13-21-50-52"
"57","D:/2026-02-13_U2OS-Hoechst-H2AX_STC-11A-11B-Dox-BLO/Hoechst-H2AX.2026-02-13-21-50-52/Hoechst-H2AX_Plate_R_p00_0_B05f08d0.TIF","D:/2026-02-13_U2OS-Hoechst-H2AX_STC-11A-11B-Dox-BLO/Hoechst-H2AX.2026-02-13-21-50-52/Hoechst-H2AX_Plate_R_p00_0_B05f08d1.TIF","KCB25-11A","10","B05","D:/2026-02-13_U2OS-Hoechst-H2AX_STC-11A-11B-Dox-BLO/Hoechst-H2AX.2026-02-13-21-50-52","D:/2026-02-13_U2OS-Hoechst-H2AX_STC-11A-11B-Dox-BLO/Hoechst-H2AX.2026-02-13-21-50-52"
"58","D:/2026-02-13_U2OS-Hoechst-H2AX_STC-11A-11B-Dox-BLO/Hoechst-H2AX.2026-02-13-21-50-52/Hoechst-H2AX_Plate_R_p00_0_B05f09d0.TIF","D:/2026-02-13_U2OS-Hoechst-H2AX_STC-11A-11B-Dox-BLO/Hoechst-H2AX.2026-02-13-21-50-52/Hoechst-H2AX_Plate_R_p00_0_B05f09d1.TIF","KCB25-11A","10","B05","D:/2026-02-13_U2OS-Hoechst-H2AX_STC-11A-11B-Dox-BLO/Hoechst-H2AX.2026-02-13-21-50-52","D:/2026-02-13_U2OS-Hoechst-H2AX_STC-11A-11B-Dox-BLO/Hoechst-H2AX.2026-02-13-21-50-52"
"59","D:/2026-02-13_U2OS-Hoechst-H2AX_STC-11A-11B-Dox-BLO/Hoechst-H2AX.2026-02-13-21-50-52/Hoechst-H2AX_Plate_R_p00_0_B05f10d0.TIF","D:/2026-02-13_U2OS-Hoechst-H2AX_STC-11A-11B-Dox-BLO/Hoechst-H2AX.2026-02-13-21-50-52/Hoechst-H2AX_Plate_R_p00_0_B05f10d1.TIF","KCB25-11A","10","B05","D:/2026-02-13_U2OS-Hoechst-H2AX_STC-11A-11B-Dox-BLO/Hoechst-H2AX.2026-02-13-21-50-52","D:/2026-02-13_U2OS-Hoechst-H2AX_STC-11A-11B-Dox-BLO/Hoechst-H2AX.2026-02-13-21-50-52"
"60","D:/2026-02-13_U2OS-Hoechst-H2AX_STC-11A-11B-Dox-BLO/Hoechst-H2AX.2026-02-13-21-50-52/Hoechst-H2AX_Plate_R_p00_0_B05f11d0.TIF","D:/2026-02-13_U2OS-Hoechst-H2AX_STC-11A-11B-Dox-BLO/Hoechst-H2AX.2026-02-13-21-50-52/Hoechst-H2AX_Plate_R_p00_0_B05f11d1.TIF","KCB25-11A","10","B05","D:/2026-02-13_U2OS-Hoechst-H2AX_STC-11A-11B-Dox-BLO/Hoechst-H2AX.2026-02-13-21-50-52","D:/2026-02-13_U2OS-Hoechst-H2AX_STC-11A-11B-Dox-BLO/Hoechst-H2AX.2026-02-13-21-50-52"
"61","D:/2026-02-13_U2OS-Hoechst-H2AX_STC-11A-11B-Dox-BLO/Hoechst-H2AX.2026-02-13-21-50-52/Hoechst-H2AX_Plate_R_p00_0_B05f12d0.TIF","D:/2026-02-13_U2OS-Hoechst-H2AX_STC-11A-11B-Dox-BLO/Hoechst-H2AX.2026-02-13-21-50-52/Hoechst-H2AX_Plate_R_p00_0_B05f12d1.TIF","KCB25-11A","10","B05","D:/2026-02-13_U2OS-Hoechst-H2AX_STC-11A-11B-Dox-BLO/Hoechst-H2AX.2026-02-13-21-50-52","D:/2026-02-13_U2OS-Hoechst-H2AX_STC-11A-11B-Dox-BLO/Hoechst-H2AX.2026-02-13-21-50-52"
"62","D:/2026-02-13_U2OS-Hoechst-H2AX_STC-11A-11B-Dox-BLO/Hoechst-H2AX.2026-02-13-21-50-52/Hoechst-H2AX_Plate_R_p00_0_B05f13d0.TIF","D:/2026-02-13_U2OS-Hoechst-H2AX_STC-11A-11B-Dox-BLO/Hoechst-H2AX.2026-02-13-21-50-52/Hoechst-H2AX_Plate_R_p00_0_B05f13d1.TIF","KCB25-11A","10","B05","D:/2026-02-13_U2OS-Hoechst-H2AX_STC-11A-11B-Dox-BLO/Hoechst-H2AX.2026-02-13-21-50-52","D:/2026-02-13_U2OS-Hoechst-H2AX_STC-11A-11B-Dox-BLO/Hoechst-H2AX.2026-02-13-21-50-52"
"63","D:/2026-02-13_U2OS-Hoechst-H2AX_STC-11A-11B-Dox-BLO/Hoechst-H2AX.2026-02-13-21-50-52/Hoechst-H2AX_Plate_R_p00_0_B05f14d0.TIF","D:/2026-02-13_U2OS-Hoechst-H2AX_STC-11A-11B-Dox-BLO/Hoechst-H2AX.2026-02-13-21-50-52/Hoechst-H2AX_Plate_R_p00_0_B05f14d1.TIF","KCB25-11A","10","B05","D:/2026-02-13_U2OS-Hoechst-H2AX_STC-11A-11B-Dox-BLO/Hoechst-H2AX.2026-02-13-21-50-52","D:/2026-02-13_U2OS-Hoechst-H2AX_STC-11A-11B-Dox-BLO/Hoechst-H2AX.2026-02-13-21-50-52"
"64","D:/2026-02-13_U2OS-Hoechst-H2AX_STC-11A-11B-Dox-BLO/Hoechst-H2AX.2026-02-13-21-50-52/Hoechst-H2AX_Plate_R_p00_0_B05f15d0.TIF","D:/2026-02-13_U2OS-Hoechst-H2AX_STC-11A-11B-Dox-BLO/Hoechst-H2AX.2026-02-13-21-50-52/Hoechst-H2AX_Plate_R_p00_0_B05f15d1.TIF","KCB25-11A","10","B05","D:/2026-02-13_U2OS-Hoechst-H2AX_STC-11A-11B-Dox-BLO/Hoechst-H2AX.2026-02-13-21-50-52","D:/2026-02-13_U2OS-Hoechst-H2AX_STC-11A-11B-Dox-BLO/Hoechst-H2AX.2026-02-13-21-50-52"
"65","D:/2026-02-13_U2OS-Hoechst-H2AX_STC-11A-11B-Dox-BLO/Hoechst-H2AX.2026-02-13-21-50-52/Hoechst-H2AX_Plate_R_p00_0_B06f00d0.TIF","D:/2026-02-13_U2OS-Hoechst-H2AX_STC-11A-11B-Dox-BLO/Hoechst-H2AX.2026-02-13-21-50-52/Hoechst-H2AX_Plate_R_p00_0_B06f00d1.TIF","KCB25-11A","3","B06","D:/2026-02-13_U2OS-Hoechst-H2AX_STC-11A-11B-Dox-BLO/Hoechst-H2AX.2026-02-13-21-50-52","D:/2026-02-13_U2OS-Hoechst-H2AX_STC-11A-11B-Dox-BLO/Hoechst-H2AX.2026-02-13-21-50-52"
"66","D:/2026-02-13_U2OS-Hoechst-H2AX_STC-11A-11B-Dox-BLO/Hoechst-H2AX.2026-02-13-21-50-52/Hoechst-H2AX_Plate_R_p00_0_B06f01d0.TIF","D:/2026-02-13_U2OS-Hoechst-H2AX_STC-11A-11B-Dox-BLO/Hoechst-H2AX.2026-02-13-21-50-52/Hoechst-H2AX_Plate_R_p00_0_B06f01d1.TIF","KCB25-11A","3","B06","D:/2026-02-13_U2OS-Hoechst-H2AX_STC-11A-11B-Dox-BLO/Hoechst-H2AX.2026-02-13-21-50-52","D:/2026-02-13_U2OS-Hoechst-H2AX_STC-11A-11B-Dox-BLO/Hoechst-H2AX.2026-02-13-21-50-52"
"67","D:/2026-02-13_U2OS-Hoechst-H2AX_STC-11A-11B-Dox-BLO/Hoechst-H2AX.2026-02-13-21-50-52/Hoechst-H2AX_Plate_R_p00_0_B06f02d0.TIF","D:/2026-02-13_U2OS-Hoechst-H2AX_STC-11A-11B-Dox-BLO/Hoechst-H2AX.2026-02-13-21-50-52/Hoechst-H2AX_Plate_R_p00_0_B06f02d1.TIF","KCB25-11A","3","B06","D:/2026-02-13_U2OS-Hoechst-H2AX_STC-11A-11B-Dox-BLO/Hoechst-H2AX.2026-02-13-21-50-52","D:/2026-02-13_U2OS-Hoechst-H2AX_STC-11A-11B-Dox-BLO/Hoechst-H2AX.2026-02-13-21-50-52"
"68","D:/2026-02-13_U2OS-Hoechst-H2AX_STC-11A-11B-Dox-BLO/Hoechst-H2AX.2026-02-13-21-50-52/Hoechst-H2AX_Plate_R_p00_0_B06f03d0.TIF","D:/2026-02-13_U2OS-Hoechst-H2AX_STC-11A-11B-Dox-BLO/Hoechst-H2AX.2026-02-13-21-50-52/Hoechst-H2AX_Plate_R_p00_0_B06f03d1.TIF","KCB25-11A","3","B06","D:/2026-02-13_U2OS-Hoechst-H2AX_STC-11A-11B-Dox-BLO/Hoechst-H2AX.2026-02-13-21-50-52","D:/2026-02-13_U2OS-Hoechst-H2AX_STC-11A-11B-Dox-BLO/Hoechst-H2AX.2026-02-13-21-50-52"
"69","D:/2026-02-13_U2OS-Hoechst-H2AX_STC-11A-11B-Dox-BLO/Hoechst-H2AX.2026-02-13-21-50-52/Hoechst-H2AX_Plate_R_p00_0_B06f04d0.TIF","D:/2026-02-13_U2OS-Hoechst-H2AX_STC-11A-11B-Dox-BLO/Hoechst-H2AX.2026-02-13-21-50-52/Hoechst-H2AX_Plate_R_p00_0_B06f04d1.TIF","KCB25-11A","3","B06","D:/2026-02-13_U2OS-Hoechst-H2AX_STC-11A-11B-Dox-BLO/Hoechst-H2AX.2026-02-13-21-50-52","D:/2026-02-13_U2OS-Hoechst-H2AX_STC-11A-11B-Dox-BLO/Hoechst-H2AX.2026-02-13-21-50-52"
"70","D:/2026-02-13_U2OS-Hoechst-H2AX_STC-11A-11B-Dox-BLO/Hoechst-H2AX.2026-02-13-21-50-52/Hoechst-H2AX_Plate_R_p00_0_B06f05d0.TIF","D:/2026-02-13_U2OS-Hoechst-H2AX_STC-11A-11B-Dox-BLO/Hoechst-H2AX.2026-02-13-21-50-52/Hoechst-H2AX_Plate_R_p00_0_B06f05d1.TIF","KCB25-11A","3","B06","D:/2026-02-13_U2OS-Hoechst-H2AX_STC-11A-11B-Dox-BLO/Hoechst-H2AX.2026-02-13-21-50-52","D:/2026-02-13_U2OS-Hoechst-H2AX_STC-11A-11B-Dox-BLO/Hoechst-H2AX.2026-02-13-21-50-52"
"71","D:/2026-02-13_U2OS-Hoechst-H2AX_STC-11A-11B-Dox-BLO/Hoechst-H2AX.2026-02-13-21-50-52/Hoechst-H2AX_Plate_R_p00_0_B06f06d0.TIF","D:/2026-02-13_U2OS-Hoechst-H2AX_STC-11A-11B-Dox-BLO/Hoechst-H2AX.2026-02-13-21-50-52/Hoechst-H2AX_Plate_R_p00_0_B06f06d1.TIF","KCB25-11A","3","B06","D:/2026-02-13_U2OS-Hoechst-H2AX_STC-11A-11B-Dox-BLO/Hoechst-H2AX.2026-02-13-21-50-52","D:/2026-02-13_U2OS-Hoechst-H2AX_STC-11A-11B-Dox-BLO/Hoechst-H2AX.2026-02-13-21-50-52"
"72","D:/2026-02-13_U2OS-Hoechst-H2AX_STC-11A-11B-Dox-BLO/Hoechst-H2AX.2026-02-13-21-50-52/Hoechst-H2AX_Plate_R_p00_0_B06f07d0.TIF","D:/2026-02-13_U2OS-Hoechst-H2AX_STC-11A-11B-Dox-BLO/Hoechst-H2AX.2026-02-13-21-50-52/Hoechst-H2AX_Plate_R_p00_0_B06f07d1.TIF","KCB25-11A","3","B06","D:/2026-02-13_U2OS-Hoechst-H2AX_STC-11A-11B-Dox-BLO/Hoechst-H2AX.2026-02-13-21-50-52","D:/2026-02-13_U2OS-Hoechst-H2AX_STC-11A-11B-Dox-BLO/Hoechst-H2AX.2026-02-13-21-50-52"
"73","D:/2026-02-13_U2OS-Hoechst-H2AX_STC-11A-11B-Dox-BLO/Hoechst-H2AX.2026-02-13-21-50-52/Hoechst-H2AX_Plate_R_p00_0_B06f08d0.TIF","D:/2026-02-13_U2OS-Hoechst-H2AX_STC-11A-11B-Dox-BLO/Hoechst-H2AX.2026-02-13-21-50-52/Hoechst-H2AX_Plate_R_p00_0_B06f08d1.TIF","KCB25-11A","3","B06","D:/2026-02-13_U2OS-Hoechst-H2AX_STC-11A-11B-Dox-BLO/Hoechst-H2AX.2026-02-13-21-50-52","D:/2026-02-13_U2OS-Hoechst-H2AX_STC-11A-11B-Dox-BLO/Hoechst-H2AX.2026-02-13-21-50-52"
"74","D:/2026-02-13_U2OS-Hoechst-H2AX_STC-11A-11B-Dox-BLO/Hoechst-H2AX.2026-02-13-21-50-52/Hoechst-H2AX_Plate_R_p00_0_B06f09d0.TIF","D:/2026-02-13_U2OS-Hoechst-H2AX_STC-11A-11B-Dox-BLO/Hoechst-H2AX.2026-02-13-21-50-52/Hoechst-H2AX_Plate_R_p00_0_B06f09d1.TIF","KCB25-11A","3","B06","D:/2026-02-13_U2OS-Hoechst-H2AX_STC-11A-11B-Dox-BLO/Hoechst-H2AX.2026-02-13-21-50-52","D:/2026-02-13_U2OS-Hoechst-H2AX_STC-11A-11B-Dox-BLO/Hoechst-H2AX.2026-02-13-21-50-52"
"75","D:/2026-02-13_U2OS-Hoechst-H2AX_STC-11A-11B-Dox-BLO/Hoechst-H2AX.2026-02-13-21-50-52/Hoechst-H2AX_Plate_R_p00_0_B06f10d0.TIF","D:/2026-02-13_U2OS-Hoechst-H2AX_STC-11A-11B-Dox-BLO/Hoechst-H2AX.2026-02-13-21-50-52/Hoechst-H2AX_Plate_R_p00_0_B06f10d1.TIF","KCB25-11A","3","B06","D:/2026-02-13_U2OS-Hoechst-H2AX_STC-11A-11B-Dox-BLO/Hoechst-H2AX.2026-02-13-21-50-52","D:/2026-02-13_U2OS-Hoechst-H2AX_STC-11A-11B-Dox-BLO/Hoechst-H2AX.2026-02-13-21-50-52"
"76","D:/2026-02-13_U2OS-Hoechst-H2AX_STC-11A-11B-Dox-BLO/Hoechst-H2AX.2026-02-13-21-50-52/Hoechst-H2AX_Plate_R_p00_0_B06f11d0.TIF","D:/2026-02-13_U2OS-Hoechst-H2AX_STC-11A-11B-Dox-BLO/Hoechst-H2AX.2026-02-13-21-50-52/Hoechst-H2AX_Plate_R_p00_0_B06f11d1.TIF","KCB25-11A","3","B06","D:/2026-02-13_U2OS-Hoechst-H2AX_STC-11A-11B-Dox-BLO/Hoechst-H2AX.2026-02-13-21-50-52","D:/2026-02-13_U2OS-Hoechst-H2AX_STC-11A-11B-Dox-BLO/Hoechst-H2AX.2026-02-13-21-50-52"
"77","D:/2026-02-13_U2OS-Hoechst-H2AX_STC-11A-11B-Dox-BLO/Hoechst-H2AX.2026-02-13-21-50-52/Hoechst-H2AX_Plate_R_p00_0_B06f12d0.TIF","D:/2026-02-13_U2OS-Hoechst-H2AX_STC-11A-11B-Dox-BLO/Hoechst-H2AX.2026-02-13-21-50-52/Hoechst-H2AX_Plate_R_p00_0_B06f12d1.TIF","KCB25-11A","3","B06","D:/2026-02-13_U2OS-Hoechst-H2AX_STC-11A-11B-Dox-BLO/Hoechst-H2AX.2026-02-13-21-50-52","D:/2026-02-13_U2OS-Hoechst-H2AX_STC-11A-11B-Dox-BLO/Hoechst-H2AX.2026-02-13-21-50-52"
"78","D:/2026-02-13_U2OS-Hoechst-H2AX_STC-11A-11B-Dox-BLO/Hoechst-H2AX.2026-02-13-21-50-52/Hoechst-H2AX_Plate_R_p00_0_B06f13d0.TIF","D:/2026-02-13_U2OS-Hoechst-H2AX_STC-11A-11B-Dox-BLO/Hoechst-H2AX.2026-02-13-21-50-52/Hoechst-H2AX_Plate_R_p00_0_B06f13d1.TIF","KCB25-11A","3","B06","D:/2026-02-13_U2OS-Hoechst-H2AX_STC-11A-11B-Dox-BLO/Hoechst-H2AX.2026-02-13-21-50-52","D:/2026-02-13_U2OS-Hoechst-H2AX_STC-11A-11B-Dox-BLO/Hoechst-H2AX.2026-02-13-21-50-52"
"79","D:/2026-02-13_U2OS-Hoechst-H2AX_STC-11A-11B-Dox-BLO/Hoechst-H2AX.2026-02-13-21-50-52/Hoechst-H2AX_Plate_R_p00_0_B06f14d0.TIF","D:/2026-02-13_U2OS-Hoechst-H2AX_STC-11A-11B-Dox-BLO/Hoechst-H2AX.2026-02-13-21-50-52/Hoechst-H2AX_Plate_R_p00_0_B06f14d1.TIF","KCB25-11A","3","B06","D:/2026-02-13_U2OS-Hoechst-H2AX_STC-11A-11B-Dox-BLO/Hoechst-H2AX.2026-02-13-21-50-52","D:/2026-02-13_U2OS-Hoechst-H2AX_STC-11A-11B-Dox-BLO/Hoechst-H2AX.2026-02-13-21-50-52"
"80","D:/2026-02-13_U2OS-Hoechst-H2AX_STC-11A-11B-Dox-BLO/Hoechst-H2AX.2026-02-13-21-50-52/Hoechst-H2AX_Plate_R_p00_0_B06f15d0.TIF","D:/2026-02-13_U2OS-Hoechst-H2AX_STC-11A-11B-Dox-BLO/Hoechst-H2AX.2026-02-13-21-50-52/Hoechst-H2AX_Plate_R_p00_0_B06f15d1.TIF","KCB25-11A","3","B06","D:/2026-02-13_U2OS-Hoechst-H2AX_STC-11A-11B-Dox-BLO/Hoechst-H2AX.2026-02-13-21-50-52","D:/2026-02-13_U2OS-Hoechst-H2AX_STC-11A-11B-Dox-BLO/Hoechst-H2AX.2026-02-13-21-50-52"
"81","D:/2026-02-13_U2OS-Hoechst-H2AX_STC-11A-11B-Dox-BLO/Hoechst-H2AX.2026-02-13-21-50-52/Hoechst-H2AX_Plate_R_p00_0_B07f00d0.TIF","D:/2026-02-13_U2OS-Hoechst-H2AX_STC-11A-11B-Dox-BLO/Hoechst-H2AX.2026-02-13-21-50-52/Hoechst-H2AX_Plate_R_p00_0_B07f00d1.TIF","KCB25-11A","1","B07","D:/2026-02-13_U2OS-Hoechst-H2AX_STC-11A-11B-Dox-BLO/Hoechst-H2AX.2026-02-13-21-50-52","D:/2026-02-13_U2OS-Hoechst-H2AX_STC-11A-11B-Dox-BLO/Hoechst-H2AX.2026-02-13-21-50-52"
"82","D:/2026-02-13_U2OS-Hoechst-H2AX_STC-11A-11B-Dox-BLO/Hoechst-H2AX.2026-02-13-21-50-52/Hoechst-H2AX_Plate_R_p00_0_B07f01d0.TIF","D:/2026-02-13_U2OS-Hoechst-H2AX_STC-11A-11B-Dox-BLO/Hoechst-H2AX.2026-02-13-21-50-52/Hoechst-H2AX_Plate_R_p00_0_B07f01d1.TIF","KCB25-11A","1","B07","D:/2026-02-13_U2OS-Hoechst-H2AX_STC-11A-11B-Dox-BLO/Hoechst-H2AX.2026-02-13-21-50-52","D:/2026-02-13_U2OS-Hoechst-H2AX_STC-11A-11B-Dox-BLO/Hoechst-H2AX.2026-02-13-21-50-52"
"83","D:/2026-02-13_U2OS-Hoechst-H2AX_STC-11A-11B-Dox-BLO/Hoechst-H2AX.2026-02-13-21-50-52/Hoechst-H2AX_Plate_R_p00_0_B07f02d0.TIF","D:/2026-02-13_U2OS-Hoechst-H2AX_STC-11A-11B-Dox-BLO/Hoechst-H2AX.2026-02-13-21-50-52/Hoechst-H2AX_Plate_R_p00_0_B07f02d1.TIF","KCB25-11A","1","B07","D:/2026-02-13_U2OS-Hoechst-H2AX_STC-11A-11B-Dox-BLO/Hoechst-H2AX.2026-02-13-21-50-52","D:/2026-02-13_U2OS-Hoechst-H2AX_STC-11A-11B-Dox-BLO/Hoechst-H2AX.2026-02-13-21-50-52"
"84","D:/2026-02-13_U2OS-Hoechst-H2AX_STC-11A-11B-Dox-BLO/Hoechst-H2AX.2026-02-13-21-50-52/Hoechst-H2AX_Plate_R_p00_0_B07f03d0.TIF","D:/2026-02-13_U2OS-Hoechst-H2AX_STC-11A-11B-Dox-BLO/Hoechst-H2AX.2026-02-13-21-50-52/Hoechst-H2AX_Plate_R_p00_0_B07f03d1.TIF","KCB25-11A","1","B07","D:/2026-02-13_U2OS-Hoechst-H2AX_STC-11A-11B-Dox-BLO/Hoechst-H2AX.2026-02-13-21-50-52","D:/2026-02-13_U2OS-Hoechst-H2AX_STC-11A-11B-Dox-BLO/Hoechst-H2AX.2026-02-13-21-50-52"
"85","D:/2026-02-13_U2OS-Hoechst-H2AX_STC-11A-11B-Dox-BLO/Hoechst-H2AX.2026-02-13-21-50-52/Hoechst-H2AX_Plate_R_p00_0_B07f04d0.TIF","D:/2026-02-13_U2OS-Hoechst-H2AX_STC-11A-11B-Dox-BLO/Hoechst-H2AX.2026-02-13-21-50-52/Hoechst-H2AX_Plate_R_p00_0_B07f04d1.TIF","KCB25-11A","1","B07","D:/2026-02-13_U2OS-Hoechst-H2AX_STC-11A-11B-Dox-BLO/Hoechst-H2AX.2026-02-13-21-50-52","D:/2026-02-13_U2OS-Hoechst-H2AX_STC-11A-11B-Dox-BLO/Hoechst-H2AX.2026-02-13-21-50-52"
"86","D:/2026-02-13_U2OS-Hoechst-H2AX_STC-11A-11B-Dox-BLO/Hoechst-H2AX.2026-02-13-21-50-52/Hoechst-H2AX_Plate_R_p00_0_B07f05d0.TIF","D:/2026-02-13_U2OS-Hoechst-H2AX_STC-11A-11B-Dox-BLO/Hoechst-H2AX.2026-02-13-21-50-52/Hoechst-H2AX_Plate_R_p00_0_B07f05d1.TIF","KCB25-11A","1","B07","D:/2026-02-13_U2OS-Hoechst-H2AX_STC-11A-11B-Dox-BLO/Hoechst-H2AX.2026-02-13-21-50-52","D:/2026-02-13_U2OS-Hoechst-H2AX_STC-11A-11B-Dox-BLO/Hoechst-H2AX.2026-02-13-21-50-52"
"87","D:/2026-02-13_U2OS-Hoechst-H2AX_STC-11A-11B-Dox-BLO/Hoechst-H2AX.2026-02-13-21-50-52/Hoechst-H2AX_Plate_R_p00_0_B07f06d0.TIF","D:/2026-02-13_U2OS-Hoechst-H2AX_STC-11A-11B-Dox-BLO/Hoechst-H2AX.2026-02-13-21-50-52/Hoechst-H2AX_Plate_R_p00_0_B07f06d1.TIF","KCB25-11A","1","B07","D:/2026-02-13_U2OS-Hoechst-H2AX_STC-11A-11B-Dox-BLO/Hoechst-H2AX.2026-02-13-21-50-52","D:/2026-02-13_U2OS-Hoechst-H2AX_STC-11A-11B-Dox-BLO/Hoechst-H2AX.2026-02-13-21-50-52"
"88","D:/2026-02-13_U2OS-Hoechst-H2AX_STC-11A-11B-Dox-BLO/Hoechst-H2AX.2026-02-13-21-50-52/Hoechst-H2AX_Plate_R_p00_0_B07f07d0.TIF","D:/2026-02-13_U2OS-Hoechst-H2AX_STC-11A-11B-Dox-BLO/Hoechst-H2AX.2026-02-13-21-50-52/Hoechst-H2AX_Plate_R_p00_0_B07f07d1.TIF","KCB25-11A","1","B07","D:/2026-02-13_U2OS-Hoechst-H2AX_STC-11A-11B-Dox-BLO/Hoechst-H2AX.2026-02-13-21-50-52","D:/2026-02-13_U2OS-Hoechst-H2AX_STC-11A-11B-Dox-BLO/Hoechst-H2AX.2026-02-13-21-50-52"
"89","D:/2026-02-13_U2OS-Hoechst-H2AX_STC-11A-11B-Dox-BLO/Hoechst-H2AX.2026-02-13-21-50-52/Hoechst-H2AX_Plate_R_p00_0_B07f08d0.TIF","D:/2026-02-13_U2OS-Hoechst-H2AX_STC-11A-11B-Dox-BLO/Hoechst-H2AX.2026-02-13-21-50-52/Hoechst-H2AX_Plate_R_p00_0_B07f08d1.TIF","KCB25-11A","1","B07","D:/2026-02-13_U2OS-Hoechst-H2AX_STC-11A-11B-Dox-BLO/Hoechst-H2AX.2026-02-13-21-50-52","D:/2026-02-13_U2OS-Hoechst-H2AX_STC-11A-11B-Dox-BLO/Hoechst-H2AX.2026-02-13-21-50-52"
"90","D:/2026-02-13_U2OS-Hoechst-H2AX_STC-11A-11B-Dox-BLO/Hoechst-H2AX.2026-02-13-21-50-52/Hoechst-H2AX_Plate_R_p00_0_B07f09d0.TIF","D:/2026-02-13_U2OS-Hoechst-H2AX_STC-11A-11B-Dox-BLO/Hoechst-H2AX.2026-02-13-21-50-52/Hoechst-H2AX_Plate_R_p00_0_B07f09d1.TIF","KCB25-11A","1","B07","D:/2026-02-13_U2OS-Hoechst-H2AX_STC-11A-11B-Dox-BLO/Hoechst-H2AX.2026-02-13-21-50-52","D:/2026-02-13_U2OS-Hoechst-H2AX_STC-11A-11B-Dox-BLO/Hoechst-H2AX.2026-02-13-21-50-52"
"91","D:/2026-02-13_U2OS-Hoechst-H2AX_STC-11A-11B-Dox-BLO/Hoechst-H2AX.2026-02-13-21-50-52/Hoechst-H2AX_Plate_R_p00_0_B07f10d0.TIF","D:/2026-02-13_U2OS-Hoechst-H2AX_STC-11A-11B-Dox-BLO/Hoechst-H2AX.2026-02-13-21-50-52/Hoechst-H2AX_Plate_R_p00_0_B07f10d1.TIF","KCB25-11A","1","B07","D:/2026-02-13_U2OS-Hoechst-H2AX_STC-11A-11B-Dox-BLO/Hoechst-H2AX.2026-02-13-21-50-52","D:/2026-02-13_U2OS-Hoechst-H2AX_STC-11A-11B-Dox-BLO/Hoechst-H2AX.2026-02-13-21-50-52"
"92","D:/2026-02-13_U2OS-Hoechst-H2AX_STC-11A-11B-Dox-BLO/Hoechst-H2AX.2026-02-13-21-50-52/Hoechst-H2AX_Plate_R_p00_0_B07f11d0.TIF","D:/2026-02-13_U2OS-Hoechst-H2AX_STC-11A-11B-Dox-BLO/Hoechst-H2AX.2026-02-13-21-50-52/Hoechst-H2AX_Plate_R_p00_0_B07f11d1.TIF","KCB25-11A","1","B07","D:/2026-02-13_U2OS-Hoechst-H2AX_STC-11A-11B-Dox-BLO/Hoechst-H2AX.2026-02-13-21-50-52","D:/2026-02-13_U2OS-Hoechst-H2AX_STC-11A-11B-Dox-BLO/Hoechst-H2AX.2026-02-13-21-50-52"
"93","D:/2026-02-13_U2OS-Hoechst-H2AX_STC-11A-11B-Dox-BLO/Hoechst-H2AX.2026-02-13-21-50-52/Hoechst-H2AX_Plate_R_p00_0_B07f12d0.TIF","D:/2026-02-13_U2OS-Hoechst-H2AX_STC-11A-11B-Dox-BLO/Hoechst-H2AX.2026-02-13-21-50-52/Hoechst-H2AX_Plate_R_p00_0_B07f12d1.TIF","KCB25-11A","1","B07","D:/2026-02-13_U2OS-Hoechst-H2AX_STC-11A-11B-Dox-BLO/Hoechst-H2AX.2026-02-13-21-50-52","D:/2026-02-13_U2OS-Hoechst-H2AX_STC-11A-11B-Dox-BLO/Hoechst-H2AX.2026-02-13-21-50-52"
"94","D:/2026-02-13_U2OS-Hoechst-H2AX_STC-11A-11B-Dox-BLO/Hoechst-H2AX.2026-02-13-21-50-52/Hoechst-H2AX_Plate_R_p00_0_B07f13d0.TIF","D:/2026-02-13_U2OS-Hoechst-H2AX_STC-11A-11B-Dox-BLO/Hoechst-H2AX.2026-02-13-21-50-52/Hoechst-H2AX_Plate_R_p00_0_B07f13d1.TIF","KCB25-11A","1","B07","D:/2026-02-13_U2OS-Hoechst-H2AX_STC-11A-11B-Dox-BLO/Hoechst-H2AX.2026-02-13-21-50-52","D:/2026-02-13_U2OS-Hoechst-H2AX_STC-11A-11B-Dox-BLO/Hoechst-H2AX.2026-02-13-21-50-52"
"95","D:/2026-02-13_U2OS-Hoechst-H2AX_STC-11A-11B-Dox-BLO/Hoechst-H2AX.2026-02-13-21-50-52/Hoechst-H2AX_Plate_R_p00_0_B07f14d0.TIF","D:/2026-02-13_U2OS-Hoechst-H2AX_STC-11A-11B-Dox-BLO/Hoechst-H2AX.2026-02-13-21-50-52/Hoechst-H2AX_Plate_R_p00_0_B07f14d1.TIF","KCB25-11A","1","B07","D:/2026-02-13_U2OS-Hoechst-H2AX_STC-11A-11B-Dox-BLO/Hoechst-H2AX.2026-02-13-21-50-52","D:/2026-02-13_U2OS-Hoechst-H2AX_STC-11A-11B-Dox-BLO/Hoechst-H2AX.2026-02-13-21-50-52"
"96","D:/2026-02-13_U2OS-Hoechst-H2AX_STC-11A-11B-Dox-BLO/Hoechst-H2AX.2026-02-13-21-50-52/Hoechst-H2AX_Plate_R_p00_0_B07f15d0.TIF","D:/2026-02-13_U2OS-Hoechst-H2AX_STC-11A-11B-Dox-BLO/Hoechst-H2AX.2026-02-13-21-50-52/Hoechst-H2AX_Plate_R_p00_0_B07f15d1.TIF","KCB25-11A","1","B07","D:/2026-02-13_U2OS-Hoechst-H2AX_STC-11A-11B-Dox-BLO/Hoechst-H2AX.2026-02-13-21-50-52","D:/2026-02-13_U2OS-Hoechst-H2AX_STC-11A-11B-Dox-BLO/Hoechst-H2AX.2026-02-13-21-50-52"
"97","D:/2026-02-13_U2OS-Hoechst-H2AX_STC-11A-11B-Dox-BLO/Hoechst-H2AX.2026-02-13-21-50-52/Hoechst-H2AX_Plate_R_p00_0_B08f00d0.TIF","D:/2026-02-13_U2OS-Hoechst-H2AX_STC-11A-11B-Dox-BLO/Hoechst-H2AX.2026-02-13-21-50-52/Hoechst-H2AX_Plate_R_p00_0_B08f00d1.TIF","KCB25-11A","0.3","B08","D:/2026-02-13_U2OS-Hoechst-H2AX_STC-11A-11B-Dox-BLO/Hoechst-H2AX.2026-02-13-21-50-52","D:/2026-02-13_U2OS-Hoechst-H2AX_STC-11A-11B-Dox-BLO/Hoechst-H2AX.2026-02-13-21-50-52"
"98","D:/2026-02-13_U2OS-Hoechst-H2AX_STC-11A-11B-Dox-BLO/Hoechst-H2AX.2026-02-13-21-50-52/Hoechst-H2AX_Plate_R_p00_0_B08f01d0.TIF","D:/2026-02-13_U2OS-Hoechst-H2AX_STC-11A-11B-Dox-BLO/Hoechst-H2AX.2026-02-13-21-50-52/Hoechst-H2AX_Plate_R_p00_0_B08f01d1.TIF","KCB25-11A","0.3","B08","D:/2026-02-13_U2OS-Hoechst-H2AX_STC-11A-11B-Dox-BLO/Hoechst-H2AX.2026-02-13-21-50-52","D:/2026-02-13_U2OS-Hoechst-H2AX_STC-11A-11B-Dox-BLO/Hoechst-H2AX.2026-02-13-21-50-52"
"99","D:/2026-02-13_U2OS-Hoechst-H2AX_STC-11A-11B-Dox-BLO/Hoechst-H2AX.2026-02-13-21-50-52/Hoechst-H2AX_Plate_R_p00_0_B08f02d0.TIF","D:/2026-02-13_U2OS-Hoechst-H2AX_STC-11A-11B-Dox-BLO/Hoechst-H2AX.2026-02-13-21-50-52/Hoechst-H2AX_Plate_R_p00_0_B08f02d1.TIF","KCB25-11A","0.3","B08","D:/2026-02-13_U2OS-Hoechst-H2AX_STC-11A-11B-Dox-BLO/Hoechst-H2AX.2026-02-13-21-50-52","D:/2026-02-13_U2OS-Hoechst-H2AX_STC-11A-11B-Dox-BLO/Hoechst-H2AX.2026-02-13-21-50-52"
"100","D:/2026-02-13_U2OS-Hoechst-H2AX_STC-11A-11B-Dox-BLO/Hoechst-H2AX.2026-02-13-21-50-52/Hoechst-H2AX_Plate_R_p00_0_B08f03d0.TIF","D:/2026-02-13_U2OS-Hoechst-H2AX_STC-11A-11B-Dox-BLO/Hoechst-H2AX.2026-02-13-21-50-52/Hoechst-H2AX_Plate_R_p00_0_B08f03d1.TIF","KCB25-11A","0.3","B08","D:/2026-02-13_U2OS-Hoechst-H2AX_STC-11A-11B-Dox-BLO/Hoechst-H2AX.2026-02-13-21-50-52","D:/2026-02-13_U2OS-Hoechst-H2AX_STC-11A-11B-Dox-BLO/Hoechst-H2AX.2026-02-13-21-50-52"
"101","D:/2026-02-13_U2OS-Hoechst-H2AX_STC-11A-11B-Dox-BLO/Hoechst-H2AX.2026-02-13-21-50-52/Hoechst-H2AX_Plate_R_p00_0_B08f04d0.TIF","D:/2026-02-13_U2OS-Hoechst-H2AX_STC-11A-11B-Dox-BLO/Hoechst-H2AX.2026-02-13-21-50-52/Hoechst-H2AX_Plate_R_p00_0_B08f04d1.TIF","KCB25-11A","0.3","B08","D:/2026-02-13_U2OS-Hoechst-H2AX_STC-11A-11B-Dox-BLO/Hoechst-H2AX.2026-02-13-21-50-52","D:/2026-02-13_U2OS-Hoechst-H2AX_STC-11A-11B-Dox-BLO/Hoechst-H2AX.2026-02-13-21-50-52"
"102","D:/2026-02-13_U2OS-Hoechst-H2AX_STC-11A-11B-Dox-BLO/Hoechst-H2AX.2026-02-13-21-50-52/Hoechst-H2AX_Plate_R_p00_0_B08f05d0.TIF","D:/2026-02-13_U2OS-Hoechst-H2AX_STC-11A-11B-Dox-BLO/Hoechst-H2AX.2026-02-13-21-50-52/Hoechst-H2AX_Plate_R_p00_0_B08f05d1.TIF","KCB25-11A","0.3","B08","D:/2026-02-13_U2OS-Hoechst-H2AX_STC-11A-11B-Dox-BLO/Hoechst-H2AX.2026-02-13-21-50-52","D:/2026-02-13_U2OS-Hoechst-H2AX_STC-11A-11B-Dox-BLO/Hoechst-H2AX.2026-02-13-21-50-52"
"103","D:/2026-02-13_U2OS-Hoechst-H2AX_STC-11A-11B-Dox-BLO/Hoechst-H2AX.2026-02-13-21-50-52/Hoechst-H2AX_Plate_R_p00_0_B08f06d0.TIF","D:/2026-02-13_U2OS-Hoechst-H2AX_STC-11A-11B-Dox-BLO/Hoechst-H2AX.2026-02-13-21-50-52/Hoechst-H2AX_Plate_R_p00_0_B08f06d1.TIF","KCB25-11A","0.3","B08","D:/2026-02-13_U2OS-Hoechst-H2AX_STC-11A-11B-Dox-BLO/Hoechst-H2AX.2026-02-13-21-50-52","D:/2026-02-13_U2OS-Hoechst-H2AX_STC-11A-11B-Dox-BLO/Hoechst-H2AX.2026-02-13-21-50-52"
"104","D:/2026-02-13_U2OS-Hoechst-H2AX_STC-11A-11B-Dox-BLO/Hoechst-H2AX.2026-02-13-21-50-52/Hoechst-H2AX_Plate_R_p00_0_B08f07d0.TIF","D:/2026-02-13_U2OS-Hoechst-H2AX_STC-11A-11B-Dox-BLO/Hoechst-H2AX.2026-02-13-21-50-52/Hoechst-H2AX_Plate_R_p00_0_B08f07d1.TIF","KCB25-11A","0.3","B08","D:/2026-02-13_U2OS-Hoechst-H2AX_STC-11A-11B-Dox-BLO/Hoechst-H2AX.2026-02-13-21-50-52","D:/2026-02-13_U2OS-Hoechst-H2AX_STC-11A-11B-Dox-BLO/Hoechst-H2AX.2026-02-13-21-50-52"
"105","D:/2026-02-13_U2OS-Hoechst-H2AX_STC-11A-11B-Dox-BLO/Hoechst-H2AX.2026-02-13-21-50-52/Hoechst-H2AX_Plate_R_p00_0_B08f08d0.TIF","D:/2026-02-13_U2OS-Hoechst-H2AX_STC-11A-11B-Dox-BLO/Hoechst-H2AX.2026-02-13-21-50-52/Hoechst-H2AX_Plate_R_p00_0_B08f08d1.TIF","KCB25-11A","0.3","B08","D:/2026-02-13_U2OS-Hoechst-H2AX_STC-11A-11B-Dox-BLO/Hoechst-H2AX.2026-02-13-21-50-52","D:/2026-02-13_U2OS-Hoechst-H2AX_STC-11A-11B-Dox-BLO/Hoechst-H2AX.2026-02-13-21-50-52"
"106","D:/2026-02-13_U2OS-Hoechst-H2AX_STC-11A-11B-Dox-BLO/Hoechst-H2AX.2026-02-13-21-50-52/Hoechst-H2AX_Plate_R_p00_0_B08f09d0.TIF","D:/2026-02-13_U2OS-Hoechst-H2AX_STC-11A-11B-Dox-BLO/Hoechst-H2AX.2026-02-13-21-50-52/Hoechst-H2AX_Plate_R_p00_0_B08f09d1.TIF","KCB25-11A","0.3","B08","D:/2026-02-13_U2OS-Hoechst-H2AX_STC-11A-11B-Dox-BLO/Hoechst-H2AX.2026-02-13-21-50-52","D:/2026-02-13_U2OS-Hoechst-H2AX_STC-11A-11B-Dox-BLO/Hoechst-H2AX.2026-02-13-21-50-52"
"107","D:/2026-02-13_U2OS-Hoechst-H2AX_STC-11A-11B-Dox-BLO/Hoechst-H2AX.2026-02-13-21-50-52/Hoechst-H2AX_Plate_R_p00_0_B08f10d0.TIF","D:/2026-02-13_U2OS-Hoechst-H2AX_STC-11A-11B-Dox-BLO/Hoechst-H2AX.2026-02-13-21-50-52/Hoechst-H2AX_Plate_R_p00_0_B08f10d1.TIF","KCB25-11A","0.3","B08","D:/2026-02-13_U2OS-Hoechst-H2AX_STC-11A-11B-Dox-BLO/Hoechst-H2AX.2026-02-13-21-50-52","D:/2026-02-13_U2OS-Hoechst-H2AX_STC-11A-11B-Dox-BLO/Hoechst-H2AX.2026-02-13-21-50-52"
"108","D:/2026-02-13_U2OS-Hoechst-H2AX_STC-11A-11B-Dox-BLO/Hoechst-H2AX.2026-02-13-21-50-52/Hoechst-H2AX_Plate_R_p00_0_B08f11d0.TIF","D:/2026-02-13_U2OS-Hoechst-H2AX_STC-11A-11B-Dox-BLO/Hoechst-H2AX.2026-02-13-21-50-52/Hoechst-H2AX_Plate_R_p00_0_B08f11d1.TIF","KCB25-11A","0.3","B08","D:/2026-02-13_U2OS-Hoechst-H2AX_STC-11A-11B-Dox-BLO/Hoechst-H2AX.2026-02-13-21-50-52","D:/2026-02-13_U2OS-Hoechst-H2AX_STC-11A-11B-Dox-BLO/Hoechst-H2AX.2026-02-13-21-50-52"
"109","D:/2026-02-13_U2OS-Hoechst-H2AX_STC-11A-11B-Dox-BLO/Hoechst-H2AX.2026-02-13-21-50-52/Hoechst-H2AX_Plate_R_p00_0_B08f12d0.TIF","D:/2026-02-13_U2OS-Hoechst-H2AX_STC-11A-11B-Dox-BLO/Hoechst-H2AX.2026-02-13-21-50-52/Hoechst-H2AX_Plate_R_p00_0_B08f12d1.TIF","KCB25-11A","0.3","B08","D:/2026-02-13_U2OS-Hoechst-H2AX_STC-11A-11B-Dox-BLO/Hoechst-H2AX.2026-02-13-21-50-52","D:/2026-02-13_U2OS-Hoechst-H2AX_STC-11A-11B-Dox-BLO/Hoechst-H2AX.2026-02-13-21-50-52"
"110","D:/2026-02-13_U2OS-Hoechst-H2AX_STC-11A-11B-Dox-BLO/Hoechst-H2AX.2026-02-13-21-50-52/Hoechst-H2AX_Plate_R_p00_0_B08f13d0.TIF","D:/2026-02-13_U2OS-Hoechst-H2AX_STC-11A-11B-Dox-BLO/Hoechst-H2AX.2026-02-13-21-50-52/Hoechst-H2AX_Plate_R_p00_0_B08f13d1.TIF","KCB25-11A","0.3","B08","D:/2026-02-13_U2OS-Hoechst-H2AX_STC-11A-11B-Dox-BLO/Hoechst-H2AX.2026-02-13-21-50-52","D:/2026-02-13_U2OS-Hoechst-H2AX_STC-11A-11B-Dox-BLO/Hoechst-H2AX.2026-02-13-21-50-52"
"111","D:/2026-02-13_U2OS-Hoechst-H2AX_STC-11A-11B-Dox-BLO/Hoechst-H2AX.2026-02-13-21-50-52/Hoechst-H2AX_Plate_R_p00_0_B08f14d0.TIF","D:/2026-02-13_U2OS-Hoechst-H2AX_STC-11A-11B-Dox-BLO/Hoechst-H2AX.2026-02-13-21-50-52/Hoechst-H2AX_Plate_R_p00_0_B08f14d1.TIF","KCB25-11A","0.3","B08","D:/2026-02-13_U2OS-Hoechst-H2AX_STC-11A-11B-Dox-BLO/Hoechst-H2AX.2026-02-13-21-50-52","D:/2026-02-13_U2OS-Hoechst-H2AX_STC-11A-11B-Dox-BLO/Hoechst-H2AX.2026-02-13-21-50-52"
"112","D:/2026-02-13_U2OS-Hoechst-H2AX_STC-11A-11B-Dox-BLO/Hoechst-H2AX.2026-02-13-21-50-52/Hoechst-H2AX_Plate_R_p00_0_B08f15d0.TIF","D:/2026-02-13_U2OS-Hoechst-H2AX_STC-11A-11B-Dox-BLO/Hoechst-H2AX.2026-02-13-21-50-52/Hoechst-H2AX_Plate_R_p00_0_B08f15d1.TIF","KCB25-11A","0.3","B08","D:/2026-02-13_U2OS-Hoechst-H2AX_STC-11A-11B-Dox-BLO/Hoechst-H2AX.2026-02-13-21-50-52","D:/2026-02-13_U2OS-Hoechst-H2AX_STC-11A-11B-Dox-BLO/Hoechst-H2AX.2026-02-13-21-50-52"
"113","D:/2026-02-13_U2OS-Hoechst-H2AX_STC-11A-11B-Dox-BLO/Hoechst-H2AX.2026-02-13-21-50-52/Hoechst-H2AX_Plate_R_p00_0_B09f00d0.TIF","D:/2026-02-13_U2OS-Hoechst-H2AX_STC-11A-11B-Dox-BLO/Hoechst-H2AX.2026-02-13-21-50-52/Hoechst-H2AX_Plate_R_p00_0_B09f00d1.TIF","KCB25-11A","0.1","B09","D:/2026-02-13_U2OS-Hoechst-H2AX_STC-11A-11B-Dox-BLO/Hoechst-H2AX.2026-02-13-21-50-52","D:/2026-02-13_U2OS-Hoechst-H2AX_STC-11A-11B-Dox-BLO/Hoechst-H2AX.2026-02-13-21-50-52"
"114","D:/2026-02-13_U2OS-Hoechst-H2AX_STC-11A-11B-Dox-BLO/Hoechst-H2AX.2026-02-13-21-50-52/Hoechst-H2AX_Plate_R_p00_0_B09f01d0.TIF","D:/2026-02-13_U2OS-Hoechst-H2AX_STC-11A-11B-Dox-BLO/Hoechst-H2AX.2026-02-13-21-50-52/Hoechst-H2AX_Plate_R_p00_0_B09f01d1.TIF","KCB25-11A","0.1","B09","D:/2026-02-13_U2OS-Hoechst-H2AX_STC-11A-11B-Dox-BLO/Hoechst-H2AX.2026-02-13-21-50-52","D:/2026-02-13_U2OS-Hoechst-H2AX_STC-11A-11B-Dox-BLO/Hoechst-H2AX.2026-02-13-21-50-52"
"115","D:/2026-02-13_U2OS-Hoechst-H2AX_STC-11A-11B-Dox-BLO/Hoechst-H2AX.2026-02-13-21-50-52/Hoechst-H2AX_Plate_R_p00_0_B09f02d0.TIF","D:/2026-02-13_U2OS-Hoechst-H2AX_STC-11A-11B-Dox-BLO/Hoechst-H2AX.2026-02-13-21-50-52/Hoechst-H2AX_Plate_R_p00_0_B09f02d1.TIF","KCB25-11A","0.1","B09","D:/2026-02-13_U2OS-Hoechst-H2AX_STC-11A-11B-Dox-BLO/Hoechst-H2AX.2026-02-13-21-50-52","D:/2026-02-13_U2OS-Hoechst-H2AX_STC-11A-11B-Dox-BLO/Hoechst-H2AX.2026-02-13-21-50-52"
"116","D:/2026-02-13_U2OS-Hoechst-H2AX_STC-11A-11B-Dox-BLO/Hoechst-H2AX.2026-02-13-21-50-52/Hoechst-H2AX_Plate_R_p00_0_B09f03d0.TIF","D:/2026-02-13_U2OS-Hoechst-H2AX_STC-11A-11B-Dox-BLO/Hoechst-H2AX.2026-02-13-21-50-52/Hoechst-H2AX_Plate_R_p00_0_B09f03d1.TIF","KCB25-11A","0.1","B09","D:/2026-02-13_U2OS-Hoechst-H2AX_STC-11A-11B-Dox-BLO/Hoechst-H2AX.2026-02-13-21-50-52","D:/2026-02-13_U2OS-Hoechst-H2AX_STC-11A-11B-Dox-BLO/Hoechst-H2AX.2026-02-13-21-50-52"
"117","D:/2026-02-13_U2OS-Hoechst-H2AX_STC-11A-11B-Dox-BLO/Hoechst-H2AX.2026-02-13-21-50-52/Hoechst-H2AX_Plate_R_p00_0_B09f04d0.TIF","D:/2026-02-13_U2OS-Hoechst-H2AX_STC-11A-11B-Dox-BLO/Hoechst-H2AX.2026-02-13-21-50-52/Hoechst-H2AX_Plate_R_p00_0_B09f04d1.TIF","KCB25-11A","0.1","B09","D:/2026-02-13_U2OS-Hoechst-H2AX_STC-11A-11B-Dox-BLO/Hoechst-H2AX.2026-02-13-21-50-52","D:/2026-02-13_U2OS-Hoechst-H2AX_STC-11A-11B-Dox-BLO/Hoechst-H2AX.2026-02-13-21-50-52"
"118","D:/2026-02-13_U2OS-Hoechst-H2AX_STC-11A-11B-Dox-BLO/Hoechst-H2AX.2026-02-13-21-50-52/Hoechst-H2AX_Plate_R_p00_0_B09f05d0.TIF","D:/2026-02-13_U2OS-Hoechst-H2AX_STC-11A-11B-Dox-BLO/Hoechst-H2AX.2026-02-13-21-50-52/Hoechst-H2AX_Plate_R_p00_0_B09f05d1.TIF","KCB25-11A","0.1","B09","D:/2026-02-13_U2OS-Hoechst-H2AX_STC-11A-11B-Dox-BLO/Hoechst-H2AX.2026-02-13-21-50-52","D:/2026-02-13_U2OS-Hoechst-H2AX_STC-11A-11B-Dox-BLO/Hoechst-H2AX.2026-02-13-21-50-52"
"119","D:/2026-02-13_U2OS-Hoechst-H2AX_STC-11A-11B-Dox-BLO/Hoechst-H2AX.2026-02-13-21-50-52/Hoechst-H2AX_Plate_R_p00_0_B09f06d0.TIF","D:/2026-02-13_U2OS-Hoechst-H2AX_STC-11A-11B-Dox-BLO/Hoechst-H2AX.2026-02-13-21-50-52/Hoechst-H2AX_Plate_R_p00_0_B09f06d1.TIF","KCB25-11A","0.1","B09","D:/2026-02-13_U2OS-Hoechst-H2AX_STC-11A-11B-Dox-BLO/Hoechst-H2AX.2026-02-13-21-50-52","D:/2026-02-13_U2OS-Hoechst-H2AX_STC-11A-11B-Dox-BLO/Hoechst-H2AX.2026-02-13-21-50-52"
"120","D:/2026-02-13_U2OS-Hoechst-H2AX_STC-11A-11B-Dox-BLO/Hoechst-H2AX.2026-02-13-21-50-52/Hoechst-H2AX_Plate_R_p00_0_B09f07d0.TIF","D:/2026-02-13_U2OS-Hoechst-H2AX_STC-11A-11B-Dox-BLO/Hoechst-H2AX.2026-02-13-21-50-52/Hoechst-H2AX_Plate_R_p00_0_B09f07d1.TIF","KCB25-11A","0.1","B09","D:/2026-02-13_U2OS-Hoechst-H2AX_STC-11A-11B-Dox-BLO/Hoechst-H2AX.2026-02-13-21-50-52","D:/2026-02-13_U2OS-Hoechst-H2AX_STC-11A-11B-Dox-BLO/Hoechst-H2AX.2026-02-13-21-50-52"
"121","D:/2026-02-13_U2OS-Hoechst-H2AX_STC-11A-11B-Dox-BLO/Hoechst-H2AX.2026-02-13-21-50-52/Hoechst-H2AX_Plate_R_p00_0_B09f08d0.TIF","D:/2026-02-13_U2OS-Hoechst-H2AX_STC-11A-11B-Dox-BLO/Hoechst-H2AX.2026-02-13-21-50-52/Hoechst-H2AX_Plate_R_p00_0_B09f08d1.TIF","KCB25-11A","0.1","B09","D:/2026-02-13_U2OS-Hoechst-H2AX_STC-11A-11B-Dox-BLO/Hoechst-H2AX.2026-02-13-21-50-52","D:/2026-02-13_U2OS-Hoechst-H2AX_STC-11A-11B-Dox-BLO/Hoechst-H2AX.2026-02-13-21-50-52"
"122","D:/2026-02-13_U2OS-Hoechst-H2AX_STC-11A-11B-Dox-BLO/Hoechst-H2AX.2026-02-13-21-50-52/Hoechst-H2AX_Plate_R_p00_0_B09f09d0.TIF","D:/2026-02-13_U2OS-Hoechst-H2AX_STC-11A-11B-Dox-BLO/Hoechst-H2AX.2026-02-13-21-50-52/Hoechst-H2AX_Plate_R_p00_0_B09f09d1.TIF","KCB25-11A","0.1","B09","D:/2026-02-13_U2OS-Hoechst-H2AX_STC-11A-11B-Dox-BLO/Hoechst-H2AX.2026-02-13-21-50-52","D:/2026-02-13_U2OS-Hoechst-H2AX_STC-11A-11B-Dox-BLO/Hoechst-H2AX.2026-02-13-21-50-52"
"123","D:/2026-02-13_U2OS-Hoechst-H2AX_STC-11A-11B-Dox-BLO/Hoechst-H2AX.2026-02-13-21-50-52/Hoechst-H2AX_Plate_R_p00_0_B09f10d0.TIF","D:/2026-02-13_U2OS-Hoechst-H2AX_STC-11A-11B-Dox-BLO/Hoechst-H2AX.2026-02-13-21-50-52/Hoechst-H2AX_Plate_R_p00_0_B09f10d1.TIF","KCB25-11A","0.1","B09","D:/2026-02-13_U2OS-Hoechst-H2AX_STC-11A-11B-Dox-BLO/Hoechst-H2AX.2026-02-13-21-50-52","D:/2026-02-13_U2OS-Hoechst-H2AX_STC-11A-11B-Dox-BLO/Hoechst-H2AX.2026-02-13-21-50-52"
"124","D:/2026-02-13_U2OS-Hoechst-H2AX_STC-11A-11B-Dox-BLO/Hoechst-H2AX.2026-02-13-21-50-52/Hoechst-H2AX_Plate_R_p00_0_B09f11d0.TIF","D:/2026-02-13_U2OS-Hoechst-H2AX_STC-11A-11B-Dox-BLO/Hoechst-H2AX.2026-02-13-21-50-52/Hoechst-H2AX_Plate_R_p00_0_B09f11d1.TIF","KCB25-11A","0.1","B09","D:/2026-02-13_U2OS-Hoechst-H2AX_STC-11A-11B-Dox-BLO/Hoechst-H2AX.2026-02-13-21-50-52","D:/2026-02-13_U2OS-Hoechst-H2AX_STC-11A-11B-Dox-BLO/Hoechst-H2AX.2026-02-13-21-50-52"
"125","D:/2026-02-13_U2OS-Hoechst-H2AX_STC-11A-11B-Dox-BLO/Hoechst-H2AX.2026-02-13-21-50-52/Hoechst-H2AX_Plate_R_p00_0_B09f12d0.TIF","D:/2026-02-13_U2OS-Hoechst-H2AX_STC-11A-11B-Dox-BLO/Hoechst-H2AX.2026-02-13-21-50-52/Hoechst-H2AX_Plate_R_p00_0_B09f12d1.TIF","KCB25-11A","0.1","B09","D:/2026-02-13_U2OS-Hoechst-H2AX_STC-11A-11B-Dox-BLO/Hoechst-H2AX.2026-02-13-21-50-52","D:/2026-02-13_U2OS-Hoechst-H2AX_STC-11A-11B-Dox-BLO/Hoechst-H2AX.2026-02-13-21-50-52"
"126","D:/2026-02-13_U2OS-Hoechst-H2AX_STC-11A-11B-Dox-BLO/Hoechst-H2AX.2026-02-13-21-50-52/Hoechst-H2AX_Plate_R_p00_0_B09f13d0.TIF","D:/2026-02-13_U2OS-Hoechst-H2AX_STC-11A-11B-Dox-BLO/Hoechst-H2AX.2026-02-13-21-50-52/Hoechst-H2AX_Plate_R_p00_0_B09f13d1.TIF","KCB25-11A","0.1","B09","D:/2026-02-13_U2OS-Hoechst-H2AX_STC-11A-11B-Dox-BLO/Hoechst-H2AX.2026-02-13-21-50-52","D:/2026-02-13_U2OS-Hoechst-H2AX_STC-11A-11B-Dox-BLO/Hoechst-H2AX.2026-02-13-21-50-52"
"127","D:/2026-02-13_U2OS-Hoechst-H2AX_STC-11A-11B-Dox-BLO/Hoechst-H2AX.2026-02-13-21-50-52/Hoechst-H2AX_Plate_R_p00_0_B09f14d0.TIF","D:/2026-02-13_U2OS-Hoechst-H2AX_STC-11A-11B-Dox-BLO/Hoechst-H2AX.2026-02-13-21-50-52/Hoechst-H2AX_Plate_R_p00_0_B09f14d1.TIF","KCB25-11A","0.1","B09","D:/2026-02-13_U2OS-Hoechst-H2AX_STC-11A-11B-Dox-BLO/Hoechst-H2AX.2026-02-13-21-50-52","D:/2026-02-13_U2OS-Hoechst-H2AX_STC-11A-11B-Dox-BLO/Hoechst-H2AX.2026-02-13-21-50-52"
"128","D:/2026-02-13_U2OS-Hoechst-H2AX_STC-11A-11B-Dox-BLO/Hoechst-H2AX.2026-02-13-21-50-52/Hoechst-H2AX_Plate_R_p00_0_B09f15d0.TIF","D:/2026-02-13_U2OS-Hoechst-H2AX_STC-11A-11B-Dox-BLO/Hoechst-H2AX.2026-02-13-21-50-52/Hoechst-H2AX_Plate_R_p00_0_B09f15d1.TIF","KCB25-11A","0.1","B09","D:/2026-02-13_U2OS-Hoechst-H2AX_STC-11A-11B-Dox-BLO/Hoechst-H2AX.2026-02-13-21-50-52","D:/2026-02-13_U2OS-Hoechst-H2AX_STC-11A-11B-Dox-BLO/Hoechst-H2AX.2026-02-13-21-50-52"
"129","D:/2026-02-13_U2OS-Hoechst-H2AX_STC-11A-11B-Dox-BLO/Hoechst-H2AX.2026-02-13-21-50-52/Hoechst-H2AX_Plate_R_p00_0_B10f00d0.TIF","D:/2026-02-13_U2OS-Hoechst-H2AX_STC-11A-11B-Dox-BLO/Hoechst-H2AX.2026-02-13-21-50-52/Hoechst-H2AX_Plate_R_p00_0_B10f00d1.TIF","Sterigmatocystin","10","B10","D:/2026-02-13_U2OS-Hoechst-H2AX_STC-11A-11B-Dox-BLO/Hoechst-H2AX.2026-02-13-21-50-52","D:/2026-02-13_U2OS-Hoechst-H2AX_STC-11A-11B-Dox-BLO/Hoechst-H2AX.2026-02-13-21-50-52"
"130","D:/2026-02-13_U2OS-Hoechst-H2AX_STC-11A-11B-Dox-BLO/Hoechst-H2AX.2026-02-13-21-50-52/Hoechst-H2AX_Plate_R_p00_0_B10f01d0.TIF","D:/2026-02-13_U2OS-Hoechst-H2AX_STC-11A-11B-Dox-BLO/Hoechst-H2AX.2026-02-13-21-50-52/Hoechst-H2AX_Plate_R_p00_0_B10f01d1.TIF","Sterigmatocystin","10","B10","D:/2026-02-13_U2OS-Hoechst-H2AX_STC-11A-11B-Dox-BLO/Hoechst-H2AX.2026-02-13-21-50-52","D:/2026-02-13_U2OS-Hoechst-H2AX_STC-11A-11B-Dox-BLO/Hoechst-H2AX.2026-02-13-21-50-52"
"131","D:/2026-02-13_U2OS-Hoechst-H2AX_STC-11A-11B-Dox-BLO/Hoechst-H2AX.2026-02-13-21-50-52/Hoechst-H2AX_Plate_R_p00_0_B10f02d0.TIF","D:/2026-02-13_U2OS-Hoechst-H2AX_STC-11A-11B-Dox-BLO/Hoechst-H2AX.2026-02-13-21-50-52/Hoechst-H2AX_Plate_R_p00_0_B10f02d1.TIF","Sterigmatocystin","10","B10","D:/2026-02-13_U2OS-Hoechst-H2AX_STC-11A-11B-Dox-BLO/Hoechst-H2AX.2026-02-13-21-50-52","D:/2026-02-13_U2OS-Hoechst-H2AX_STC-11A-11B-Dox-BLO/Hoechst-H2AX.2026-02-13-21-50-52"
"132","D:/2026-02-13_U2OS-Hoechst-H2AX_STC-11A-11B-Dox-BLO/Hoechst-H2AX.2026-02-13-21-50-52/Hoechst-H2AX_Plate_R_p00_0_B10f03d0.TIF","D:/2026-02-13_U2OS-Hoechst-H2AX_STC-11A-11B-Dox-BLO/Hoechst-H2AX.2026-02-13-21-50-52/Hoechst-H2AX_Plate_R_p00_0_B10f03d1.TIF","Sterigmatocystin","10","B10","D:/2026-02-13_U2OS-Hoechst-H2AX_STC-11A-11B-Dox-BLO/Hoechst-H2AX.2026-02-13-21-50-52","D:/2026-02-13_U2OS-Hoechst-H2AX_STC-11A-11B-Dox-BLO/Hoechst-H2AX.2026-02-13-21-50-52"
"133","D:/2026-02-13_U2OS-Hoechst-H2AX_STC-11A-11B-Dox-BLO/Hoechst-H2AX.2026-02-13-21-50-52/Hoechst-H2AX_Plate_R_p00_0_B10f04d0.TIF","D:/2026-02-13_U2OS-Hoechst-H2AX_STC-11A-11B-Dox-BLO/Hoechst-H2AX.2026-02-13-21-50-52/Hoechst-H2AX_Plate_R_p00_0_B10f04d1.TIF","Sterigmatocystin","10","B10","D:/2026-02-13_U2OS-Hoechst-H2AX_STC-11A-11B-Dox-BLO/Hoechst-H2AX.2026-02-13-21-50-52","D:/2026-02-13_U2OS-Hoechst-H2AX_STC-11A-11B-Dox-BLO/Hoechst-H2AX.2026-02-13-21-50-52"
"134","D:/2026-02-13_U2OS-Hoechst-H2AX_STC-11A-11B-Dox-BLO/Hoechst-H2AX.2026-02-13-21-50-52/Hoechst-H2AX_Plate_R_p00_0_B10f05d0.TIF","D:/2026-02-13_U2OS-Hoechst-H2AX_STC-11A-11B-Dox-BLO/Hoechst-H2AX.2026-02-13-21-50-52/Hoechst-H2AX_Plate_R_p00_0_B10f05d1.TIF","Sterigmatocystin","10","B10","D:/2026-02-13_U2OS-Hoechst-H2AX_STC-11A-11B-Dox-BLO/Hoechst-H2AX.2026-02-13-21-50-52","D:/2026-02-13_U2OS-Hoechst-H2AX_STC-11A-11B-Dox-BLO/Hoechst-H2AX.2026-02-13-21-50-52"
"135","D:/2026-02-13_U2OS-Hoechst-H2AX_STC-11A-11B-Dox-BLO/Hoechst-H2AX.2026-02-13-21-50-52/Hoechst-H2AX_Plate_R_p00_0_B10f06d0.TIF","D:/2026-02-13_U2OS-Hoechst-H2AX_STC-11A-11B-Dox-BLO/Hoechst-H2AX.2026-02-13-21-50-52/Hoechst-H2AX_Plate_R_p00_0_B10f06d1.TIF","Sterigmatocystin","10","B10","D:/2026-02-13_U2OS-Hoechst-H2AX_STC-11A-11B-Dox-BLO/Hoechst-H2AX.2026-02-13-21-50-52","D:/2026-02-13_U2OS-Hoechst-H2AX_STC-11A-11B-Dox-BLO/Hoechst-H2AX.2026-02-13-21-50-52"
"136","D:/2026-02-13_U2OS-Hoechst-H2AX_STC-11A-11B-Dox-BLO/Hoechst-H2AX.2026-02-13-21-50-52/Hoechst-H2AX_Plate_R_p00_0_B10f07d0.TIF","D:/2026-02-13_U2OS-Hoechst-H2AX_STC-11A-11B-Dox-BLO/Hoechst-H2AX.2026-02-13-21-50-52/Hoechst-H2AX_Plate_R_p00_0_B10f07d1.TIF","Sterigmatocystin","10","B10","D:/2026-02-13_U2OS-Hoechst-H2AX_STC-11A-11B-Dox-BLO/Hoechst-H2AX.2026-02-13-21-50-52","D:/2026-02-13_U2OS-Hoechst-H2AX_STC-11A-11B-Dox-BLO/Hoechst-H2AX.2026-02-13-21-50-52"
"137","D:/2026-02-13_U2OS-Hoechst-H2AX_STC-11A-11B-Dox-BLO/Hoechst-H2AX.2026-02-13-21-50-52/Hoechst-H2AX_Plate_R_p00_0_B10f08d0.TIF","D:/2026-02-13_U2OS-Hoechst-H2AX_STC-11A-11B-Dox-BLO/Hoechst-H2AX.2026-02-13-21-50-52/Hoechst-H2AX_Plate_R_p00_0_B10f08d1.TIF","Sterigmatocystin","10","B10","D:/2026-02-13_U2OS-Hoechst-H2AX_STC-11A-11B-Dox-BLO/Hoechst-H2AX.2026-02-13-21-50-52","D:/2026-02-13_U2OS-Hoechst-H2AX_STC-11A-11B-Dox-BLO/Hoechst-H2AX.2026-02-13-21-50-52"
"138","D:/2026-02-13_U2OS-Hoechst-H2AX_STC-11A-11B-Dox-BLO/Hoechst-H2AX.2026-02-13-21-50-52/Hoechst-H2AX_Plate_R_p00_0_B10f09d0.TIF","D:/2026-02-13_U2OS-Hoechst-H2AX_STC-11A-11B-Dox-BLO/Hoechst-H2AX.2026-02-13-21-50-52/Hoechst-H2AX_Plate_R_p00_0_B10f09d1.TIF","Sterigmatocystin","10","B10","D:/2026-02-13_U2OS-Hoechst-H2AX_STC-11A-11B-Dox-BLO/Hoechst-H2AX.2026-02-13-21-50-52","D:/2026-02-13_U2OS-Hoechst-H2AX_STC-11A-11B-Dox-BLO/Hoechst-H2AX.2026-02-13-21-50-52"
"139","D:/2026-02-13_U2OS-Hoechst-H2AX_STC-11A-11B-Dox-BLO/Hoechst-H2AX.2026-02-13-21-50-52/Hoechst-H2AX_Plate_R_p00_0_B10f10d0.TIF","D:/2026-02-13_U2OS-Hoechst-H2AX_STC-11A-11B-Dox-BLO/Hoechst-H2AX.2026-02-13-21-50-52/Hoechst-H2AX_Plate_R_p00_0_B10f10d1.TIF","Sterigmatocystin","10","B10","D:/2026-02-13_U2OS-Hoechst-H2AX_STC-11A-11B-Dox-BLO/Hoechst-H2AX.2026-02-13-21-50-52","D:/2026-02-13_U2OS-Hoechst-H2AX_STC-11A-11B-Dox-BLO/Hoechst-H2AX.2026-02-13-21-50-52"
"140","D:/2026-02-13_U2OS-Hoechst-H2AX_STC-11A-11B-Dox-BLO/Hoechst-H2AX.2026-02-13-21-50-52/Hoechst-H2AX_Plate_R_p00_0_B10f11d0.TIF","D:/2026-02-13_U2OS-Hoechst-H2AX_STC-11A-11B-Dox-BLO/Hoechst-H2AX.2026-02-13-21-50-52/Hoechst-H2AX_Plate_R_p00_0_B10f11d1.TIF","Sterigmatocystin","10","B10","D:/2026-02-13_U2OS-Hoechst-H2AX_STC-11A-11B-Dox-BLO/Hoechst-H2AX.2026-02-13-21-50-52","D:/2026-02-13_U2OS-Hoechst-H2AX_STC-11A-11B-Dox-BLO/Hoechst-H2AX.2026-02-13-21-50-52"
"141","D:/2026-02-13_U2OS-Hoechst-H2AX_STC-11A-11B-Dox-BLO/Hoechst-H2AX.2026-02-13-21-50-52/Hoechst-H2AX_Plate_R_p00_0_B10f12d0.TIF","D:/2026-02-13_U2OS-Hoechst-H2AX_STC-11A-11B-Dox-BLO/Hoechst-H2AX.2026-02-13-21-50-52/Hoechst-H2AX_Plate_R_p00_0_B10f12d1.TIF","Sterigmatocystin","10","B10","D:/2026-02-13_U2OS-Hoechst-H2AX_STC-11A-11B-Dox-BLO/Hoechst-H2AX.2026-02-13-21-50-52","D:/2026-02-13_U2OS-Hoechst-H2AX_STC-11A-11B-Dox-BLO/Hoechst-H2AX.2026-02-13-21-50-52"
"142","D:/2026-02-13_U2OS-Hoechst-H2AX_STC-11A-11B-Dox-BLO/Hoechst-H2AX.2026-02-13-21-50-52/Hoechst-H2AX_Plate_R_p00_0_B10f13d0.TIF","D:/2026-02-13_U2OS-Hoechst-H2AX_STC-11A-11B-Dox-BLO/Hoechst-H2AX.2026-02-13-21-50-52/Hoechst-H2AX_Plate_R_p00_0_B10f13d1.TIF","Sterigmatocystin","10","B10","D:/2026-02-13_U2OS-Hoechst-H2AX_STC-11A-11B-Dox-BLO/Hoechst-H2AX.2026-02-13-21-50-52","D:/2026-02-13_U2OS-Hoechst-H2AX_STC-11A-11B-Dox-BLO/Hoechst-H2AX.2026-02-13-21-50-52"
"143","D:/2026-02-13_U2OS-Hoechst-H2AX_STC-11A-11B-Dox-BLO/Hoechst-H2AX.2026-02-13-21-50-52/Hoechst-H2AX_Plate_R_p00_0_B10f14d0.TIF","D:/2026-02-13_U2OS-Hoechst-H2AX_STC-11A-11B-Dox-BLO/Hoechst-H2AX.2026-02-13-21-50-52/Hoechst-H2AX_Plate_R_p00_0_B10f14d1.TIF","Sterigmatocystin","10","B10","D:/2026-02-13_U2OS-Hoechst-H2AX_STC-11A-11B-Dox-BLO/Hoechst-H2AX.2026-02-13-21-50-52","D:/2026-02-13_U2OS-Hoechst-H2AX_STC-11A-11B-Dox-BLO/Hoechst-H2AX.2026-02-13-21-50-52"
"144","D:/2026-02-13_U2OS-Hoechst-H2AX_STC-11A-11B-Dox-BLO/Hoechst-H2AX.2026-02-13-21-50-52/Hoechst-H2AX_Plate_R_p00_0_B10f15d0.TIF","D:/2026-02-13_U2OS-Hoechst-H2AX_STC-11A-11B-Dox-BLO/Hoechst-H2AX.2026-02-13-21-50-52/Hoechst-H2AX_Plate_R_p00_0_B10f15d1.TIF","Sterigmatocystin","10","B10","D:/2026-02-13_U2OS-Hoechst-H2AX_STC-11A-11B-Dox-BLO/Hoechst-H2AX.2026-02-13-21-50-52","D:/2026-02-13_U2OS-Hoechst-H2AX_STC-11A-11B-Dox-BLO/Hoechst-H2AX.2026-02-13-21-50-52"
"145","D:/2026-02-13_U2OS-Hoechst-H2AX_STC-11A-11B-Dox-BLO/Hoechst-H2AX.2026-02-13-21-50-52/Hoechst-H2AX_Plate_R_p00_0_B11f00d0.TIF","D:/2026-02-13_U2OS-Hoechst-H2AX_STC-11A-11B-Dox-BLO/Hoechst-H2AX.2026-02-13-21-50-52/Hoechst-H2AX_Plate_R_p00_0_B11f00d1.TIF","Sterigmatocystin","3","B11","D:/2026-02-13_U2OS-Hoechst-H2AX_STC-11A-11B-Dox-BLO/Hoechst-H2AX.2026-02-13-21-50-52","D:/2026-02-13_U2OS-Hoechst-H2AX_STC-11A-11B-Dox-BLO/Hoechst-H2AX.2026-02-13-21-50-52"
"146","D:/2026-02-13_U2OS-Hoechst-H2AX_STC-11A-11B-Dox-BLO/Hoechst-H2AX.2026-02-13-21-50-52/Hoechst-H2AX_Plate_R_p00_0_B11f01d0.TIF","D:/2026-02-13_U2OS-Hoechst-H2AX_STC-11A-11B-Dox-BLO/Hoechst-H2AX.2026-02-13-21-50-52/Hoechst-H2AX_Plate_R_p00_0_B11f01d1.TIF","Sterigmatocystin","3","B11","D:/2026-02-13_U2OS-Hoechst-H2AX_STC-11A-11B-Dox-BLO/Hoechst-H2AX.2026-02-13-21-50-52","D:/2026-02-13_U2OS-Hoechst-H2AX_STC-11A-11B-Dox-BLO/Hoechst-H2AX.2026-02-13-21-50-52"
"147","D:/2026-02-13_U2OS-Hoechst-H2AX_STC-11A-11B-Dox-BLO/Hoechst-H2AX.2026-02-13-21-50-52/Hoechst-H2AX_Plate_R_p00_0_B11f02d0.TIF","D:/2026-02-13_U2OS-Hoechst-H2AX_STC-11A-11B-Dox-BLO/Hoechst-H2AX.2026-02-13-21-50-52/Hoechst-H2AX_Plate_R_p00_0_B11f02d1.TIF","Sterigmatocystin","3","B11","D:/2026-02-13_U2OS-Hoechst-H2AX_STC-11A-11B-Dox-BLO/Hoechst-H2AX.2026-02-13-21-50-52","D:/2026-02-13_U2OS-Hoechst-H2AX_STC-11A-11B-Dox-BLO/Hoechst-H2AX.2026-02-13-21-50-52"
"148","D:/2026-02-13_U2OS-Hoechst-H2AX_STC-11A-11B-Dox-BLO/Hoechst-H2AX.2026-02-13-21-50-52/Hoechst-H2AX_Plate_R_p00_0_B11f03d0.TIF","D:/2026-02-13_U2OS-Hoechst-H2AX_STC-11A-11B-Dox-BLO/Hoechst-H2AX.2026-02-13-21-50-52/Hoechst-H2AX_Plate_R_p00_0_B11f03d1.TIF","Sterigmatocystin","3","B11","D:/2026-02-13_U2OS-Hoechst-H2AX_STC-11A-11B-Dox-BLO/Hoechst-H2AX.2026-02-13-21-50-52","D:/2026-02-13_U2OS-Hoechst-H2AX_STC-11A-11B-Dox-BLO/Hoechst-H2AX.2026-02-13-21-50-52"
"149","D:/2026-02-13_U2OS-Hoechst-H2AX_STC-11A-11B-Dox-BLO/Hoechst-H2AX.2026-02-13-21-50-52/Hoechst-H2AX_Plate_R_p00_0_B11f04d0.TIF","D:/2026-02-13_U2OS-Hoechst-H2AX_STC-11A-11B-Dox-BLO/Hoechst-H2AX.2026-02-13-21-50-52/Hoechst-H2AX_Plate_R_p00_0_B11f04d1.TIF","Sterigmatocystin","3","B11","D:/2026-02-13_U2OS-Hoechst-H2AX_STC-11A-11B-Dox-BLO/Hoechst-H2AX.2026-02-13-21-50-52","D:/2026-02-13_U2OS-Hoechst-H2AX_STC-11A-11B-Dox-BLO/Hoechst-H2AX.2026-02-13-21-50-52"
"150","D:/2026-02-13_U2OS-Hoechst-H2AX_STC-11A-11B-Dox-BLO/Hoechst-H2AX.2026-02-13-21-50-52/Hoechst-H2AX_Plate_R_p00_0_B11f05d0.TIF","D:/2026-02-13_U2OS-Hoechst-H2AX_STC-11A-11B-Dox-BLO/Hoechst-H2AX.2026-02-13-21-50-52/Hoechst-H2AX_Plate_R_p00_0_B11f05d1.TIF","Sterigmatocystin","3","B11","D:/2026-02-13_U2OS-Hoechst-H2AX_STC-11A-11B-Dox-BLO/Hoechst-H2AX.2026-02-13-21-50-52","D:/2026-02-13_U2OS-Hoechst-H2AX_STC-11A-11B-Dox-BLO/Hoechst-H2AX.2026-02-13-21-50-52"
"151","D:/2026-02-13_U2OS-Hoechst-H2AX_STC-11A-11B-Dox-BLO/Hoechst-H2AX.2026-02-13-21-50-52/Hoechst-H2AX_Plate_R_p00_0_B11f06d0.TIF","D:/2026-02-13_U2OS-Hoechst-H2AX_STC-11A-11B-Dox-BLO/Hoechst-H2AX.2026-02-13-21-50-52/Hoechst-H2AX_Plate_R_p00_0_B11f06d1.TIF","Sterigmatocystin","3","B11","D:/2026-02-13_U2OS-Hoechst-H2AX_STC-11A-11B-Dox-BLO/Hoechst-H2AX.2026-02-13-21-50-52","D:/2026-02-13_U2OS-Hoechst-H2AX_STC-11A-11B-Dox-BLO/Hoechst-H2AX.2026-02-13-21-50-52"
"152","D:/2026-02-13_U2OS-Hoechst-H2AX_STC-11A-11B-Dox-BLO/Hoechst-H2AX.2026-02-13-21-50-52/Hoechst-H2AX_Plate_R_p00_0_B11f07d0.TIF","D:/2026-02-13_U2OS-Hoechst-H2AX_STC-11A-11B-Dox-BLO/Hoechst-H2AX.2026-02-13-21-50-52/Hoechst-H2AX_Plate_R_p00_0_B11f07d1.TIF","Sterigmatocystin","3","B11","D:/2026-02-13_U2OS-Hoechst-H2AX_STC-11A-11B-Dox-BLO/Hoechst-H2AX.2026-02-13-21-50-52","D:/2026-02-13_U2OS-Hoechst-H2AX_STC-11A-11B-Dox-BLO/Hoechst-H2AX.2026-02-13-21-50-52"
"153","D:/2026-02-13_U2OS-Hoechst-H2AX_STC-11A-11B-Dox-BLO/Hoechst-H2AX.2026-02-13-21-50-52/Hoechst-H2AX_Plate_R_p00_0_B11f08d0.TIF","D:/2026-02-13_U2OS-Hoechst-H2AX_STC-11A-11B-Dox-BLO/Hoechst-H2AX.2026-02-13-21-50-52/Hoechst-H2AX_Plate_R_p00_0_B11f08d1.TIF","Sterigmatocystin","3","B11","D:/2026-02-13_U2OS-Hoechst-H2AX_STC-11A-11B-Dox-BLO/Hoechst-H2AX.2026-02-13-21-50-52","D:/2026-02-13_U2OS-Hoechst-H2AX_STC-11A-11B-Dox-BLO/Hoechst-H2AX.2026-02-13-21-50-52"
"154","D:/2026-02-13_U2OS-Hoechst-H2AX_STC-11A-11B-Dox-BLO/Hoechst-H2AX.2026-02-13-21-50-52/Hoechst-H2AX_Plate_R_p00_0_B11f09d0.TIF","D:/2026-02-13_U2OS-Hoechst-H2AX_STC-11A-11B-Dox-BLO/Hoechst-H2AX.2026-02-13-21-50-52/Hoechst-H2AX_Plate_R_p00_0_B11f09d1.TIF","Sterigmatocystin","3","B11","D:/2026-02-13_U2OS-Hoechst-H2AX_STC-11A-11B-Dox-BLO/Hoechst-H2AX.2026-02-13-21-50-52","D:/2026-02-13_U2OS-Hoechst-H2AX_STC-11A-11B-Dox-BLO/Hoechst-H2AX.2026-02-13-21-50-52"
"155","D:/2026-02-13_U2OS-Hoechst-H2AX_STC-11A-11B-Dox-BLO/Hoechst-H2AX.2026-02-13-21-50-52/Hoechst-H2AX_Plate_R_p00_0_B11f10d0.TIF","D:/2026-02-13_U2OS-Hoechst-H2AX_STC-11A-11B-Dox-BLO/Hoechst-H2AX.2026-02-13-21-50-52/Hoechst-H2AX_Plate_R_p00_0_B11f10d1.TIF","Sterigmatocystin","3","B11","D:/2026-02-13_U2OS-Hoechst-H2AX_STC-11A-11B-Dox-BLO/Hoechst-H2AX.2026-02-13-21-50-52","D:/2026-02-13_U2OS-Hoechst-H2AX_STC-11A-11B-Dox-BLO/Hoechst-H2AX.2026-02-13-21-50-52"
"156","D:/2026-02-13_U2OS-Hoechst-H2AX_STC-11A-11B-Dox-BLO/Hoechst-H2AX.2026-02-13-21-50-52/Hoechst-H2AX_Plate_R_p00_0_B11f11d0.TIF","D:/2026-02-13_U2OS-Hoechst-H2AX_STC-11A-11B-Dox-BLO/Hoechst-H2AX.2026-02-13-21-50-52/Hoechst-H2AX_Plate_R_p00_0_B11f11d1.TIF","Sterigmatocystin","3","B11","D:/2026-02-13_U2OS-Hoechst-H2AX_STC-11A-11B-Dox-BLO/Hoechst-H2AX.2026-02-13-21-50-52","D:/2026-02-13_U2OS-Hoechst-H2AX_STC-11A-11B-Dox-BLO/Hoechst-H2AX.2026-02-13-21-50-52"
"157","D:/2026-02-13_U2OS-Hoechst-H2AX_STC-11A-11B-Dox-BLO/Hoechst-H2AX.2026-02-13-21-50-52/Hoechst-H2AX_Plate_R_p00_0_B11f12d0.TIF","D:/2026-02-13_U2OS-Hoechst-H2AX_STC-11A-11B-Dox-BLO/Hoechst-H2AX.2026-02-13-21-50-52/Hoechst-H2AX_Plate_R_p00_0_B11f12d1.TIF","Sterigmatocystin","3","B11","D:/2026-02-13_U2OS-Hoechst-H2AX_STC-11A-11B-Dox-BLO/Hoechst-H2AX.2026-02-13-21-50-52","D:/2026-02-13_U2OS-Hoechst-H2AX_STC-11A-11B-Dox-BLO/Hoechst-H2AX.2026-02-13-21-50-52"
"158","D:/2026-02-13_U2OS-Hoechst-H2AX_STC-11A-11B-Dox-BLO/Hoechst-H2AX.2026-02-13-21-50-52/Hoechst-H2AX_Plate_R_p00_0_B11f13d0.TIF","D:/2026-02-13_U2OS-Hoechst-H2AX_STC-11A-11B-Dox-BLO/Hoechst-H2AX.2026-02-13-21-50-52/Hoechst-H2AX_Plate_R_p00_0_B11f13d1.TIF","Sterigmatocystin","3","B11","D:/2026-02-13_U2OS-Hoechst-H2AX_STC-11A-11B-Dox-BLO/Hoechst-H2AX.2026-02-13-21-50-52","D:/2026-02-13_U2OS-Hoechst-H2AX_STC-11A-11B-Dox-BLO/Hoechst-H2AX.2026-02-13-21-50-52"
"159","D:/2026-02-13_U2OS-Hoechst-H2AX_STC-11A-11B-Dox-BLO/Hoechst-H2AX.2026-02-13-21-50-52/Hoechst-H2AX_Plate_R_p00_0_B11f14d0.TIF","D:/2026-02-13_U2OS-Hoechst-H2AX_STC-11A-11B-Dox-BLO/Hoechst-H2AX.2026-02-13-21-50-52/Hoechst-H2AX_Plate_R_p00_0_B11f14d1.TIF","Sterigmatocystin","3","B11","D:/2026-02-13_U2OS-Hoechst-H2AX_STC-11A-11B-Dox-BLO/Hoechst-H2AX.2026-02-13-21-50-52","D:/2026-02-13_U2OS-Hoechst-H2AX_STC-11A-11B-Dox-BLO/Hoechst-H2AX.2026-02-13-21-50-52"
"160","D:/2026-02-13_U2OS-Hoechst-H2AX_STC-11A-11B-Dox-BLO/Hoechst-H2AX.2026-02-13-21-50-52/Hoechst-H2AX_Plate_R_p00_0_B11f15d0.TIF","D:/2026-02-13_U2OS-Hoechst-H2AX_STC-11A-11B-Dox-BLO/Hoechst-H2AX.2026-02-13-21-50-52/Hoechst-H2AX_Plate_R_p00_0_B11f15d1.TIF","Sterigmatocystin","3","B11","D:/2026-02-13_U2OS-Hoechst-H2AX_STC-11A-11B-Dox-BLO/Hoechst-H2AX.2026-02-13-21-50-52","D:/2026-02-13_U2OS-Hoechst-H2AX_STC-11A-11B-Dox-BLO/Hoechst-H2AX.2026-02-13-21-50-52"
"161","D:/2026-02-13_U2OS-Hoechst-H2AX_STC-11A-11B-Dox-BLO/Hoechst-H2AX.2026-02-13-21-50-52/Hoechst-H2AX_Plate_R_p00_0_C02f00d0.TIF","D:/2026-02-13_U2OS-Hoechst-H2AX_STC-11A-11B-Dox-BLO/Hoechst-H2AX.2026-02-13-21-50-52/Hoechst-H2AX_Plate_R_p00_0_C02f00d1.TIF","Bleomycin","30","C02","D:/2026-02-13_U2OS-Hoechst-H2AX_STC-11A-11B-Dox-BLO/Hoechst-H2AX.2026-02-13-21-50-52","D:/2026-02-13_U2OS-Hoechst-H2AX_STC-11A-11B-Dox-BLO/Hoechst-H2AX.2026-02-13-21-50-52"
"162","D:/2026-02-13_U2OS-Hoechst-H2AX_STC-11A-11B-Dox-BLO/Hoechst-H2AX.2026-02-13-21-50-52/Hoechst-H2AX_Plate_R_p00_0_C02f01d0.TIF","D:/2026-02-13_U2OS-Hoechst-H2AX_STC-11A-11B-Dox-BLO/Hoechst-H2AX.2026-02-13-21-50-52/Hoechst-H2AX_Plate_R_p00_0_C02f01d1.TIF","Bleomycin","30","C02","D:/2026-02-13_U2OS-Hoechst-H2AX_STC-11A-11B-Dox-BLO/Hoechst-H2AX.2026-02-13-21-50-52","D:/2026-02-13_U2OS-Hoechst-H2AX_STC-11A-11B-Dox-BLO/Hoechst-H2AX.2026-02-13-21-50-52"
"163","D:/2026-02-13_U2OS-Hoechst-H2AX_STC-11A-11B-Dox-BLO/Hoechst-H2AX.2026-02-13-21-50-52/Hoechst-H2AX_Plate_R_p00_0_C02f02d0.TIF","D:/2026-02-13_U2OS-Hoechst-H2AX_STC-11A-11B-Dox-BLO/Hoechst-H2AX.2026-02-13-21-50-52/Hoechst-H2AX_Plate_R_p00_0_C02f02d1.TIF","Bleomycin","30","C02","D:/2026-02-13_U2OS-Hoechst-H2AX_STC-11A-11B-Dox-BLO/Hoechst-H2AX.2026-02-13-21-50-52","D:/2026-02-13_U2OS-Hoechst-H2AX_STC-11A-11B-Dox-BLO/Hoechst-H2AX.2026-02-13-21-50-52"
"164","D:/2026-02-13_U2OS-Hoechst-H2AX_STC-11A-11B-Dox-BLO/Hoechst-H2AX.2026-02-13-21-50-52/Hoechst-H2AX_Plate_R_p00_0_C02f03d0.TIF","D:/2026-02-13_U2OS-Hoechst-H2AX_STC-11A-11B-Dox-BLO/Hoechst-H2AX.2026-02-13-21-50-52/Hoechst-H2AX_Plate_R_p00_0_C02f03d1.TIF","Bleomycin","30","C02","D:/2026-02-13_U2OS-Hoechst-H2AX_STC-11A-11B-Dox-BLO/Hoechst-H2AX.2026-02-13-21-50-52","D:/2026-02-13_U2OS-Hoechst-H2AX_STC-11A-11B-Dox-BLO/Hoechst-H2AX.2026-02-13-21-50-52"
"165","D:/2026-02-13_U2OS-Hoechst-H2AX_STC-11A-11B-Dox-BLO/Hoechst-H2AX.2026-02-13-21-50-52/Hoechst-H2AX_Plate_R_p00_0_C02f04d0.TIF","D:/2026-02-13_U2OS-Hoechst-H2AX_STC-11A-11B-Dox-BLO/Hoechst-H2AX.2026-02-13-21-50-52/Hoechst-H2AX_Plate_R_p00_0_C02f04d1.TIF","Bleomycin","30","C02","D:/2026-02-13_U2OS-Hoechst-H2AX_STC-11A-11B-Dox-BLO/Hoechst-H2AX.2026-02-13-21-50-52","D:/2026-02-13_U2OS-Hoechst-H2AX_STC-11A-11B-Dox-BLO/Hoechst-H2AX.2026-02-13-21-50-52"
"166","D:/2026-02-13_U2OS-Hoechst-H2AX_STC-11A-11B-Dox-BLO/Hoechst-H2AX.2026-02-13-21-50-52/Hoechst-H2AX_Plate_R_p00_0_C02f05d0.TIF","D:/2026-02-13_U2OS-Hoechst-H2AX_STC-11A-11B-Dox-BLO/Hoechst-H2AX.2026-02-13-21-50-52/Hoechst-H2AX_Plate_R_p00_0_C02f05d1.TIF","Bleomycin","30","C02","D:/2026-02-13_U2OS-Hoechst-H2AX_STC-11A-11B-Dox-BLO/Hoechst-H2AX.2026-02-13-21-50-52","D:/2026-02-13_U2OS-Hoechst-H2AX_STC-11A-11B-Dox-BLO/Hoechst-H2AX.2026-02-13-21-50-52"
"167","D:/2026-02-13_U2OS-Hoechst-H2AX_STC-11A-11B-Dox-BLO/Hoechst-H2AX.2026-02-13-21-50-52/Hoechst-H2AX_Plate_R_p00_0_C02f06d0.TIF","D:/2026-02-13_U2OS-Hoechst-H2AX_STC-11A-11B-Dox-BLO/Hoechst-H2AX.2026-02-13-21-50-52/Hoechst-H2AX_Plate_R_p00_0_C02f06d1.TIF","Bleomycin","30","C02","D:/2026-02-13_U2OS-Hoechst-H2AX_STC-11A-11B-Dox-BLO/Hoechst-H2AX.2026-02-13-21-50-52","D:/2026-02-13_U2OS-Hoechst-H2AX_STC-11A-11B-Dox-BLO/Hoechst-H2AX.2026-02-13-21-50-52"
"168","D:/2026-02-13_U2OS-Hoechst-H2AX_STC-11A-11B-Dox-BLO/Hoechst-H2AX.2026-02-13-21-50-52/Hoechst-H2AX_Plate_R_p00_0_C02f07d0.TIF","D:/2026-02-13_U2OS-Hoechst-H2AX_STC-11A-11B-Dox-BLO/Hoechst-H2AX.2026-02-13-21-50-52/Hoechst-H2AX_Plate_R_p00_0_C02f07d1.TIF","Bleomycin","30","C02","D:/2026-02-13_U2OS-Hoechst-H2AX_STC-11A-11B-Dox-BLO/Hoechst-H2AX.2026-02-13-21-50-52","D:/2026-02-13_U2OS-Hoechst-H2AX_STC-11A-11B-Dox-BLO/Hoechst-H2AX.2026-02-13-21-50-52"
"169","D:/2026-02-13_U2OS-Hoechst-H2AX_STC-11A-11B-Dox-BLO/Hoechst-H2AX.2026-02-13-21-50-52/Hoechst-H2AX_Plate_R_p00_0_C02f08d0.TIF","D:/2026-02-13_U2OS-Hoechst-H2AX_STC-11A-11B-Dox-BLO/Hoechst-H2AX.2026-02-13-21-50-52/Hoechst-H2AX_Plate_R_p00_0_C02f08d1.TIF","Bleomycin","30","C02","D:/2026-02-13_U2OS-Hoechst-H2AX_STC-11A-11B-Dox-BLO/Hoechst-H2AX.2026-02-13-21-50-52","D:/2026-02-13_U2OS-Hoechst-H2AX_STC-11A-11B-Dox-BLO/Hoechst-H2AX.2026-02-13-21-50-52"
"170","D:/2026-02-13_U2OS-Hoechst-H2AX_STC-11A-11B-Dox-BLO/Hoechst-H2AX.2026-02-13-21-50-52/Hoechst-H2AX_Plate_R_p00_0_C02f09d0.TIF","D:/2026-02-13_U2OS-Hoechst-H2AX_STC-11A-11B-Dox-BLO/Hoechst-H2AX.2026-02-13-21-50-52/Hoechst-H2AX_Plate_R_p00_0_C02f09d1.TIF","Bleomycin","30","C02","D:/2026-02-13_U2OS-Hoechst-H2AX_STC-11A-11B-Dox-BLO/Hoechst-H2AX.2026-02-13-21-50-52","D:/2026-02-13_U2OS-Hoechst-H2AX_STC-11A-11B-Dox-BLO/Hoechst-H2AX.2026-02-13-21-50-52"
"171","D:/2026-02-13_U2OS-Hoechst-H2AX_STC-11A-11B-Dox-BLO/Hoechst-H2AX.2026-02-13-21-50-52/Hoechst-H2AX_Plate_R_p00_0_C02f10d0.TIF","D:/2026-02-13_U2OS-Hoechst-H2AX_STC-11A-11B-Dox-BLO/Hoechst-H2AX.2026-02-13-21-50-52/Hoechst-H2AX_Plate_R_p00_0_C02f10d1.TIF","Bleomycin","30","C02","D:/2026-02-13_U2OS-Hoechst-H2AX_STC-11A-11B-Dox-BLO/Hoechst-H2AX.2026-02-13-21-50-52","D:/2026-02-13_U2OS-Hoechst-H2AX_STC-11A-11B-Dox-BLO/Hoechst-H2AX.2026-02-13-21-50-52"
"172","D:/2026-02-13_U2OS-Hoechst-H2AX_STC-11A-11B-Dox-BLO/Hoechst-H2AX.2026-02-13-21-50-52/Hoechst-H2AX_Plate_R_p00_0_C02f11d0.TIF","D:/2026-02-13_U2OS-Hoechst-H2AX_STC-11A-11B-Dox-BLO/Hoechst-H2AX.2026-02-13-21-50-52/Hoechst-H2AX_Plate_R_p00_0_C02f11d1.TIF","Bleomycin","30","C02","D:/2026-02-13_U2OS-Hoechst-H2AX_STC-11A-11B-Dox-BLO/Hoechst-H2AX.2026-02-13-21-50-52","D:/2026-02-13_U2OS-Hoechst-H2AX_STC-11A-11B-Dox-BLO/Hoechst-H2AX.2026-02-13-21-50-52"
"173","D:/2026-02-13_U2OS-Hoechst-H2AX_STC-11A-11B-Dox-BLO/Hoechst-H2AX.2026-02-13-21-50-52/Hoechst-H2AX_Plate_R_p00_0_C02f12d0.TIF","D:/2026-02-13_U2OS-Hoechst-H2AX_STC-11A-11B-Dox-BLO/Hoechst-H2AX.2026-02-13-21-50-52/Hoechst-H2AX_Plate_R_p00_0_C02f12d1.TIF","Bleomycin","30","C02","D:/2026-02-13_U2OS-Hoechst-H2AX_STC-11A-11B-Dox-BLO/Hoechst-H2AX.2026-02-13-21-50-52","D:/2026-02-13_U2OS-Hoechst-H2AX_STC-11A-11B-Dox-BLO/Hoechst-H2AX.2026-02-13-21-50-52"
"174","D:/2026-02-13_U2OS-Hoechst-H2AX_STC-11A-11B-Dox-BLO/Hoechst-H2AX.2026-02-13-21-50-52/Hoechst-H2AX_Plate_R_p00_0_C02f13d0.TIF","D:/2026-02-13_U2OS-Hoechst-H2AX_STC-11A-11B-Dox-BLO/Hoechst-H2AX.2026-02-13-21-50-52/Hoechst-H2AX_Plate_R_p00_0_C02f13d1.TIF","Bleomycin","30","C02","D:/2026-02-13_U2OS-Hoechst-H2AX_STC-11A-11B-Dox-BLO/Hoechst-H2AX.2026-02-13-21-50-52","D:/2026-02-13_U2OS-Hoechst-H2AX_STC-11A-11B-Dox-BLO/Hoechst-H2AX.2026-02-13-21-50-52"
"175","D:/2026-02-13_U2OS-Hoechst-H2AX_STC-11A-11B-Dox-BLO/Hoechst-H2AX.2026-02-13-21-50-52/Hoechst-H2AX_Plate_R_p00_0_C02f14d0.TIF","D:/2026-02-13_U2OS-Hoechst-H2AX_STC-11A-11B-Dox-BLO/Hoechst-H2AX.2026-02-13-21-50-52/Hoechst-H2AX_Plate_R_p00_0_C02f14d1.TIF","Bleomycin","30","C02","D:/2026-02-13_U2OS-Hoechst-H2AX_STC-11A-11B-Dox-BLO/Hoechst-H2AX.2026-02-13-21-50-52","D:/2026-02-13_U2OS-Hoechst-H2AX_STC-11A-11B-Dox-BLO/Hoechst-H2AX.2026-02-13-21-50-52"
"176","D:/2026-02-13_U2OS-Hoechst-H2AX_STC-11A-11B-Dox-BLO/Hoechst-H2AX.2026-02-13-21-50-52/Hoechst-H2AX_Plate_R_p00_0_C02f15d0.TIF","D:/2026-02-13_U2OS-Hoechst-H2AX_STC-11A-11B-Dox-BLO/Hoechst-H2AX.2026-02-13-21-50-52/Hoechst-H2AX_Plate_R_p00_0_C02f15d1.TIF","Bleomycin","30","C02","D:/2026-02-13_U2OS-Hoechst-H2AX_STC-11A-11B-Dox-BLO/Hoechst-H2AX.2026-02-13-21-50-52","D:/2026-02-13_U2OS-Hoechst-H2AX_STC-11A-11B-Dox-BLO/Hoechst-H2AX.2026-02-13-21-50-52"
"177","D:/2026-02-13_U2OS-Hoechst-H2AX_STC-11A-11B-Dox-BLO/Hoechst-H2AX.2026-02-13-21-50-52/Hoechst-H2AX_Plate_R_p00_0_C03f00d0.TIF","D:/2026-02-13_U2OS-Hoechst-H2AX_STC-11A-11B-Dox-BLO/Hoechst-H2AX.2026-02-13-21-50-52/Hoechst-H2AX_Plate_R_p00_0_C03f00d1.TIF","Bleomycin","10","C03","D:/2026-02-13_U2OS-Hoechst-H2AX_STC-11A-11B-Dox-BLO/Hoechst-H2AX.2026-02-13-21-50-52","D:/2026-02-13_U2OS-Hoechst-H2AX_STC-11A-11B-Dox-BLO/Hoechst-H2AX.2026-02-13-21-50-52"
"178","D:/2026-02-13_U2OS-Hoechst-H2AX_STC-11A-11B-Dox-BLO/Hoechst-H2AX.2026-02-13-21-50-52/Hoechst-H2AX_Plate_R_p00_0_C03f01d0.TIF","D:/2026-02-13_U2OS-Hoechst-H2AX_STC-11A-11B-Dox-BLO/Hoechst-H2AX.2026-02-13-21-50-52/Hoechst-H2AX_Plate_R_p00_0_C03f01d1.TIF","Bleomycin","10","C03","D:/2026-02-13_U2OS-Hoechst-H2AX_STC-11A-11B-Dox-BLO/Hoechst-H2AX.2026-02-13-21-50-52","D:/2026-02-13_U2OS-Hoechst-H2AX_STC-11A-11B-Dox-BLO/Hoechst-H2AX.2026-02-13-21-50-52"
"179","D:/2026-02-13_U2OS-Hoechst-H2AX_STC-11A-11B-Dox-BLO/Hoechst-H2AX.2026-02-13-21-50-52/Hoechst-H2AX_Plate_R_p00_0_C03f02d0.TIF","D:/2026-02-13_U2OS-Hoechst-H2AX_STC-11A-11B-Dox-BLO/Hoechst-H2AX.2026-02-13-21-50-52/Hoechst-H2AX_Plate_R_p00_0_C03f02d1.TIF","Bleomycin","10","C03","D:/2026-02-13_U2OS-Hoechst-H2AX_STC-11A-11B-Dox-BLO/Hoechst-H2AX.2026-02-13-21-50-52","D:/2026-02-13_U2OS-Hoechst-H2AX_STC-11A-11B-Dox-BLO/Hoechst-H2AX.2026-02-13-21-50-52"
"180","D:/2026-02-13_U2OS-Hoechst-H2AX_STC-11A-11B-Dox-BLO/Hoechst-H2AX.2026-02-13-21-50-52/Hoechst-H2AX_Plate_R_p00_0_C03f03d0.TIF","D:/2026-02-13_U2OS-Hoechst-H2AX_STC-11A-11B-Dox-BLO/Hoechst-H2AX.2026-02-13-21-50-52/Hoechst-H2AX_Plate_R_p00_0_C03f03d1.TIF","Bleomycin","10","C03","D:/2026-02-13_U2OS-Hoechst-H2AX_STC-11A-11B-Dox-BLO/Hoechst-H2AX.2026-02-13-21-50-52","D:/2026-02-13_U2OS-Hoechst-H2AX_STC-11A-11B-Dox-BLO/Hoechst-H2AX.2026-02-13-21-50-52"
"181","D:/2026-02-13_U2OS-Hoechst-H2AX_STC-11A-11B-Dox-BLO/Hoechst-H2AX.2026-02-13-21-50-52/Hoechst-H2AX_Plate_R_p00_0_C03f04d0.TIF","D:/2026-02-13_U2OS-Hoechst-H2AX_STC-11A-11B-Dox-BLO/Hoechst-H2AX.2026-02-13-21-50-52/Hoechst-H2AX_Plate_R_p00_0_C03f04d1.TIF","Bleomycin","10","C03","D:/2026-02-13_U2OS-Hoechst-H2AX_STC-11A-11B-Dox-BLO/Hoechst-H2AX.2026-02-13-21-50-52","D:/2026-02-13_U2OS-Hoechst-H2AX_STC-11A-11B-Dox-BLO/Hoechst-H2AX.2026-02-13-21-50-52"
"182","D:/2026-02-13_U2OS-Hoechst-H2AX_STC-11A-11B-Dox-BLO/Hoechst-H2AX.2026-02-13-21-50-52/Hoechst-H2AX_Plate_R_p00_0_C03f05d0.TIF","D:/2026-02-13_U2OS-Hoechst-H2AX_STC-11A-11B-Dox-BLO/Hoechst-H2AX.2026-02-13-21-50-52/Hoechst-H2AX_Plate_R_p00_0_C03f05d1.TIF","Bleomycin","10","C03","D:/2026-02-13_U2OS-Hoechst-H2AX_STC-11A-11B-Dox-BLO/Hoechst-H2AX.2026-02-13-21-50-52","D:/2026-02-13_U2OS-Hoechst-H2AX_STC-11A-11B-Dox-BLO/Hoechst-H2AX.2026-02-13-21-50-52"
"183","D:/2026-02-13_U2OS-Hoechst-H2AX_STC-11A-11B-Dox-BLO/Hoechst-H2AX.2026-02-13-21-50-52/Hoechst-H2AX_Plate_R_p00_0_C03f06d0.TIF","D:/2026-02-13_U2OS-Hoechst-H2AX_STC-11A-11B-Dox-BLO/Hoechst-H2AX.2026-02-13-21-50-52/Hoechst-H2AX_Plate_R_p00_0_C03f06d1.TIF","Bleomycin","10","C03","D:/2026-02-13_U2OS-Hoechst-H2AX_STC-11A-11B-Dox-BLO/Hoechst-H2AX.2026-02-13-21-50-52","D:/2026-02-13_U2OS-Hoechst-H2AX_STC-11A-11B-Dox-BLO/Hoechst-H2AX.2026-02-13-21-50-52"
"184","D:/2026-02-13_U2OS-Hoechst-H2AX_STC-11A-11B-Dox-BLO/Hoechst-H2AX.2026-02-13-21-50-52/Hoechst-H2AX_Plate_R_p00_0_C03f07d0.TIF","D:/2026-02-13_U2OS-Hoechst-H2AX_STC-11A-11B-Dox-BLO/Hoechst-H2AX.2026-02-13-21-50-52/Hoechst-H2AX_Plate_R_p00_0_C03f07d1.TIF","Bleomycin","10","C03","D:/2026-02-13_U2OS-Hoechst-H2AX_STC-11A-11B-Dox-BLO/Hoechst-H2AX.2026-02-13-21-50-52","D:/2026-02-13_U2OS-Hoechst-H2AX_STC-11A-11B-Dox-BLO/Hoechst-H2AX.2026-02-13-21-50-52"
"185","D:/2026-02-13_U2OS-Hoechst-H2AX_STC-11A-11B-Dox-BLO/Hoechst-H2AX.2026-02-13-21-50-52/Hoechst-H2AX_Plate_R_p00_0_C03f08d0.TIF","D:/2026-02-13_U2OS-Hoechst-H2AX_STC-11A-11B-Dox-BLO/Hoechst-H2AX.2026-02-13-21-50-52/Hoechst-H2AX_Plate_R_p00_0_C03f08d1.TIF","Bleomycin","10","C03","D:/2026-02-13_U2OS-Hoechst-H2AX_STC-11A-11B-Dox-BLO/Hoechst-H2AX.2026-02-13-21-50-52","D:/2026-02-13_U2OS-Hoechst-H2AX_STC-11A-11B-Dox-BLO/Hoechst-H2AX.2026-02-13-21-50-52"
"186","D:/2026-02-13_U2OS-Hoechst-H2AX_STC-11A-11B-Dox-BLO/Hoechst-H2AX.2026-02-13-21-50-52/Hoechst-H2AX_Plate_R_p00_0_C03f09d0.TIF","D:/2026-02-13_U2OS-Hoechst-H2AX_STC-11A-11B-Dox-BLO/Hoechst-H2AX.2026-02-13-21-50-52/Hoechst-H2AX_Plate_R_p00_0_C03f09d1.TIF","Bleomycin","10","C03","D:/2026-02-13_U2OS-Hoechst-H2AX_STC-11A-11B-Dox-BLO/Hoechst-H2AX.2026-02-13-21-50-52","D:/2026-02-13_U2OS-Hoechst-H2AX_STC-11A-11B-Dox-BLO/Hoechst-H2AX.2026-02-13-21-50-52"
"187","D:/2026-02-13_U2OS-Hoechst-H2AX_STC-11A-11B-Dox-BLO/Hoechst-H2AX.2026-02-13-21-50-52/Hoechst-H2AX_Plate_R_p00_0_C03f10d0.TIF","D:/2026-02-13_U2OS-Hoechst-H2AX_STC-11A-11B-Dox-BLO/Hoechst-H2AX.2026-02-13-21-50-52/Hoechst-H2AX_Plate_R_p00_0_C03f10d1.TIF","Bleomycin","10","C03","D:/2026-02-13_U2OS-Hoechst-H2AX_STC-11A-11B-Dox-BLO/Hoechst-H2AX.2026-02-13-21-50-52","D:/2026-02-13_U2OS-Hoechst-H2AX_STC-11A-11B-Dox-BLO/Hoechst-H2AX.2026-02-13-21-50-52"
"188","D:/2026-02-13_U2OS-Hoechst-H2AX_STC-11A-11B-Dox-BLO/Hoechst-H2AX.2026-02-13-21-50-52/Hoechst-H2AX_Plate_R_p00_0_C03f11d0.TIF","D:/2026-02-13_U2OS-Hoechst-H2AX_STC-11A-11B-Dox-BLO/Hoechst-H2AX.2026-02-13-21-50-52/Hoechst-H2AX_Plate_R_p00_0_C03f11d1.TIF","Bleomycin","10","C03","D:/2026-02-13_U2OS-Hoechst-H2AX_STC-11A-11B-Dox-BLO/Hoechst-H2AX.2026-02-13-21-50-52","D:/2026-02-13_U2OS-Hoechst-H2AX_STC-11A-11B-Dox-BLO/Hoechst-H2AX.2026-02-13-21-50-52"
"189","D:/2026-02-13_U2OS-Hoechst-H2AX_STC-11A-11B-Dox-BLO/Hoechst-H2AX.2026-02-13-21-50-52/Hoechst-H2AX_Plate_R_p00_0_C03f12d0.TIF","D:/2026-02-13_U2OS-Hoechst-H2AX_STC-11A-11B-Dox-BLO/Hoechst-H2AX.2026-02-13-21-50-52/Hoechst-H2AX_Plate_R_p00_0_C03f12d1.TIF","Bleomycin","10","C03","D:/2026-02-13_U2OS-Hoechst-H2AX_STC-11A-11B-Dox-BLO/Hoechst-H2AX.2026-02-13-21-50-52","D:/2026-02-13_U2OS-Hoechst-H2AX_STC-11A-11B-Dox-BLO/Hoechst-H2AX.2026-02-13-21-50-52"
"190","D:/2026-02-13_U2OS-Hoechst-H2AX_STC-11A-11B-Dox-BLO/Hoechst-H2AX.2026-02-13-21-50-52/Hoechst-H2AX_Plate_R_p00_0_C03f13d0.TIF","D:/2026-02-13_U2OS-Hoechst-H2AX_STC-11A-11B-Dox-BLO/Hoechst-H2AX.2026-02-13-21-50-52/Hoechst-H2AX_Plate_R_p00_0_C03f13d1.TIF","Bleomycin","10","C03","D:/2026-02-13_U2OS-Hoechst-H2AX_STC-11A-11B-Dox-BLO/Hoechst-H2AX.2026-02-13-21-50-52","D:/2026-02-13_U2OS-Hoechst-H2AX_STC-11A-11B-Dox-BLO/Hoechst-H2AX.2026-02-13-21-50-52"
"191","D:/2026-02-13_U2OS-Hoechst-H2AX_STC-11A-11B-Dox-BLO/Hoechst-H2AX.2026-02-13-21-50-52/Hoechst-H2AX_Plate_R_p00_0_C03f14d0.TIF","D:/2026-02-13_U2OS-Hoechst-H2AX_STC-11A-11B-Dox-BLO/Hoechst-H2AX.2026-02-13-21-50-52/Hoechst-H2AX_Plate_R_p00_0_C03f14d1.TIF","Bleomycin","10","C03","D:/2026-02-13_U2OS-Hoechst-H2AX_STC-11A-11B-Dox-BLO/Hoechst-H2AX.2026-02-13-21-50-52","D:/2026-02-13_U2OS-Hoechst-H2AX_STC-11A-11B-Dox-BLO/Hoechst-H2AX.2026-02-13-21-50-52"
"192","D:/2026-02-13_U2OS-Hoechst-H2AX_STC-11A-11B-Dox-BLO/Hoechst-H2AX.2026-02-13-21-50-52/Hoechst-H2AX_Plate_R_p00_0_C03f15d0.TIF","D:/2026-02-13_U2OS-Hoechst-H2AX_STC-11A-11B-Dox-BLO/Hoechst-H2AX.2026-02-13-21-50-52/Hoechst-H2AX_Plate_R_p00_0_C03f15d1.TIF","Bleomycin","10","C03","D:/2026-02-13_U2OS-Hoechst-H2AX_STC-11A-11B-Dox-BLO/Hoechst-H2AX.2026-02-13-21-50-52","D:/2026-02-13_U2OS-Hoechst-H2AX_STC-11A-11B-Dox-BLO/Hoechst-H2AX.2026-02-13-21-50-52"
"193","D:/2026-02-13_U2OS-Hoechst-H2AX_STC-11A-11B-Dox-BLO/Hoechst-H2AX.2026-02-13-21-50-52/Hoechst-H2AX_Plate_R_p00_0_C04f00d0.TIF","D:/2026-02-13_U2OS-Hoechst-H2AX_STC-11A-11B-Dox-BLO/Hoechst-H2AX.2026-02-13-21-50-52/Hoechst-H2AX_Plate_R_p00_0_C04f00d1.TIF","Bleomycin","3","C04","D:/2026-02-13_U2OS-Hoechst-H2AX_STC-11A-11B-Dox-BLO/Hoechst-H2AX.2026-02-13-21-50-52","D:/2026-02-13_U2OS-Hoechst-H2AX_STC-11A-11B-Dox-BLO/Hoechst-H2AX.2026-02-13-21-50-52"
"194","D:/2026-02-13_U2OS-Hoechst-H2AX_STC-11A-11B-Dox-BLO/Hoechst-H2AX.2026-02-13-21-50-52/Hoechst-H2AX_Plate_R_p00_0_C04f01d0.TIF","D:/2026-02-13_U2OS-Hoechst-H2AX_STC-11A-11B-Dox-BLO/Hoechst-H2AX.2026-02-13-21-50-52/Hoechst-H2AX_Plate_R_p00_0_C04f01d1.TIF","Bleomycin","3","C04","D:/2026-02-13_U2OS-Hoechst-H2AX_STC-11A-11B-Dox-BLO/Hoechst-H2AX.2026-02-13-21-50-52","D:/2026-02-13_U2OS-Hoechst-H2AX_STC-11A-11B-Dox-BLO/Hoechst-H2AX.2026-02-13-21-50-52"
"195","D:/2026-02-13_U2OS-Hoechst-H2AX_STC-11A-11B-Dox-BLO/Hoechst-H2AX.2026-02-13-21-50-52/Hoechst-H2AX_Plate_R_p00_0_C04f02d0.TIF","D:/2026-02-13_U2OS-Hoechst-H2AX_STC-11A-11B-Dox-BLO/Hoechst-H2AX.2026-02-13-21-50-52/Hoechst-H2AX_Plate_R_p00_0_C04f02d1.TIF","Bleomycin","3","C04","D:/2026-02-13_U2OS-Hoechst-H2AX_STC-11A-11B-Dox-BLO/Hoechst-H2AX.2026-02-13-21-50-52","D:/2026-02-13_U2OS-Hoechst-H2AX_STC-11A-11B-Dox-BLO/Hoechst-H2AX.2026-02-13-21-50-52"
"196","D:/2026-02-13_U2OS-Hoechst-H2AX_STC-11A-11B-Dox-BLO/Hoechst-H2AX.2026-02-13-21-50-52/Hoechst-H2AX_Plate_R_p00_0_C04f03d0.TIF","D:/2026-02-13_U2OS-Hoechst-H2AX_STC-11A-11B-Dox-BLO/Hoechst-H2AX.2026-02-13-21-50-52/Hoechst-H2AX_Plate_R_p00_0_C04f03d1.TIF","Bleomycin","3","C04","D:/2026-02-13_U2OS-Hoechst-H2AX_STC-11A-11B-Dox-BLO/Hoechst-H2AX.2026-02-13-21-50-52","D:/2026-02-13_U2OS-Hoechst-H2AX_STC-11A-11B-Dox-BLO/Hoechst-H2AX.2026-02-13-21-50-52"
"197","D:/2026-02-13_U2OS-Hoechst-H2AX_STC-11A-11B-Dox-BLO/Hoechst-H2AX.2026-02-13-21-50-52/Hoechst-H2AX_Plate_R_p00_0_C04f04d0.TIF","D:/2026-02-13_U2OS-Hoechst-H2AX_STC-11A-11B-Dox-BLO/Hoechst-H2AX.2026-02-13-21-50-52/Hoechst-H2AX_Plate_R_p00_0_C04f04d1.TIF","Bleomycin","3","C04","D:/2026-02-13_U2OS-Hoechst-H2AX_STC-11A-11B-Dox-BLO/Hoechst-H2AX.2026-02-13-21-50-52","D:/2026-02-13_U2OS-Hoechst-H2AX_STC-11A-11B-Dox-BLO/Hoechst-H2AX.2026-02-13-21-50-52"
"198","D:/2026-02-13_U2OS-Hoechst-H2AX_STC-11A-11B-Dox-BLO/Hoechst-H2AX.2026-02-13-21-50-52/Hoechst-H2AX_Plate_R_p00_0_C04f05d0.TIF","D:/2026-02-13_U2OS-Hoechst-H2AX_STC-11A-11B-Dox-BLO/Hoechst-H2AX.2026-02-13-21-50-52/Hoechst-H2AX_Plate_R_p00_0_C04f05d1.TIF","Bleomycin","3","C04","D:/2026-02-13_U2OS-Hoechst-H2AX_STC-11A-11B-Dox-BLO/Hoechst-H2AX.2026-02-13-21-50-52","D:/2026-02-13_U2OS-Hoechst-H2AX_STC-11A-11B-Dox-BLO/Hoechst-H2AX.2026-02-13-21-50-52"
"199","D:/2026-02-13_U2OS-Hoechst-H2AX_STC-11A-11B-Dox-BLO/Hoechst-H2AX.2026-02-13-21-50-52/Hoechst-H2AX_Plate_R_p00_0_C04f06d0.TIF","D:/2026-02-13_U2OS-Hoechst-H2AX_STC-11A-11B-Dox-BLO/Hoechst-H2AX.2026-02-13-21-50-52/Hoechst-H2AX_Plate_R_p00_0_C04f06d1.TIF","Bleomycin","3","C04","D:/2026-02-13_U2OS-Hoechst-H2AX_STC-11A-11B-Dox-BLO/Hoechst-H2AX.2026-02-13-21-50-52","D:/2026-02-13_U2OS-Hoechst-H2AX_STC-11A-11B-Dox-BLO/Hoechst-H2AX.2026-02-13-21-50-52"
"200","D:/2026-02-13_U2OS-Hoechst-H2AX_STC-11A-11B-Dox-BLO/Hoechst-H2AX.2026-02-13-21-50-52/Hoechst-H2AX_Plate_R_p00_0_C04f07d0.TIF","D:/2026-02-13_U2OS-Hoechst-H2AX_STC-11A-11B-Dox-BLO/Hoechst-H2AX.2026-02-13-21-50-52/Hoechst-H2AX_Plate_R_p00_0_C04f07d1.TIF","Bleomycin","3","C04","D:/2026-02-13_U2OS-Hoechst-H2AX_STC-11A-11B-Dox-BLO/Hoechst-H2AX.2026-02-13-21-50-52","D:/2026-02-13_U2OS-Hoechst-H2AX_STC-11A-11B-Dox-BLO/Hoechst-H2AX.2026-02-13-21-50-52"
"201","D:/2026-02-13_U2OS-Hoechst-H2AX_STC-11A-11B-Dox-BLO/Hoechst-H2AX.2026-02-13-21-50-52/Hoechst-H2AX_Plate_R_p00_0_C04f08d0.TIF","D:/2026-02-13_U2OS-Hoechst-H2AX_STC-11A-11B-Dox-BLO/Hoechst-H2AX.2026-02-13-21-50-52/Hoechst-H2AX_Plate_R_p00_0_C04f08d1.TIF","Bleomycin","3","C04","D:/2026-02-13_U2OS-Hoechst-H2AX_STC-11A-11B-Dox-BLO/Hoechst-H2AX.2026-02-13-21-50-52","D:/2026-02-13_U2OS-Hoechst-H2AX_STC-11A-11B-Dox-BLO/Hoechst-H2AX.2026-02-13-21-50-52"
"202","D:/2026-02-13_U2OS-Hoechst-H2AX_STC-11A-11B-Dox-BLO/Hoechst-H2AX.2026-02-13-21-50-52/Hoechst-H2AX_Plate_R_p00_0_C04f09d0.TIF","D:/2026-02-13_U2OS-Hoechst-H2AX_STC-11A-11B-Dox-BLO/Hoechst-H2AX.2026-02-13-21-50-52/Hoechst-H2AX_Plate_R_p00_0_C04f09d1.TIF","Bleomycin","3","C04","D:/2026-02-13_U2OS-Hoechst-H2AX_STC-11A-11B-Dox-BLO/Hoechst-H2AX.2026-02-13-21-50-52","D:/2026-02-13_U2OS-Hoechst-H2AX_STC-11A-11B-Dox-BLO/Hoechst-H2AX.2026-02-13-21-50-52"
"203","D:/2026-02-13_U2OS-Hoechst-H2AX_STC-11A-11B-Dox-BLO/Hoechst-H2AX.2026-02-13-21-50-52/Hoechst-H2AX_Plate_R_p00_0_C04f10d0.TIF","D:/2026-02-13_U2OS-Hoechst-H2AX_STC-11A-11B-Dox-BLO/Hoechst-H2AX.2026-02-13-21-50-52/Hoechst-H2AX_Plate_R_p00_0_C04f10d1.TIF","Bleomycin","3","C04","D:/2026-02-13_U2OS-Hoechst-H2AX_STC-11A-11B-Dox-BLO/Hoechst-H2AX.2026-02-13-21-50-52","D:/2026-02-13_U2OS-Hoechst-H2AX_STC-11A-11B-Dox-BLO/Hoechst-H2AX.2026-02-13-21-50-52"
"204","D:/2026-02-13_U2OS-Hoechst-H2AX_STC-11A-11B-Dox-BLO/Hoechst-H2AX.2026-02-13-21-50-52/Hoechst-H2AX_Plate_R_p00_0_C04f11d0.TIF","D:/2026-02-13_U2OS-Hoechst-H2AX_STC-11A-11B-Dox-BLO/Hoechst-H2AX.2026-02-13-21-50-52/Hoechst-H2AX_Plate_R_p00_0_C04f11d1.TIF","Bleomycin","3","C04","D:/2026-02-13_U2OS-Hoechst-H2AX_STC-11A-11B-Dox-BLO/Hoechst-H2AX.2026-02-13-21-50-52","D:/2026-02-13_U2OS-Hoechst-H2AX_STC-11A-11B-Dox-BLO/Hoechst-H2AX.2026-02-13-21-50-52"
"205","D:/2026-02-13_U2OS-Hoechst-H2AX_STC-11A-11B-Dox-BLO/Hoechst-H2AX.2026-02-13-21-50-52/Hoechst-H2AX_Plate_R_p00_0_C04f12d0.TIF","D:/2026-02-13_U2OS-Hoechst-H2AX_STC-11A-11B-Dox-BLO/Hoechst-H2AX.2026-02-13-21-50-52/Hoechst-H2AX_Plate_R_p00_0_C04f12d1.TIF","Bleomycin","3","C04","D:/2026-02-13_U2OS-Hoechst-H2AX_STC-11A-11B-Dox-BLO/Hoechst-H2AX.2026-02-13-21-50-52","D:/2026-02-13_U2OS-Hoechst-H2AX_STC-11A-11B-Dox-BLO/Hoechst-H2AX.2026-02-13-21-50-52"
"206","D:/2026-02-13_U2OS-Hoechst-H2AX_STC-11A-11B-Dox-BLO/Hoechst-H2AX.2026-02-13-21-50-52/Hoechst-H2AX_Plate_R_p00_0_C04f13d0.TIF","D:/2026-02-13_U2OS-Hoechst-H2AX_STC-11A-11B-Dox-BLO/Hoechst-H2AX.2026-02-13-21-50-52/Hoechst-H2AX_Plate_R_p00_0_C04f13d1.TIF","Bleomycin","3","C04","D:/2026-02-13_U2OS-Hoechst-H2AX_STC-11A-11B-Dox-BLO/Hoechst-H2AX.2026-02-13-21-50-52","D:/2026-02-13_U2OS-Hoechst-H2AX_STC-11A-11B-Dox-BLO/Hoechst-H2AX.2026-02-13-21-50-52"
"207","D:/2026-02-13_U2OS-Hoechst-H2AX_STC-11A-11B-Dox-BLO/Hoechst-H2AX.2026-02-13-21-50-52/Hoechst-H2AX_Plate_R_p00_0_C04f14d0.TIF","D:/2026-02-13_U2OS-Hoechst-H2AX_STC-11A-11B-Dox-BLO/Hoechst-H2AX.2026-02-13-21-50-52/Hoechst-H2AX_Plate_R_p00_0_C04f14d1.TIF","Bleomycin","3","C04","D:/2026-02-13_U2OS-Hoechst-H2AX_STC-11A-11B-Dox-BLO/Hoechst-H2AX.2026-02-13-21-50-52","D:/2026-02-13_U2OS-Hoechst-H2AX_STC-11A-11B-Dox-BLO/Hoechst-H2AX.2026-02-13-21-50-52"
"208","D:/2026-02-13_U2OS-Hoechst-H2AX_STC-11A-11B-Dox-BLO/Hoechst-H2AX.2026-02-13-21-50-52/Hoechst-H2AX_Plate_R_p00_0_C04f15d0.TIF","D:/2026-02-13_U2OS-Hoechst-H2AX_STC-11A-11B-Dox-BLO/Hoechst-H2AX.2026-02-13-21-50-52/Hoechst-H2AX_Plate_R_p00_0_C04f15d1.TIF","Bleomycin","3","C04","D:/2026-02-13_U2OS-Hoechst-H2AX_STC-11A-11B-Dox-BLO/Hoechst-H2AX.2026-02-13-21-50-52","D:/2026-02-13_U2OS-Hoechst-H2AX_STC-11A-11B-Dox-BLO/Hoechst-H2AX.2026-02-13-21-50-52"
"209","D:/2026-02-13_U2OS-Hoechst-H2AX_STC-11A-11B-Dox-BLO/Hoechst-H2AX.2026-02-13-21-50-52/Hoechst-H2AX_Plate_R_p00_0_C05f00d0.TIF","D:/2026-02-13_U2OS-Hoechst-H2AX_STC-11A-11B-Dox-BLO/Hoechst-H2AX.2026-02-13-21-50-52/Hoechst-H2AX_Plate_R_p00_0_C05f00d1.TIF","KCB25-11A","10","C05","D:/2026-02-13_U2OS-Hoechst-H2AX_STC-11A-11B-Dox-BLO/Hoechst-H2AX.2026-02-13-21-50-52","D:/2026-02-13_U2OS-Hoechst-H2AX_STC-11A-11B-Dox-BLO/Hoechst-H2AX.2026-02-13-21-50-52"
"210","D:/2026-02-13_U2OS-Hoechst-H2AX_STC-11A-11B-Dox-BLO/Hoechst-H2AX.2026-02-13-21-50-52/Hoechst-H2AX_Plate_R_p00_0_C05f01d0.TIF","D:/2026-02-13_U2OS-Hoechst-H2AX_STC-11A-11B-Dox-BLO/Hoechst-H2AX.2026-02-13-21-50-52/Hoechst-H2AX_Plate_R_p00_0_C05f01d1.TIF","KCB25-11A","10","C05","D:/2026-02-13_U2OS-Hoechst-H2AX_STC-11A-11B-Dox-BLO/Hoechst-H2AX.2026-02-13-21-50-52","D:/2026-02-13_U2OS-Hoechst-H2AX_STC-11A-11B-Dox-BLO/Hoechst-H2AX.2026-02-13-21-50-52"
"211","D:/2026-02-13_U2OS-Hoechst-H2AX_STC-11A-11B-Dox-BLO/Hoechst-H2AX.2026-02-13-21-50-52/Hoechst-H2AX_Plate_R_p00_0_C05f02d0.TIF","D:/2026-02-13_U2OS-Hoechst-H2AX_STC-11A-11B-Dox-BLO/Hoechst-H2AX.2026-02-13-21-50-52/Hoechst-H2AX_Plate_R_p00_0_C05f02d1.TIF","KCB25-11A","10","C05","D:/2026-02-13_U2OS-Hoechst-H2AX_STC-11A-11B-Dox-BLO/Hoechst-H2AX.2026-02-13-21-50-52","D:/2026-02-13_U2OS-Hoechst-H2AX_STC-11A-11B-Dox-BLO/Hoechst-H2AX.2026-02-13-21-50-52"
"212","D:/2026-02-13_U2OS-Hoechst-H2AX_STC-11A-11B-Dox-BLO/Hoechst-H2AX.2026-02-13-21-50-52/Hoechst-H2AX_Plate_R_p00_0_C05f03d0.TIF","D:/2026-02-13_U2OS-Hoechst-H2AX_STC-11A-11B-Dox-BLO/Hoechst-H2AX.2026-02-13-21-50-52/Hoechst-H2AX_Plate_R_p00_0_C05f03d1.TIF","KCB25-11A","10","C05","D:/2026-02-13_U2OS-Hoechst-H2AX_STC-11A-11B-Dox-BLO/Hoechst-H2AX.2026-02-13-21-50-52","D:/2026-02-13_U2OS-Hoechst-H2AX_STC-11A-11B-Dox-BLO/Hoechst-H2AX.2026-02-13-21-50-52"
"213","D:/2026-02-13_U2OS-Hoechst-H2AX_STC-11A-11B-Dox-BLO/Hoechst-H2AX.2026-02-13-21-50-52/Hoechst-H2AX_Plate_R_p00_0_C05f04d0.TIF","D:/2026-02-13_U2OS-Hoechst-H2AX_STC-11A-11B-Dox-BLO/Hoechst-H2AX.2026-02-13-21-50-52/Hoechst-H2AX_Plate_R_p00_0_C05f04d1.TIF","KCB25-11A","10","C05","D:/2026-02-13_U2OS-Hoechst-H2AX_STC-11A-11B-Dox-BLO/Hoechst-H2AX.2026-02-13-21-50-52","D:/2026-02-13_U2OS-Hoechst-H2AX_STC-11A-11B-Dox-BLO/Hoechst-H2AX.2026-02-13-21-50-52"
"214","D:/2026-02-13_U2OS-Hoechst-H2AX_STC-11A-11B-Dox-BLO/Hoechst-H2AX.2026-02-13-21-50-52/Hoechst-H2AX_Plate_R_p00_0_C05f05d0.TIF","D:/2026-02-13_U2OS-Hoechst-H2AX_STC-11A-11B-Dox-BLO/Hoechst-H2AX.2026-02-13-21-50-52/Hoechst-H2AX_Plate_R_p00_0_C05f05d1.TIF","KCB25-11A","10","C05","D:/2026-02-13_U2OS-Hoechst-H2AX_STC-11A-11B-Dox-BLO/Hoechst-H2AX.2026-02-13-21-50-52","D:/2026-02-13_U2OS-Hoechst-H2AX_STC-11A-11B-Dox-BLO/Hoechst-H2AX.2026-02-13-21-50-52"
"215","D:/2026-02-13_U2OS-Hoechst-H2AX_STC-11A-11B-Dox-BLO/Hoechst-H2AX.2026-02-13-21-50-52/Hoechst-H2AX_Plate_R_p00_0_C05f06d0.TIF","D:/2026-02-13_U2OS-Hoechst-H2AX_STC-11A-11B-Dox-BLO/Hoechst-H2AX.2026-02-13-21-50-52/Hoechst-H2AX_Plate_R_p00_0_C05f06d1.TIF","KCB25-11A","10","C05","D:/2026-02-13_U2OS-Hoechst-H2AX_STC-11A-11B-Dox-BLO/Hoechst-H2AX.2026-02-13-21-50-52","D:/2026-02-13_U2OS-Hoechst-H2AX_STC-11A-11B-Dox-BLO/Hoechst-H2AX.2026-02-13-21-50-52"
"216","D:/2026-02-13_U2OS-Hoechst-H2AX_STC-11A-11B-Dox-BLO/Hoechst-H2AX.2026-02-13-21-50-52/Hoechst-H2AX_Plate_R_p00_0_C05f07d0.TIF","D:/2026-02-13_U2OS-Hoechst-H2AX_STC-11A-11B-Dox-BLO/Hoechst-H2AX.2026-02-13-21-50-52/Hoechst-H2AX_Plate_R_p00_0_C05f07d1.TIF","KCB25-11A","10","C05","D:/2026-02-13_U2OS-Hoechst-H2AX_STC-11A-11B-Dox-BLO/Hoechst-H2AX.2026-02-13-21-50-52","D:/2026-02-13_U2OS-Hoechst-H2AX_STC-11A-11B-Dox-BLO/Hoechst-H2AX.2026-02-13-21-50-52"
"217","D:/2026-02-13_U2OS-Hoechst-H2AX_STC-11A-11B-Dox-BLO/Hoechst-H2AX.2026-02-13-21-50-52/Hoechst-H2AX_Plate_R_p00_0_C05f08d0.TIF","D:/2026-02-13_U2OS-Hoechst-H2AX_STC-11A-11B-Dox-BLO/Hoechst-H2AX.2026-02-13-21-50-52/Hoechst-H2AX_Plate_R_p00_0_C05f08d1.TIF","KCB25-11A","10","C05","D:/2026-02-13_U2OS-Hoechst-H2AX_STC-11A-11B-Dox-BLO/Hoechst-H2AX.2026-02-13-21-50-52","D:/2026-02-13_U2OS-Hoechst-H2AX_STC-11A-11B-Dox-BLO/Hoechst-H2AX.2026-02-13-21-50-52"
"218","D:/2026-02-13_U2OS-Hoechst-H2AX_STC-11A-11B-Dox-BLO/Hoechst-H2AX.2026-02-13-21-50-52/Hoechst-H2AX_Plate_R_p00_0_C05f09d0.TIF","D:/2026-02-13_U2OS-Hoechst-H2AX_STC-11A-11B-Dox-BLO/Hoechst-H2AX.2026-02-13-21-50-52/Hoechst-H2AX_Plate_R_p00_0_C05f09d1.TIF","KCB25-11A","10","C05","D:/2026-02-13_U2OS-Hoechst-H2AX_STC-11A-11B-Dox-BLO/Hoechst-H2AX.2026-02-13-21-50-52","D:/2026-02-13_U2OS-Hoechst-H2AX_STC-11A-11B-Dox-BLO/Hoechst-H2AX.2026-02-13-21-50-52"
"219","D:/2026-02-13_U2OS-Hoechst-H2AX_STC-11A-11B-Dox-BLO/Hoechst-H2AX.2026-02-13-21-50-52/Hoechst-H2AX_Plate_R_p00_0_C05f10d0.TIF","D:/2026-02-13_U2OS-Hoechst-H2AX_STC-11A-11B-Dox-BLO/Hoechst-H2AX.2026-02-13-21-50-52/Hoechst-H2AX_Plate_R_p00_0_C05f10d1.TIF","KCB25-11A","10","C05","D:/2026-02-13_U2OS-Hoechst-H2AX_STC-11A-11B-Dox-BLO/Hoechst-H2AX.2026-02-13-21-50-52","D:/2026-02-13_U2OS-Hoechst-H2AX_STC-11A-11B-Dox-BLO/Hoechst-H2AX.2026-02-13-21-50-52"
"220","D:/2026-02-13_U2OS-Hoechst-H2AX_STC-11A-11B-Dox-BLO/Hoechst-H2AX.2026-02-13-21-50-52/Hoechst-H2AX_Plate_R_p00_0_C05f11d0.TIF","D:/2026-02-13_U2OS-Hoechst-H2AX_STC-11A-11B-Dox-BLO/Hoechst-H2AX.2026-02-13-21-50-52/Hoechst-H2AX_Plate_R_p00_0_C05f11d1.TIF","KCB25-11A","10","C05","D:/2026-02-13_U2OS-Hoechst-H2AX_STC-11A-11B-Dox-BLO/Hoechst-H2AX.2026-02-13-21-50-52","D:/2026-02-13_U2OS-Hoechst-H2AX_STC-11A-11B-Dox-BLO/Hoechst-H2AX.2026-02-13-21-50-52"
"221","D:/2026-02-13_U2OS-Hoechst-H2AX_STC-11A-11B-Dox-BLO/Hoechst-H2AX.2026-02-13-21-50-52/Hoechst-H2AX_Plate_R_p00_0_C05f12d0.TIF","D:/2026-02-13_U2OS-Hoechst-H2AX_STC-11A-11B-Dox-BLO/Hoechst-H2AX.2026-02-13-21-50-52/Hoechst-H2AX_Plate_R_p00_0_C05f12d1.TIF","KCB25-11A","10","C05","D:/2026-02-13_U2OS-Hoechst-H2AX_STC-11A-11B-Dox-BLO/Hoechst-H2AX.2026-02-13-21-50-52","D:/2026-02-13_U2OS-Hoechst-H2AX_STC-11A-11B-Dox-BLO/Hoechst-H2AX.2026-02-13-21-50-52"
"222","D:/2026-02-13_U2OS-Hoechst-H2AX_STC-11A-11B-Dox-BLO/Hoechst-H2AX.2026-02-13-21-50-52/Hoechst-H2AX_Plate_R_p00_0_C05f13d0.TIF","D:/2026-02-13_U2OS-Hoechst-H2AX_STC-11A-11B-Dox-BLO/Hoechst-H2AX.2026-02-13-21-50-52/Hoechst-H2AX_Plate_R_p00_0_C05f13d1.TIF","KCB25-11A","10","C05","D:/2026-02-13_U2OS-Hoechst-H2AX_STC-11A-11B-Dox-BLO/Hoechst-H2AX.2026-02-13-21-50-52","D:/2026-02-13_U2OS-Hoechst-H2AX_STC-11A-11B-Dox-BLO/Hoechst-H2AX.2026-02-13-21-50-52"
"223","D:/2026-02-13_U2OS-Hoechst-H2AX_STC-11A-11B-Dox-BLO/Hoechst-H2AX.2026-02-13-21-50-52/Hoechst-H2AX_Plate_R_p00_0_C05f14d0.TIF","D:/2026-02-13_U2OS-Hoechst-H2AX_STC-11A-11B-Dox-BLO/Hoechst-H2AX.2026-02-13-21-50-52/Hoechst-H2AX_Plate_R_p00_0_C05f14d1.TIF","KCB25-11A","10","C05","D:/2026-02-13_U2OS-Hoechst-H2AX_STC-11A-11B-Dox-BLO/Hoechst-H2AX.2026-02-13-21-50-52","D:/2026-02-13_U2OS-Hoechst-H2AX_STC-11A-11B-Dox-BLO/Hoechst-H2AX.2026-02-13-21-50-52"
"224","D:/2026-02-13_U2OS-Hoechst-H2AX_STC-11A-11B-Dox-BLO/Hoechst-H2AX.2026-02-13-21-50-52/Hoechst-H2AX_Plate_R_p00_0_C05f15d0.TIF","D:/2026-02-13_U2OS-Hoechst-H2AX_STC-11A-11B-Dox-BLO/Hoechst-H2AX.2026-02-13-21-50-52/Hoechst-H2AX_Plate_R_p00_0_C05f15d1.TIF","KCB25-11A","10","C05","D:/2026-02-13_U2OS-Hoechst-H2AX_STC-11A-11B-Dox-BLO/Hoechst-H2AX.2026-02-13-21-50-52","D:/2026-02-13_U2OS-Hoechst-H2AX_STC-11A-11B-Dox-BLO/Hoechst-H2AX.2026-02-13-21-50-52"
"225","D:/2026-02-13_U2OS-Hoechst-H2AX_STC-11A-11B-Dox-BLO/Hoechst-H2AX.2026-02-13-21-50-52/Hoechst-H2AX_Plate_R_p00_0_C06f00d0.TIF","D:/2026-02-13_U2OS-Hoechst-H2AX_STC-11A-11B-Dox-BLO/Hoechst-H2AX.2026-02-13-21-50-52/Hoechst-H2AX_Plate_R_p00_0_C06f00d1.TIF","KCB25-11A","3","C06","D:/2026-02-13_U2OS-Hoechst-H2AX_STC-11A-11B-Dox-BLO/Hoechst-H2AX.2026-02-13-21-50-52","D:/2026-02-13_U2OS-Hoechst-H2AX_STC-11A-11B-Dox-BLO/Hoechst-H2AX.2026-02-13-21-50-52"
"226","D:/2026-02-13_U2OS-Hoechst-H2AX_STC-11A-11B-Dox-BLO/Hoechst-H2AX.2026-02-13-21-50-52/Hoechst-H2AX_Plate_R_p00_0_C06f01d0.TIF","D:/2026-02-13_U2OS-Hoechst-H2AX_STC-11A-11B-Dox-BLO/Hoechst-H2AX.2026-02-13-21-50-52/Hoechst-H2AX_Plate_R_p00_0_C06f01d1.TIF","KCB25-11A","3","C06","D:/2026-02-13_U2OS-Hoechst-H2AX_STC-11A-11B-Dox-BLO/Hoechst-H2AX.2026-02-13-21-50-52","D:/2026-02-13_U2OS-Hoechst-H2AX_STC-11A-11B-Dox-BLO/Hoechst-H2AX.2026-02-13-21-50-52"
"227","D:/2026-02-13_U2OS-Hoechst-H2AX_STC-11A-11B-Dox-BLO/Hoechst-H2AX.2026-02-13-21-50-52/Hoechst-H2AX_Plate_R_p00_0_C06f02d0.TIF","D:/2026-02-13_U2OS-Hoechst-H2AX_STC-11A-11B-Dox-BLO/Hoechst-H2AX.2026-02-13-21-50-52/Hoechst-H2AX_Plate_R_p00_0_C06f02d1.TIF","KCB25-11A","3","C06","D:/2026-02-13_U2OS-Hoechst-H2AX_STC-11A-11B-Dox-BLO/Hoechst-H2AX.2026-02-13-21-50-52","D:/2026-02-13_U2OS-Hoechst-H2AX_STC-11A-11B-Dox-BLO/Hoechst-H2AX.2026-02-13-21-50-52"
"228","D:/2026-02-13_U2OS-Hoechst-H2AX_STC-11A-11B-Dox-BLO/Hoechst-H2AX.2026-02-13-21-50-52/Hoechst-H2AX_Plate_R_p00_0_C06f03d0.TIF","D:/2026-02-13_U2OS-Hoechst-H2AX_STC-11A-11B-Dox-BLO/Hoechst-H2AX.2026-02-13-21-50-52/Hoechst-H2AX_Plate_R_p00_0_C06f03d1.TIF","KCB25-11A","3","C06","D:/2026-02-13_U2OS-Hoechst-H2AX_STC-11A-11B-Dox-BLO/Hoechst-H2AX.2026-02-13-21-50-52","D:/2026-02-13_U2OS-Hoechst-H2AX_STC-11A-11B-Dox-BLO/Hoechst-H2AX.2026-02-13-21-50-52"
"229","D:/2026-02-13_U2OS-Hoechst-H2AX_STC-11A-11B-Dox-BLO/Hoechst-H2AX.2026-02-13-21-50-52/Hoechst-H2AX_Plate_R_p00_0_C06f04d0.TIF","D:/2026-02-13_U2OS-Hoechst-H2AX_STC-11A-11B-Dox-BLO/Hoechst-H2AX.2026-02-13-21-50-52/Hoechst-H2AX_Plate_R_p00_0_C06f04d1.TIF","KCB25-11A","3","C06","D:/2026-02-13_U2OS-Hoechst-H2AX_STC-11A-11B-Dox-BLO/Hoechst-H2AX.2026-02-13-21-50-52","D:/2026-02-13_U2OS-Hoechst-H2AX_STC-11A-11B-Dox-BLO/Hoechst-H2AX.2026-02-13-21-50-52"
"230","D:/2026-02-13_U2OS-Hoechst-H2AX_STC-11A-11B-Dox-BLO/Hoechst-H2AX.2026-02-13-21-50-52/Hoechst-H2AX_Plate_R_p00_0_C06f05d0.TIF","D:/2026-02-13_U2OS-Hoechst-H2AX_STC-11A-11B-Dox-BLO/Hoechst-H2AX.2026-02-13-21-50-52/Hoechst-H2AX_Plate_R_p00_0_C06f05d1.TIF","KCB25-11A","3","C06","D:/2026-02-13_U2OS-Hoechst-H2AX_STC-11A-11B-Dox-BLO/Hoechst-H2AX.2026-02-13-21-50-52","D:/2026-02-13_U2OS-Hoechst-H2AX_STC-11A-11B-Dox-BLO/Hoechst-H2AX.2026-02-13-21-50-52"
"231","D:/2026-02-13_U2OS-Hoechst-H2AX_STC-11A-11B-Dox-BLO/Hoechst-H2AX.2026-02-13-21-50-52/Hoechst-H2AX_Plate_R_p00_0_C06f06d0.TIF","D:/2026-02-13_U2OS-Hoechst-H2AX_STC-11A-11B-Dox-BLO/Hoechst-H2AX.2026-02-13-21-50-52/Hoechst-H2AX_Plate_R_p00_0_C06f06d1.TIF","KCB25-11A","3","C06","D:/2026-02-13_U2OS-Hoechst-H2AX_STC-11A-11B-Dox-BLO/Hoechst-H2AX.2026-02-13-21-50-52","D:/2026-02-13_U2OS-Hoechst-H2AX_STC-11A-11B-Dox-BLO/Hoechst-H2AX.2026-02-13-21-50-52"
"232","D:/2026-02-13_U2OS-Hoechst-H2AX_STC-11A-11B-Dox-BLO/Hoechst-H2AX.2026-02-13-21-50-52/Hoechst-H2AX_Plate_R_p00_0_C06f07d0.TIF","D:/2026-02-13_U2OS-Hoechst-H2AX_STC-11A-11B-Dox-BLO/Hoechst-H2AX.2026-02-13-21-50-52/Hoechst-H2AX_Plate_R_p00_0_C06f07d1.TIF","KCB25-11A","3","C06","D:/2026-02-13_U2OS-Hoechst-H2AX_STC-11A-11B-Dox-BLO/Hoechst-H2AX.2026-02-13-21-50-52","D:/2026-02-13_U2OS-Hoechst-H2AX_STC-11A-11B-Dox-BLO/Hoechst-H2AX.2026-02-13-21-50-52"
"233","D:/2026-02-13_U2OS-Hoechst-H2AX_STC-11A-11B-Dox-BLO/Hoechst-H2AX.2026-02-13-21-50-52/Hoechst-H2AX_Plate_R_p00_0_C06f08d0.TIF","D:/2026-02-13_U2OS-Hoechst-H2AX_STC-11A-11B-Dox-BLO/Hoechst-H2AX.2026-02-13-21-50-52/Hoechst-H2AX_Plate_R_p00_0_C06f08d1.TIF","KCB25-11A","3","C06","D:/2026-02-13_U2OS-Hoechst-H2AX_STC-11A-11B-Dox-BLO/Hoechst-H2AX.2026-02-13-21-50-52","D:/2026-02-13_U2OS-Hoechst-H2AX_STC-11A-11B-Dox-BLO/Hoechst-H2AX.2026-02-13-21-50-52"
"234","D:/2026-02-13_U2OS-Hoechst-H2AX_STC-11A-11B-Dox-BLO/Hoechst-H2AX.2026-02-13-21-50-52/Hoechst-H2AX_Plate_R_p00_0_C06f09d0.TIF","D:/2026-02-13_U2OS-Hoechst-H2AX_STC-11A-11B-Dox-BLO/Hoechst-H2AX.2026-02-13-21-50-52/Hoechst-H2AX_Plate_R_p00_0_C06f09d1.TIF","KCB25-11A","3","C06","D:/2026-02-13_U2OS-Hoechst-H2AX_STC-11A-11B-Dox-BLO/Hoechst-H2AX.2026-02-13-21-50-52","D:/2026-02-13_U2OS-Hoechst-H2AX_STC-11A-11B-Dox-BLO/Hoechst-H2AX.2026-02-13-21-50-52"
"235","D:/2026-02-13_U2OS-Hoechst-H2AX_STC-11A-11B-Dox-BLO/Hoechst-H2AX.2026-02-13-21-50-52/Hoechst-H2AX_Plate_R_p00_0_C06f10d0.TIF","D:/2026-02-13_U2OS-Hoechst-H2AX_STC-11A-11B-Dox-BLO/Hoechst-H2AX.2026-02-13-21-50-52/Hoechst-H2AX_Plate_R_p00_0_C06f10d1.TIF","KCB25-11A","3","C06","D:/2026-02-13_U2OS-Hoechst-H2AX_STC-11A-11B-Dox-BLO/Hoechst-H2AX.2026-02-13-21-50-52","D:/2026-02-13_U2OS-Hoechst-H2AX_STC-11A-11B-Dox-BLO/Hoechst-H2AX.2026-02-13-21-50-52"
"236","D:/2026-02-13_U2OS-Hoechst-H2AX_STC-11A-11B-Dox-BLO/Hoechst-H2AX.2026-02-13-21-50-52/Hoechst-H2AX_Plate_R_p00_0_C06f11d0.TIF","D:/2026-02-13_U2OS-Hoechst-H2AX_STC-11A-11B-Dox-BLO/Hoechst-H2AX.2026-02-13-21-50-52/Hoechst-H2AX_Plate_R_p00_0_C06f11d1.TIF","KCB25-11A","3","C06","D:/2026-02-13_U2OS-Hoechst-H2AX_STC-11A-11B-Dox-BLO/Hoechst-H2AX.2026-02-13-21-50-52","D:/2026-02-13_U2OS-Hoechst-H2AX_STC-11A-11B-Dox-BLO/Hoechst-H2AX.2026-02-13-21-50-52"
"237","D:/2026-02-13_U2OS-Hoechst-H2AX_STC-11A-11B-Dox-BLO/Hoechst-H2AX.2026-02-13-21-50-52/Hoechst-H2AX_Plate_R_p00_0_C06f12d0.TIF","D:/2026-02-13_U2OS-Hoechst-H2AX_STC-11A-11B-Dox-BLO/Hoechst-H2AX.2026-02-13-21-50-52/Hoechst-H2AX_Plate_R_p00_0_C06f12d1.TIF","KCB25-11A","3","C06","D:/2026-02-13_U2OS-Hoechst-H2AX_STC-11A-11B-Dox-BLO/Hoechst-H2AX.2026-02-13-21-50-52","D:/2026-02-13_U2OS-Hoechst-H2AX_STC-11A-11B-Dox-BLO/Hoechst-H2AX.2026-02-13-21-50-52"
"238","D:/2026-02-13_U2OS-Hoechst-H2AX_STC-11A-11B-Dox-BLO/Hoechst-H2AX.2026-02-13-21-50-52/Hoechst-H2AX_Plate_R_p00_0_C06f13d0.TIF","D:/2026-02-13_U2OS-Hoechst-H2AX_STC-11A-11B-Dox-BLO/Hoechst-H2AX.2026-02-13-21-50-52/Hoechst-H2AX_Plate_R_p00_0_C06f13d1.TIF","KCB25-11A","3","C06","D:/2026-02-13_U2OS-Hoechst-H2AX_STC-11A-11B-Dox-BLO/Hoechst-H2AX.2026-02-13-21-50-52","D:/2026-02-13_U2OS-Hoechst-H2AX_STC-11A-11B-Dox-BLO/Hoechst-H2AX.2026-02-13-21-50-52"
"239","D:/2026-02-13_U2OS-Hoechst-H2AX_STC-11A-11B-Dox-BLO/Hoechst-H2AX.2026-02-13-21-50-52/Hoechst-H2AX_Plate_R_p00_0_C06f14d0.TIF","D:/2026-02-13_U2OS-Hoechst-H2AX_STC-11A-11B-Dox-BLO/Hoechst-H2AX.2026-02-13-21-50-52/Hoechst-H2AX_Plate_R_p00_0_C06f14d1.TIF","KCB25-11A","3","C06","D:/2026-02-13_U2OS-Hoechst-H2AX_STC-11A-11B-Dox-BLO/Hoechst-H2AX.2026-02-13-21-50-52","D:/2026-02-13_U2OS-Hoechst-H2AX_STC-11A-11B-Dox-BLO/Hoechst-H2AX.2026-02-13-21-50-52"
"240","D:/2026-02-13_U2OS-Hoechst-H2AX_STC-11A-11B-Dox-BLO/Hoechst-H2AX.2026-02-13-21-50-52/Hoechst-H2AX_Plate_R_p00_0_C06f15d0.TIF","D:/2026-02-13_U2OS-Hoechst-H2AX_STC-11A-11B-Dox-BLO/Hoechst-H2AX.2026-02-13-21-50-52/Hoechst-H2AX_Plate_R_p00_0_C06f15d1.TIF","KCB25-11A","3","C06","D:/2026-02-13_U2OS-Hoechst-H2AX_STC-11A-11B-Dox-BLO/Hoechst-H2AX.2026-02-13-21-50-52","D:/2026-02-13_U2OS-Hoechst-H2AX_STC-11A-11B-Dox-BLO/Hoechst-H2AX.2026-02-13-21-50-52"
"241","D:/2026-02-13_U2OS-Hoechst-H2AX_STC-11A-11B-Dox-BLO/Hoechst-H2AX.2026-02-13-21-50-52/Hoechst-H2AX_Plate_R_p00_0_C07f00d0.TIF","D:/2026-02-13_U2OS-Hoechst-H2AX_STC-11A-11B-Dox-BLO/Hoechst-H2AX.2026-02-13-21-50-52/Hoechst-H2AX_Plate_R_p00_0_C07f00d1.TIF","KCB25-11A","1","C07","D:/2026-02-13_U2OS-Hoechst-H2AX_STC-11A-11B-Dox-BLO/Hoechst-H2AX.2026-02-13-21-50-52","D:/2026-02-13_U2OS-Hoechst-H2AX_STC-11A-11B-Dox-BLO/Hoechst-H2AX.2026-02-13-21-50-52"
"242","D:/2026-02-13_U2OS-Hoechst-H2AX_STC-11A-11B-Dox-BLO/Hoechst-H2AX.2026-02-13-21-50-52/Hoechst-H2AX_Plate_R_p00_0_C07f01d0.TIF","D:/2026-02-13_U2OS-Hoechst-H2AX_STC-11A-11B-Dox-BLO/Hoechst-H2AX.2026-02-13-21-50-52/Hoechst-H2AX_Plate_R_p00_0_C07f01d1.TIF","KCB25-11A","1","C07","D:/2026-02-13_U2OS-Hoechst-H2AX_STC-11A-11B-Dox-BLO/Hoechst-H2AX.2026-02-13-21-50-52","D:/2026-02-13_U2OS-Hoechst-H2AX_STC-11A-11B-Dox-BLO/Hoechst-H2AX.2026-02-13-21-50-52"
"243","D:/2026-02-13_U2OS-Hoechst-H2AX_STC-11A-11B-Dox-BLO/Hoechst-H2AX.2026-02-13-21-50-52/Hoechst-H2AX_Plate_R_p00_0_C07f02d0.TIF","D:/2026-02-13_U2OS-Hoechst-H2AX_STC-11A-11B-Dox-BLO/Hoechst-H2AX.2026-02-13-21-50-52/Hoechst-H2AX_Plate_R_p00_0_C07f02d1.TIF","KCB25-11A","1","C07","D:/2026-02-13_U2OS-Hoechst-H2AX_STC-11A-11B-Dox-BLO/Hoechst-H2AX.2026-02-13-21-50-52","D:/2026-02-13_U2OS-Hoechst-H2AX_STC-11A-11B-Dox-BLO/Hoechst-H2AX.2026-02-13-21-50-52"
"244","D:/2026-02-13_U2OS-Hoechst-H2AX_STC-11A-11B-Dox-BLO/Hoechst-H2AX.2026-02-13-21-50-52/Hoechst-H2AX_Plate_R_p00_0_C07f03d0.TIF","D:/2026-02-13_U2OS-Hoechst-H2AX_STC-11A-11B-Dox-BLO/Hoechst-H2AX.2026-02-13-21-50-52/Hoechst-H2AX_Plate_R_p00_0_C07f03d1.TIF","KCB25-11A","1","C07","D:/2026-02-13_U2OS-Hoechst-H2AX_STC-11A-11B-Dox-BLO/Hoechst-H2AX.2026-02-13-21-50-52","D:/2026-02-13_U2OS-Hoechst-H2AX_STC-11A-11B-Dox-BLO/Hoechst-H2AX.2026-02-13-21-50-52"
"245","D:/2026-02-13_U2OS-Hoechst-H2AX_STC-11A-11B-Dox-BLO/Hoechst-H2AX.2026-02-13-21-50-52/Hoechst-H2AX_Plate_R_p00_0_C07f04d0.TIF","D:/2026-02-13_U2OS-Hoechst-H2AX_STC-11A-11B-Dox-BLO/Hoechst-H2AX.2026-02-13-21-50-52/Hoechst-H2AX_Plate_R_p00_0_C07f04d1.TIF","KCB25-11A","1","C07","D:/2026-02-13_U2OS-Hoechst-H2AX_STC-11A-11B-Dox-BLO/Hoechst-H2AX.2026-02-13-21-50-52","D:/2026-02-13_U2OS-Hoechst-H2AX_STC-11A-11B-Dox-BLO/Hoechst-H2AX.2026-02-13-21-50-52"
"246","D:/2026-02-13_U2OS-Hoechst-H2AX_STC-11A-11B-Dox-BLO/Hoechst-H2AX.2026-02-13-21-50-52/Hoechst-H2AX_Plate_R_p00_0_C07f05d0.TIF","D:/2026-02-13_U2OS-Hoechst-H2AX_STC-11A-11B-Dox-BLO/Hoechst-H2AX.2026-02-13-21-50-52/Hoechst-H2AX_Plate_R_p00_0_C07f05d1.TIF","KCB25-11A","1","C07","D:/2026-02-13_U2OS-Hoechst-H2AX_STC-11A-11B-Dox-BLO/Hoechst-H2AX.2026-02-13-21-50-52","D:/2026-02-13_U2OS-Hoechst-H2AX_STC-11A-11B-Dox-BLO/Hoechst-H2AX.2026-02-13-21-50-52"
"247","D:/2026-02-13_U2OS-Hoechst-H2AX_STC-11A-11B-Dox-BLO/Hoechst-H2AX.2026-02-13-21-50-52/Hoechst-H2AX_Plate_R_p00_0_C07f06d0.TIF","D:/2026-02-13_U2OS-Hoechst-H2AX_STC-11A-11B-Dox-BLO/Hoechst-H2AX.2026-02-13-21-50-52/Hoechst-H2AX_Plate_R_p00_0_C07f06d1.TIF","KCB25-11A","1","C07","D:/2026-02-13_U2OS-Hoechst-H2AX_STC-11A-11B-Dox-BLO/Hoechst-H2AX.2026-02-13-21-50-52","D:/2026-02-13_U2OS-Hoechst-H2AX_STC-11A-11B-Dox-BLO/Hoechst-H2AX.2026-02-13-21-50-52"
"248","D:/2026-02-13_U2OS-Hoechst-H2AX_STC-11A-11B-Dox-BLO/Hoechst-H2AX.2026-02-13-21-50-52/Hoechst-H2AX_Plate_R_p00_0_C07f07d0.TIF","D:/2026-02-13_U2OS-Hoechst-H2AX_STC-11A-11B-Dox-BLO/Hoechst-H2AX.2026-02-13-21-50-52/Hoechst-H2AX_Plate_R_p00_0_C07f07d1.TIF","KCB25-11A","1","C07","D:/2026-02-13_U2OS-Hoechst-H2AX_STC-11A-11B-Dox-BLO/Hoechst-H2AX.2026-02-13-21-50-52","D:/2026-02-13_U2OS-Hoechst-H2AX_STC-11A-11B-Dox-BLO/Hoechst-H2AX.2026-02-13-21-50-52"
"249","D:/2026-02-13_U2OS-Hoechst-H2AX_STC-11A-11B-Dox-BLO/Hoechst-H2AX.2026-02-13-21-50-52/Hoechst-H2AX_Plate_R_p00_0_C07f08d0.TIF","D:/2026-02-13_U2OS-Hoechst-H2AX_STC-11A-11B-Dox-BLO/Hoechst-H2AX.2026-02-13-21-50-52/Hoechst-H2AX_Plate_R_p00_0_C07f08d1.TIF","KCB25-11A","1","C07","D:/2026-02-13_U2OS-Hoechst-H2AX_STC-11A-11B-Dox-BLO/Hoechst-H2AX.2026-02-13-21-50-52","D:/2026-02-13_U2OS-Hoechst-H2AX_STC-11A-11B-Dox-BLO/Hoechst-H2AX.2026-02-13-21-50-52"
"250","D:/2026-02-13_U2OS-Hoechst-H2AX_STC-11A-11B-Dox-BLO/Hoechst-H2AX.2026-02-13-21-50-52/Hoechst-H2AX_Plate_R_p00_0_C07f09d0.TIF","D:/2026-02-13_U2OS-Hoechst-H2AX_STC-11A-11B-Dox-BLO/Hoechst-H2AX.2026-02-13-21-50-52/Hoechst-H2AX_Plate_R_p00_0_C07f09d1.TIF","KCB25-11A","1","C07","D:/2026-02-13_U2OS-Hoechst-H2AX_STC-11A-11B-Dox-BLO/Hoechst-H2AX.2026-02-13-21-50-52","D:/2026-02-13_U2OS-Hoechst-H2AX_STC-11A-11B-Dox-BLO/Hoechst-H2AX.2026-02-13-21-50-52"
"251","D:/2026-02-13_U2OS-Hoechst-H2AX_STC-11A-11B-Dox-BLO/Hoechst-H2AX.2026-02-13-21-50-52/Hoechst-H2AX_Plate_R_p00_0_C07f10d0.TIF","D:/2026-02-13_U2OS-Hoechst-H2AX_STC-11A-11B-Dox-BLO/Hoechst-H2AX.2026-02-13-21-50-52/Hoechst-H2AX_Plate_R_p00_0_C07f10d1.TIF","KCB25-11A","1","C07","D:/2026-02-13_U2OS-Hoechst-H2AX_STC-11A-11B-Dox-BLO/Hoechst-H2AX.2026-02-13-21-50-52","D:/2026-02-13_U2OS-Hoechst-H2AX_STC-11A-11B-Dox-BLO/Hoechst-H2AX.2026-02-13-21-50-52"
"252","D:/2026-02-13_U2OS-Hoechst-H2AX_STC-11A-11B-Dox-BLO/Hoechst-H2AX.2026-02-13-21-50-52/Hoechst-H2AX_Plate_R_p00_0_C07f11d0.TIF","D:/2026-02-13_U2OS-Hoechst-H2AX_STC-11A-11B-Dox-BLO/Hoechst-H2AX.2026-02-13-21-50-52/Hoechst-H2AX_Plate_R_p00_0_C07f11d1.TIF","KCB25-11A","1","C07","D:/2026-02-13_U2OS-Hoechst-H2AX_STC-11A-11B-Dox-BLO/Hoechst-H2AX.2026-02-13-21-50-52","D:/2026-02-13_U2OS-Hoechst-H2AX_STC-11A-11B-Dox-BLO/Hoechst-H2AX.2026-02-13-21-50-52"
"253","D:/2026-02-13_U2OS-Hoechst-H2AX_STC-11A-11B-Dox-BLO/Hoechst-H2AX.2026-02-13-21-50-52/Hoechst-H2AX_Plate_R_p00_0_C07f12d0.TIF","D:/2026-02-13_U2OS-Hoechst-H2AX_STC-11A-11B-Dox-BLO/Hoechst-H2AX.2026-02-13-21-50-52/Hoechst-H2AX_Plate_R_p00_0_C07f12d1.TIF","KCB25-11A","1","C07","D:/2026-02-13_U2OS-Hoechst-H2AX_STC-11A-11B-Dox-BLO/Hoechst-H2AX.2026-02-13-21-50-52","D:/2026-02-13_U2OS-Hoechst-H2AX_STC-11A-11B-Dox-BLO/Hoechst-H2AX.2026-02-13-21-50-52"
"254","D:/2026-02-13_U2OS-Hoechst-H2AX_STC-11A-11B-Dox-BLO/Hoechst-H2AX.2026-02-13-21-50-52/Hoechst-H2AX_Plate_R_p00_0_C07f13d0.TIF","D:/2026-02-13_U2OS-Hoechst-H2AX_STC-11A-11B-Dox-BLO/Hoechst-H2AX.2026-02-13-21-50-52/Hoechst-H2AX_Plate_R_p00_0_C07f13d1.TIF","KCB25-11A","1","C07","D:/2026-02-13_U2OS-Hoechst-H2AX_STC-11A-11B-Dox-BLO/Hoechst-H2AX.2026-02-13-21-50-52","D:/2026-02-13_U2OS-Hoechst-H2AX_STC-11A-11B-Dox-BLO/Hoechst-H2AX.2026-02-13-21-50-52"
"255","D:/2026-02-13_U2OS-Hoechst-H2AX_STC-11A-11B-Dox-BLO/Hoechst-H2AX.2026-02-13-21-50-52/Hoechst-H2AX_Plate_R_p00_0_C07f14d0.TIF","D:/2026-02-13_U2OS-Hoechst-H2AX_STC-11A-11B-Dox-BLO/Hoechst-H2AX.2026-02-13-21-50-52/Hoechst-H2AX_Plate_R_p00_0_C07f14d1.TIF","KCB25-11A","1","C07","D:/2026-02-13_U2OS-Hoechst-H2AX_STC-11A-11B-Dox-BLO/Hoechst-H2AX.2026-02-13-21-50-52","D:/2026-02-13_U2OS-Hoechst-H2AX_STC-11A-11B-Dox-BLO/Hoechst-H2AX.2026-02-13-21-50-52"
"256","D:/2026-02-13_U2OS-Hoechst-H2AX_STC-11A-11B-Dox-BLO/Hoechst-H2AX.2026-02-13-21-50-52/Hoechst-H2AX_Plate_R_p00_0_C07f15d0.TIF","D:/2026-02-13_U2OS-Hoechst-H2AX_STC-11A-11B-Dox-BLO/Hoechst-H2AX.2026-02-13-21-50-52/Hoechst-H2AX_Plate_R_p00_0_C07f15d1.TIF","KCB25-11A","1","C07","D:/2026-02-13_U2OS-Hoechst-H2AX_STC-11A-11B-Dox-BLO/Hoechst-H2AX.2026-02-13-21-50-52","D:/2026-02-13_U2OS-Hoechst-H2AX_STC-11A-11B-Dox-BLO/Hoechst-H2AX.2026-02-13-21-50-52"
"257","D:/2026-02-13_U2OS-Hoechst-H2AX_STC-11A-11B-Dox-BLO/Hoechst-H2AX.2026-02-13-21-50-52/Hoechst-H2AX_Plate_R_p00_0_C08f00d0.TIF","D:/2026-02-13_U2OS-Hoechst-H2AX_STC-11A-11B-Dox-BLO/Hoechst-H2AX.2026-02-13-21-50-52/Hoechst-H2AX_Plate_R_p00_0_C08f00d1.TIF","KCB25-11A","0.3","C08","D:/2026-02-13_U2OS-Hoechst-H2AX_STC-11A-11B-Dox-BLO/Hoechst-H2AX.2026-02-13-21-50-52","D:/2026-02-13_U2OS-Hoechst-H2AX_STC-11A-11B-Dox-BLO/Hoechst-H2AX.2026-02-13-21-50-52"
"258","D:/2026-02-13_U2OS-Hoechst-H2AX_STC-11A-11B-Dox-BLO/Hoechst-H2AX.2026-02-13-21-50-52/Hoechst-H2AX_Plate_R_p00_0_C08f01d0.TIF","D:/2026-02-13_U2OS-Hoechst-H2AX_STC-11A-11B-Dox-BLO/Hoechst-H2AX.2026-02-13-21-50-52/Hoechst-H2AX_Plate_R_p00_0_C08f01d1.TIF","KCB25-11A","0.3","C08","D:/2026-02-13_U2OS-Hoechst-H2AX_STC-11A-11B-Dox-BLO/Hoechst-H2AX.2026-02-13-21-50-52","D:/2026-02-13_U2OS-Hoechst-H2AX_STC-11A-11B-Dox-BLO/Hoechst-H2AX.2026-02-13-21-50-52"
"259","D:/2026-02-13_U2OS-Hoechst-H2AX_STC-11A-11B-Dox-BLO/Hoechst-H2AX.2026-02-13-21-50-52/Hoechst-H2AX_Plate_R_p00_0_C08f02d0.TIF","D:/2026-02-13_U2OS-Hoechst-H2AX_STC-11A-11B-Dox-BLO/Hoechst-H2AX.2026-02-13-21-50-52/Hoechst-H2AX_Plate_R_p00_0_C08f02d1.TIF","KCB25-11A","0.3","C08","D:/2026-02-13_U2OS-Hoechst-H2AX_STC-11A-11B-Dox-BLO/Hoechst-H2AX.2026-02-13-21-50-52","D:/2026-02-13_U2OS-Hoechst-H2AX_STC-11A-11B-Dox-BLO/Hoechst-H2AX.2026-02-13-21-50-52"
"260","D:/2026-02-13_U2OS-Hoechst-H2AX_STC-11A-11B-Dox-BLO/Hoechst-H2AX.2026-02-13-21-50-52/Hoechst-H2AX_Plate_R_p00_0_C08f03d0.TIF","D:/2026-02-13_U2OS-Hoechst-H2AX_STC-11A-11B-Dox-BLO/Hoechst-H2AX.2026-02-13-21-50-52/Hoechst-H2AX_Plate_R_p00_0_C08f03d1.TIF","KCB25-11A","0.3","C08","D:/2026-02-13_U2OS-Hoechst-H2AX_STC-11A-11B-Dox-BLO/Hoechst-H2AX.2026-02-13-21-50-52","D:/2026-02-13_U2OS-Hoechst-H2AX_STC-11A-11B-Dox-BLO/Hoechst-H2AX.2026-02-13-21-50-52"
"261","D:/2026-02-13_U2OS-Hoechst-H2AX_STC-11A-11B-Dox-BLO/Hoechst-H2AX.2026-02-13-21-50-52/Hoechst-H2AX_Plate_R_p00_0_C08f04d0.TIF","D:/2026-02-13_U2OS-Hoechst-H2AX_STC-11A-11B-Dox-BLO/Hoechst-H2AX.2026-02-13-21-50-52/Hoechst-H2AX_Plate_R_p00_0_C08f04d1.TIF","KCB25-11A","0.3","C08","D:/2026-02-13_U2OS-Hoechst-H2AX_STC-11A-11B-Dox-BLO/Hoechst-H2AX.2026-02-13-21-50-52","D:/2026-02-13_U2OS-Hoechst-H2AX_STC-11A-11B-Dox-BLO/Hoechst-H2AX.2026-02-13-21-50-52"
"262","D:/2026-02-13_U2OS-Hoechst-H2AX_STC-11A-11B-Dox-BLO/Hoechst-H2AX.2026-02-13-21-50-52/Hoechst-H2AX_Plate_R_p00_0_C08f05d0.TIF","D:/2026-02-13_U2OS-Hoechst-H2AX_STC-11A-11B-Dox-BLO/Hoechst-H2AX.2026-02-13-21-50-52/Hoechst-H2AX_Plate_R_p00_0_C08f05d1.TIF","KCB25-11A","0.3","C08","D:/2026-02-13_U2OS-Hoechst-H2AX_STC-11A-11B-Dox-BLO/Hoechst-H2AX.2026-02-13-21-50-52","D:/2026-02-13_U2OS-Hoechst-H2AX_STC-11A-11B-Dox-BLO/Hoechst-H2AX.2026-02-13-21-50-52"
"263","D:/2026-02-13_U2OS-Hoechst-H2AX_STC-11A-11B-Dox-BLO/Hoechst-H2AX.2026-02-13-21-50-52/Hoechst-H2AX_Plate_R_p00_0_C08f06d0.TIF","D:/2026-02-13_U2OS-Hoechst-H2AX_STC-11A-11B-Dox-BLO/Hoechst-H2AX.2026-02-13-21-50-52/Hoechst-H2AX_Plate_R_p00_0_C08f06d1.TIF","KCB25-11A","0.3","C08","D:/2026-02-13_U2OS-Hoechst-H2AX_STC-11A-11B-Dox-BLO/Hoechst-H2AX.2026-02-13-21-50-52","D:/2026-02-13_U2OS-Hoechst-H2AX_STC-11A-11B-Dox-BLO/Hoechst-H2AX.2026-02-13-21-50-52"
"264","D:/2026-02-13_U2OS-Hoechst-H2AX_STC-11A-11B-Dox-BLO/Hoechst-H2AX.2026-02-13-21-50-52/Hoechst-H2AX_Plate_R_p00_0_C08f07d0.TIF","D:/2026-02-13_U2OS-Hoechst-H2AX_STC-11A-11B-Dox-BLO/Hoechst-H2AX.2026-02-13-21-50-52/Hoechst-H2AX_Plate_R_p00_0_C08f07d1.TIF","KCB25-11A","0.3","C08","D:/2026-02-13_U2OS-Hoechst-H2AX_STC-11A-11B-Dox-BLO/Hoechst-H2AX.2026-02-13-21-50-52","D:/2026-02-13_U2OS-Hoechst-H2AX_STC-11A-11B-Dox-BLO/Hoechst-H2AX.2026-02-13-21-50-52"
"265","D:/2026-02-13_U2OS-Hoechst-H2AX_STC-11A-11B-Dox-BLO/Hoechst-H2AX.2026-02-13-21-50-52/Hoechst-H2AX_Plate_R_p00_0_C08f08d0.TIF","D:/2026-02-13_U2OS-Hoechst-H2AX_STC-11A-11B-Dox-BLO/Hoechst-H2AX.2026-02-13-21-50-52/Hoechst-H2AX_Plate_R_p00_0_C08f08d1.TIF","KCB25-11A","0.3","C08","D:/2026-02-13_U2OS-Hoechst-H2AX_STC-11A-11B-Dox-BLO/Hoechst-H2AX.2026-02-13-21-50-52","D:/2026-02-13_U2OS-Hoechst-H2AX_STC-11A-11B-Dox-BLO/Hoechst-H2AX.2026-02-13-21-50-52"
"266","D:/2026-02-13_U2OS-Hoechst-H2AX_STC-11A-11B-Dox-BLO/Hoechst-H2AX.2026-02-13-21-50-52/Hoechst-H2AX_Plate_R_p00_0_C08f09d0.TIF","D:/2026-02-13_U2OS-Hoechst-H2AX_STC-11A-11B-Dox-BLO/Hoechst-H2AX.2026-02-13-21-50-52/Hoechst-H2AX_Plate_R_p00_0_C08f09d1.TIF","KCB25-11A","0.3","C08","D:/2026-02-13_U2OS-Hoechst-H2AX_STC-11A-11B-Dox-BLO/Hoechst-H2AX.2026-02-13-21-50-52","D:/2026-02-13_U2OS-Hoechst-H2AX_STC-11A-11B-Dox-BLO/Hoechst-H2AX.2026-02-13-21-50-52"
"267","D:/2026-02-13_U2OS-Hoechst-H2AX_STC-11A-11B-Dox-BLO/Hoechst-H2AX.2026-02-13-21-50-52/Hoechst-H2AX_Plate_R_p00_0_C08f10d0.TIF","D:/2026-02-13_U2OS-Hoechst-H2AX_STC-11A-11B-Dox-BLO/Hoechst-H2AX.2026-02-13-21-50-52/Hoechst-H2AX_Plate_R_p00_0_C08f10d1.TIF","KCB25-11A","0.3","C08","D:/2026-02-13_U2OS-Hoechst-H2AX_STC-11A-11B-Dox-BLO/Hoechst-H2AX.2026-02-13-21-50-52","D:/2026-02-13_U2OS-Hoechst-H2AX_STC-11A-11B-Dox-BLO/Hoechst-H2AX.2026-02-13-21-50-52"
"268","D:/2026-02-13_U2OS-Hoechst-H2AX_STC-11A-11B-Dox-BLO/Hoechst-H2AX.2026-02-13-21-50-52/Hoechst-H2AX_Plate_R_p00_0_C08f11d0.TIF","D:/2026-02-13_U2OS-Hoechst-H2AX_STC-11A-11B-Dox-BLO/Hoechst-H2AX.2026-02-13-21-50-52/Hoechst-H2AX_Plate_R_p00_0_C08f11d1.TIF","KCB25-11A","0.3","C08","D:/2026-02-13_U2OS-Hoechst-H2AX_STC-11A-11B-Dox-BLO/Hoechst-H2AX.2026-02-13-21-50-52","D:/2026-02-13_U2OS-Hoechst-H2AX_STC-11A-11B-Dox-BLO/Hoechst-H2AX.2026-02-13-21-50-52"
"269","D:/2026-02-13_U2OS-Hoechst-H2AX_STC-11A-11B-Dox-BLO/Hoechst-H2AX.2026-02-13-21-50-52/Hoechst-H2AX_Plate_R_p00_0_C08f12d0.TIF","D:/2026-02-13_U2OS-Hoechst-H2AX_STC-11A-11B-Dox-BLO/Hoechst-H2AX.2026-02-13-21-50-52/Hoechst-H2AX_Plate_R_p00_0_C08f12d1.TIF","KCB25-11A","0.3","C08","D:/2026-02-13_U2OS-Hoechst-H2AX_STC-11A-11B-Dox-BLO/Hoechst-H2AX.2026-02-13-21-50-52","D:/2026-02-13_U2OS-Hoechst-H2AX_STC-11A-11B-Dox-BLO/Hoechst-H2AX.2026-02-13-21-50-52"
"270","D:/2026-02-13_U2OS-Hoechst-H2AX_STC-11A-11B-Dox-BLO/Hoechst-H2AX.2026-02-13-21-50-52/Hoechst-H2AX_Plate_R_p00_0_C08f13d0.TIF","D:/2026-02-13_U2OS-Hoechst-H2AX_STC-11A-11B-Dox-BLO/Hoechst-H2AX.2026-02-13-21-50-52/Hoechst-H2AX_Plate_R_p00_0_C08f13d1.TIF","KCB25-11A","0.3","C08","D:/2026-02-13_U2OS-Hoechst-H2AX_STC-11A-11B-Dox-BLO/Hoechst-H2AX.2026-02-13-21-50-52","D:/2026-02-13_U2OS-Hoechst-H2AX_STC-11A-11B-Dox-BLO/Hoechst-H2AX.2026-02-13-21-50-52"
"271","D:/2026-02-13_U2OS-Hoechst-H2AX_STC-11A-11B-Dox-BLO/Hoechst-H2AX.2026-02-13-21-50-52/Hoechst-H2AX_Plate_R_p00_0_C08f14d0.TIF","D:/2026-02-13_U2OS-Hoechst-H2AX_STC-11A-11B-Dox-BLO/Hoechst-H2AX.2026-02-13-21-50-52/Hoechst-H2AX_Plate_R_p00_0_C08f14d1.TIF","KCB25-11A","0.3","C08","D:/2026-02-13_U2OS-Hoechst-H2AX_STC-11A-11B-Dox-BLO/Hoechst-H2AX.2026-02-13-21-50-52","D:/2026-02-13_U2OS-Hoechst-H2AX_STC-11A-11B-Dox-BLO/Hoechst-H2AX.2026-02-13-21-50-52"
"272","D:/2026-02-13_U2OS-Hoechst-H2AX_STC-11A-11B-Dox-BLO/Hoechst-H2AX.2026-02-13-21-50-52/Hoechst-H2AX_Plate_R_p00_0_C08f15d0.TIF","D:/2026-02-13_U2OS-Hoechst-H2AX_STC-11A-11B-Dox-BLO/Hoechst-H2AX.2026-02-13-21-50-52/Hoechst-H2AX_Plate_R_p00_0_C08f15d1.TIF","KCB25-11A","0.3","C08","D:/2026-02-13_U2OS-Hoechst-H2AX_STC-11A-11B-Dox-BLO/Hoechst-H2AX.2026-02-13-21-50-52","D:/2026-02-13_U2OS-Hoechst-H2AX_STC-11A-11B-Dox-BLO/Hoechst-H2AX.2026-02-13-21-50-52"
"273","D:/2026-02-13_U2OS-Hoechst-H2AX_STC-11A-11B-Dox-BLO/Hoechst-H2AX.2026-02-13-21-50-52/Hoechst-H2AX_Plate_R_p00_0_C09f00d0.TIF","D:/2026-02-13_U2OS-Hoechst-H2AX_STC-11A-11B-Dox-BLO/Hoechst-H2AX.2026-02-13-21-50-52/Hoechst-H2AX_Plate_R_p00_0_C09f00d1.TIF","KCB25-11A","0.1","C09","D:/2026-02-13_U2OS-Hoechst-H2AX_STC-11A-11B-Dox-BLO/Hoechst-H2AX.2026-02-13-21-50-52","D:/2026-02-13_U2OS-Hoechst-H2AX_STC-11A-11B-Dox-BLO/Hoechst-H2AX.2026-02-13-21-50-52"
"274","D:/2026-02-13_U2OS-Hoechst-H2AX_STC-11A-11B-Dox-BLO/Hoechst-H2AX.2026-02-13-21-50-52/Hoechst-H2AX_Plate_R_p00_0_C09f01d0.TIF","D:/2026-02-13_U2OS-Hoechst-H2AX_STC-11A-11B-Dox-BLO/Hoechst-H2AX.2026-02-13-21-50-52/Hoechst-H2AX_Plate_R_p00_0_C09f01d1.TIF","KCB25-11A","0.1","C09","D:/2026-02-13_U2OS-Hoechst-H2AX_STC-11A-11B-Dox-BLO/Hoechst-H2AX.2026-02-13-21-50-52","D:/2026-02-13_U2OS-Hoechst-H2AX_STC-11A-11B-Dox-BLO/Hoechst-H2AX.2026-02-13-21-50-52"
"275","D:/2026-02-13_U2OS-Hoechst-H2AX_STC-11A-11B-Dox-BLO/Hoechst-H2AX.2026-02-13-21-50-52/Hoechst-H2AX_Plate_R_p00_0_C09f02d0.TIF","D:/2026-02-13_U2OS-Hoechst-H2AX_STC-11A-11B-Dox-BLO/Hoechst-H2AX.2026-02-13-21-50-52/Hoechst-H2AX_Plate_R_p00_0_C09f02d1.TIF","KCB25-11A","0.1","C09","D:/2026-02-13_U2OS-Hoechst-H2AX_STC-11A-11B-Dox-BLO/Hoechst-H2AX.2026-02-13-21-50-52","D:/2026-02-13_U2OS-Hoechst-H2AX_STC-11A-11B-Dox-BLO/Hoechst-H2AX.2026-02-13-21-50-52"
"276","D:/2026-02-13_U2OS-Hoechst-H2AX_STC-11A-11B-Dox-BLO/Hoechst-H2AX.2026-02-13-21-50-52/Hoechst-H2AX_Plate_R_p00_0_C09f03d0.TIF","D:/2026-02-13_U2OS-Hoechst-H2AX_STC-11A-11B-Dox-BLO/Hoechst-H2AX.2026-02-13-21-50-52/Hoechst-H2AX_Plate_R_p00_0_C09f03d1.TIF","KCB25-11A","0.1","C09","D:/2026-02-13_U2OS-Hoechst-H2AX_STC-11A-11B-Dox-BLO/Hoechst-H2AX.2026-02-13-21-50-52","D:/2026-02-13_U2OS-Hoechst-H2AX_STC-11A-11B-Dox-BLO/Hoechst-H2AX.2026-02-13-21-50-52"
"277","D:/2026-02-13_U2OS-Hoechst-H2AX_STC-11A-11B-Dox-BLO/Hoechst-H2AX.2026-02-13-21-50-52/Hoechst-H2AX_Plate_R_p00_0_C09f04d0.TIF","D:/2026-02-13_U2OS-Hoechst-H2AX_STC-11A-11B-Dox-BLO/Hoechst-H2AX.2026-02-13-21-50-52/Hoechst-H2AX_Plate_R_p00_0_C09f04d1.TIF","KCB25-11A","0.1","C09","D:/2026-02-13_U2OS-Hoechst-H2AX_STC-11A-11B-Dox-BLO/Hoechst-H2AX.2026-02-13-21-50-52","D:/2026-02-13_U2OS-Hoechst-H2AX_STC-11A-11B-Dox-BLO/Hoechst-H2AX.2026-02-13-21-50-52"
"278","D:/2026-02-13_U2OS-Hoechst-H2AX_STC-11A-11B-Dox-BLO/Hoechst-H2AX.2026-02-13-21-50-52/Hoechst-H2AX_Plate_R_p00_0_C09f05d0.TIF","D:/2026-02-13_U2OS-Hoechst-H2AX_STC-11A-11B-Dox-BLO/Hoechst-H2AX.2026-02-13-21-50-52/Hoechst-H2AX_Plate_R_p00_0_C09f05d1.TIF","KCB25-11A","0.1","C09","D:/2026-02-13_U2OS-Hoechst-H2AX_STC-11A-11B-Dox-BLO/Hoechst-H2AX.2026-02-13-21-50-52","D:/2026-02-13_U2OS-Hoechst-H2AX_STC-11A-11B-Dox-BLO/Hoechst-H2AX.2026-02-13-21-50-52"
"279","D:/2026-02-13_U2OS-Hoechst-H2AX_STC-11A-11B-Dox-BLO/Hoechst-H2AX.2026-02-13-21-50-52/Hoechst-H2AX_Plate_R_p00_0_C09f06d0.TIF","D:/2026-02-13_U2OS-Hoechst-H2AX_STC-11A-11B-Dox-BLO/Hoechst-H2AX.2026-02-13-21-50-52/Hoechst-H2AX_Plate_R_p00_0_C09f06d1.TIF","KCB25-11A","0.1","C09","D:/2026-02-13_U2OS-Hoechst-H2AX_STC-11A-11B-Dox-BLO/Hoechst-H2AX.2026-02-13-21-50-52","D:/2026-02-13_U2OS-Hoechst-H2AX_STC-11A-11B-Dox-BLO/Hoechst-H2AX.2026-02-13-21-50-52"
"280","D:/2026-02-13_U2OS-Hoechst-H2AX_STC-11A-11B-Dox-BLO/Hoechst-H2AX.2026-02-13-21-50-52/Hoechst-H2AX_Plate_R_p00_0_C09f07d0.TIF","D:/2026-02-13_U2OS-Hoechst-H2AX_STC-11A-11B-Dox-BLO/Hoechst-H2AX.2026-02-13-21-50-52/Hoechst-H2AX_Plate_R_p00_0_C09f07d1.TIF","KCB25-11A","0.1","C09","D:/2026-02-13_U2OS-Hoechst-H2AX_STC-11A-11B-Dox-BLO/Hoechst-H2AX.2026-02-13-21-50-52","D:/2026-02-13_U2OS-Hoechst-H2AX_STC-11A-11B-Dox-BLO/Hoechst-H2AX.2026-02-13-21-50-52"
"281","D:/2026-02-13_U2OS-Hoechst-H2AX_STC-11A-11B-Dox-BLO/Hoechst-H2AX.2026-02-13-21-50-52/Hoechst-H2AX_Plate_R_p00_0_C09f08d0.TIF","D:/2026-02-13_U2OS-Hoechst-H2AX_STC-11A-11B-Dox-BLO/Hoechst-H2AX.2026-02-13-21-50-52/Hoechst-H2AX_Plate_R_p00_0_C09f08d1.TIF","KCB25-11A","0.1","C09","D:/2026-02-13_U2OS-Hoechst-H2AX_STC-11A-11B-Dox-BLO/Hoechst-H2AX.2026-02-13-21-50-52","D:/2026-02-13_U2OS-Hoechst-H2AX_STC-11A-11B-Dox-BLO/Hoechst-H2AX.2026-02-13-21-50-52"
"282","D:/2026-02-13_U2OS-Hoechst-H2AX_STC-11A-11B-Dox-BLO/Hoechst-H2AX.2026-02-13-21-50-52/Hoechst-H2AX_Plate_R_p00_0_C09f09d0.TIF","D:/2026-02-13_U2OS-Hoechst-H2AX_STC-11A-11B-Dox-BLO/Hoechst-H2AX.2026-02-13-21-50-52/Hoechst-H2AX_Plate_R_p00_0_C09f09d1.TIF","KCB25-11A","0.1","C09","D:/2026-02-13_U2OS-Hoechst-H2AX_STC-11A-11B-Dox-BLO/Hoechst-H2AX.2026-02-13-21-50-52","D:/2026-02-13_U2OS-Hoechst-H2AX_STC-11A-11B-Dox-BLO/Hoechst-H2AX.2026-02-13-21-50-52"
"283","D:/2026-02-13_U2OS-Hoechst-H2AX_STC-11A-11B-Dox-BLO/Hoechst-H2AX.2026-02-13-21-50-52/Hoechst-H2AX_Plate_R_p00_0_C09f10d0.TIF","D:/2026-02-13_U2OS-Hoechst-H2AX_STC-11A-11B-Dox-BLO/Hoechst-H2AX.2026-02-13-21-50-52/Hoechst-H2AX_Plate_R_p00_0_C09f10d1.TIF","KCB25-11A","0.1","C09","D:/2026-02-13_U2OS-Hoechst-H2AX_STC-11A-11B-Dox-BLO/Hoechst-H2AX.2026-02-13-21-50-52","D:/2026-02-13_U2OS-Hoechst-H2AX_STC-11A-11B-Dox-BLO/Hoechst-H2AX.2026-02-13-21-50-52"
"284","D:/2026-02-13_U2OS-Hoechst-H2AX_STC-11A-11B-Dox-BLO/Hoechst-H2AX.2026-02-13-21-50-52/Hoechst-H2AX_Plate_R_p00_0_C09f11d0.TIF","D:/2026-02-13_U2OS-Hoechst-H2AX_STC-11A-11B-Dox-BLO/Hoechst-H2AX.2026-02-13-21-50-52/Hoechst-H2AX_Plate_R_p00_0_C09f11d1.TIF","KCB25-11A","0.1","C09","D:/2026-02-13_U2OS-Hoechst-H2AX_STC-11A-11B-Dox-BLO/Hoechst-H2AX.2026-02-13-21-50-52","D:/2026-02-13_U2OS-Hoechst-H2AX_STC-11A-11B-Dox-BLO/Hoechst-H2AX.2026-02-13-21-50-52"
"285","D:/2026-02-13_U2OS-Hoechst-H2AX_STC-11A-11B-Dox-BLO/Hoechst-H2AX.2026-02-13-21-50-52/Hoechst-H2AX_Plate_R_p00_0_C09f12d0.TIF","D:/2026-02-13_U2OS-Hoechst-H2AX_STC-11A-11B-Dox-BLO/Hoechst-H2AX.2026-02-13-21-50-52/Hoechst-H2AX_Plate_R_p00_0_C09f12d1.TIF","KCB25-11A","0.1","C09","D:/2026-02-13_U2OS-Hoechst-H2AX_STC-11A-11B-Dox-BLO/Hoechst-H2AX.2026-02-13-21-50-52","D:/2026-02-13_U2OS-Hoechst-H2AX_STC-11A-11B-Dox-BLO/Hoechst-H2AX.2026-02-13-21-50-52"
"286","D:/2026-02-13_U2OS-Hoechst-H2AX_STC-11A-11B-Dox-BLO/Hoechst-H2AX.2026-02-13-21-50-52/Hoechst-H2AX_Plate_R_p00_0_C09f13d0.TIF","D:/2026-02-13_U2OS-Hoechst-H2AX_STC-11A-11B-Dox-BLO/Hoechst-H2AX.2026-02-13-21-50-52/Hoechst-H2AX_Plate_R_p00_0_C09f13d1.TIF","KCB25-11A","0.1","C09","D:/2026-02-13_U2OS-Hoechst-H2AX_STC-11A-11B-Dox-BLO/Hoechst-H2AX.2026-02-13-21-50-52","D:/2026-02-13_U2OS-Hoechst-H2AX_STC-11A-11B-Dox-BLO/Hoechst-H2AX.2026-02-13-21-50-52"
"287","D:/2026-02-13_U2OS-Hoechst-H2AX_STC-11A-11B-Dox-BLO/Hoechst-H2AX.2026-02-13-21-50-52/Hoechst-H2AX_Plate_R_p00_0_C09f14d0.TIF","D:/2026-02-13_U2OS-Hoechst-H2AX_STC-11A-11B-Dox-BLO/Hoechst-H2AX.2026-02-13-21-50-52/Hoechst-H2AX_Plate_R_p00_0_C09f14d1.TIF","KCB25-11A","0.1","C09","D:/2026-02-13_U2OS-Hoechst-H2AX_STC-11A-11B-Dox-BLO/Hoechst-H2AX.2026-02-13-21-50-52","D:/2026-02-13_U2OS-Hoechst-H2AX_STC-11A-11B-Dox-BLO/Hoechst-H2AX.2026-02-13-21-50-52"
"288","D:/2026-02-13_U2OS-Hoechst-H2AX_STC-11A-11B-Dox-BLO/Hoechst-H2AX.2026-02-13-21-50-52/Hoechst-H2AX_Plate_R_p00_0_C09f15d0.TIF","D:/2026-02-13_U2OS-Hoechst-H2AX_STC-11A-11B-Dox-BLO/Hoechst-H2AX.2026-02-13-21-50-52/Hoechst-H2AX_Plate_R_p00_0_C09f15d1.TIF","KCB25-11A","0.1","C09","D:/2026-02-13_U2OS-Hoechst-H2AX_STC-11A-11B-Dox-BLO/Hoechst-H2AX.2026-02-13-21-50-52","D:/2026-02-13_U2OS-Hoechst-H2AX_STC-11A-11B-Dox-BLO/Hoechst-H2AX.2026-02-13-21-50-52"
"289","D:/2026-02-13_U2OS-Hoechst-H2AX_STC-11A-11B-Dox-BLO/Hoechst-H2AX.2026-02-13-21-50-52/Hoechst-H2AX_Plate_R_p00_0_C10f00d0.TIF","D:/2026-02-13_U2OS-Hoechst-H2AX_STC-11A-11B-Dox-BLO/Hoechst-H2AX.2026-02-13-21-50-52/Hoechst-H2AX_Plate_R_p00_0_C10f00d1.TIF","Sterigmatocystin","10","C10","D:/2026-02-13_U2OS-Hoechst-H2AX_STC-11A-11B-Dox-BLO/Hoechst-H2AX.2026-02-13-21-50-52","D:/2026-02-13_U2OS-Hoechst-H2AX_STC-11A-11B-Dox-BLO/Hoechst-H2AX.2026-02-13-21-50-52"
"290","D:/2026-02-13_U2OS-Hoechst-H2AX_STC-11A-11B-Dox-BLO/Hoechst-H2AX.2026-02-13-21-50-52/Hoechst-H2AX_Plate_R_p00_0_C10f01d0.TIF","D:/2026-02-13_U2OS-Hoechst-H2AX_STC-11A-11B-Dox-BLO/Hoechst-H2AX.2026-02-13-21-50-52/Hoechst-H2AX_Plate_R_p00_0_C10f01d1.TIF","Sterigmatocystin","10","C10","D:/2026-02-13_U2OS-Hoechst-H2AX_STC-11A-11B-Dox-BLO/Hoechst-H2AX.2026-02-13-21-50-52","D:/2026-02-13_U2OS-Hoechst-H2AX_STC-11A-11B-Dox-BLO/Hoechst-H2AX.2026-02-13-21-50-52"
"291","D:/2026-02-13_U2OS-Hoechst-H2AX_STC-11A-11B-Dox-BLO/Hoechst-H2AX.2026-02-13-21-50-52/Hoechst-H2AX_Plate_R_p00_0_C10f02d0.TIF","D:/2026-02-13_U2OS-Hoechst-H2AX_STC-11A-11B-Dox-BLO/Hoechst-H2AX.2026-02-13-21-50-52/Hoechst-H2AX_Plate_R_p00_0_C10f02d1.TIF","Sterigmatocystin","10","C10","D:/2026-02-13_U2OS-Hoechst-H2AX_STC-11A-11B-Dox-BLO/Hoechst-H2AX.2026-02-13-21-50-52","D:/2026-02-13_U2OS-Hoechst-H2AX_STC-11A-11B-Dox-BLO/Hoechst-H2AX.2026-02-13-21-50-52"
"292","D:/2026-02-13_U2OS-Hoechst-H2AX_STC-11A-11B-Dox-BLO/Hoechst-H2AX.2026-02-13-21-50-52/Hoechst-H2AX_Plate_R_p00_0_C10f03d0.TIF","D:/2026-02-13_U2OS-Hoechst-H2AX_STC-11A-11B-Dox-BLO/Hoechst-H2AX.2026-02-13-21-50-52/Hoechst-H2AX_Plate_R_p00_0_C10f03d1.TIF","Sterigmatocystin","10","C10","D:/2026-02-13_U2OS-Hoechst-H2AX_STC-11A-11B-Dox-BLO/Hoechst-H2AX.2026-02-13-21-50-52","D:/2026-02-13_U2OS-Hoechst-H2AX_STC-11A-11B-Dox-BLO/Hoechst-H2AX.2026-02-13-21-50-52"
"293","D:/2026-02-13_U2OS-Hoechst-H2AX_STC-11A-11B-Dox-BLO/Hoechst-H2AX.2026-02-13-21-50-52/Hoechst-H2AX_Plate_R_p00_0_C10f04d0.TIF","D:/2026-02-13_U2OS-Hoechst-H2AX_STC-11A-11B-Dox-BLO/Hoechst-H2AX.2026-02-13-21-50-52/Hoechst-H2AX_Plate_R_p00_0_C10f04d1.TIF","Sterigmatocystin","10","C10","D:/2026-02-13_U2OS-Hoechst-H2AX_STC-11A-11B-Dox-BLO/Hoechst-H2AX.2026-02-13-21-50-52","D:/2026-02-13_U2OS-Hoechst-H2AX_STC-11A-11B-Dox-BLO/Hoechst-H2AX.2026-02-13-21-50-52"
"294","D:/2026-02-13_U2OS-Hoechst-H2AX_STC-11A-11B-Dox-BLO/Hoechst-H2AX.2026-02-13-21-50-52/Hoechst-H2AX_Plate_R_p00_0_C10f05d0.TIF","D:/2026-02-13_U2OS-Hoechst-H2AX_STC-11A-11B-Dox-BLO/Hoechst-H2AX.2026-02-13-21-50-52/Hoechst-H2AX_Plate_R_p00_0_C10f05d1.TIF","Sterigmatocystin","10","C10","D:/2026-02-13_U2OS-Hoechst-H2AX_STC-11A-11B-Dox-BLO/Hoechst-H2AX.2026-02-13-21-50-52","D:/2026-02-13_U2OS-Hoechst-H2AX_STC-11A-11B-Dox-BLO/Hoechst-H2AX.2026-02-13-21-50-52"
"295","D:/2026-02-13_U2OS-Hoechst-H2AX_STC-11A-11B-Dox-BLO/Hoechst-H2AX.2026-02-13-21-50-52/Hoechst-H2AX_Plate_R_p00_0_C10f06d0.TIF","D:/2026-02-13_U2OS-Hoechst-H2AX_STC-11A-11B-Dox-BLO/Hoechst-H2AX.2026-02-13-21-50-52/Hoechst-H2AX_Plate_R_p00_0_C10f06d1.TIF","Sterigmatocystin","10","C10","D:/2026-02-13_U2OS-Hoechst-H2AX_STC-11A-11B-Dox-BLO/Hoechst-H2AX.2026-02-13-21-50-52","D:/2026-02-13_U2OS-Hoechst-H2AX_STC-11A-11B-Dox-BLO/Hoechst-H2AX.2026-02-13-21-50-52"
"296","D:/2026-02-13_U2OS-Hoechst-H2AX_STC-11A-11B-Dox-BLO/Hoechst-H2AX.2026-02-13-21-50-52/Hoechst-H2AX_Plate_R_p00_0_C10f07d0.TIF","D:/2026-02-13_U2OS-Hoechst-H2AX_STC-11A-11B-Dox-BLO/Hoechst-H2AX.2026-02-13-21-50-52/Hoechst-H2AX_Plate_R_p00_0_C10f07d1.TIF","Sterigmatocystin","10","C10","D:/2026-02-13_U2OS-Hoechst-H2AX_STC-11A-11B-Dox-BLO/Hoechst-H2AX.2026-02-13-21-50-52","D:/2026-02-13_U2OS-Hoechst-H2AX_STC-11A-11B-Dox-BLO/Hoechst-H2AX.2026-02-13-21-50-52"
"297","D:/2026-02-13_U2OS-Hoechst-H2AX_STC-11A-11B-Dox-BLO/Hoechst-H2AX.2026-02-13-21-50-52/Hoechst-H2AX_Plate_R_p00_0_C10f08d0.TIF","D:/2026-02-13_U2OS-Hoechst-H2AX_STC-11A-11B-Dox-BLO/Hoechst-H2AX.2026-02-13-21-50-52/Hoechst-H2AX_Plate_R_p00_0_C10f08d1.TIF","Sterigmatocystin","10","C10","D:/2026-02-13_U2OS-Hoechst-H2AX_STC-11A-11B-Dox-BLO/Hoechst-H2AX.2026-02-13-21-50-52","D:/2026-02-13_U2OS-Hoechst-H2AX_STC-11A-11B-Dox-BLO/Hoechst-H2AX.2026-02-13-21-50-52"
"298","D:/2026-02-13_U2OS-Hoechst-H2AX_STC-11A-11B-Dox-BLO/Hoechst-H2AX.2026-02-13-21-50-52/Hoechst-H2AX_Plate_R_p00_0_C10f09d0.TIF","D:/2026-02-13_U2OS-Hoechst-H2AX_STC-11A-11B-Dox-BLO/Hoechst-H2AX.2026-02-13-21-50-52/Hoechst-H2AX_Plate_R_p00_0_C10f09d1.TIF","Sterigmatocystin","10","C10","D:/2026-02-13_U2OS-Hoechst-H2AX_STC-11A-11B-Dox-BLO/Hoechst-H2AX.2026-02-13-21-50-52","D:/2026-02-13_U2OS-Hoechst-H2AX_STC-11A-11B-Dox-BLO/Hoechst-H2AX.2026-02-13-21-50-52"
"299","D:/2026-02-13_U2OS-Hoechst-H2AX_STC-11A-11B-Dox-BLO/Hoechst-H2AX.2026-02-13-21-50-52/Hoechst-H2AX_Plate_R_p00_0_C10f10d0.TIF","D:/2026-02-13_U2OS-Hoechst-H2AX_STC-11A-11B-Dox-BLO/Hoechst-H2AX.2026-02-13-21-50-52/Hoechst-H2AX_Plate_R_p00_0_C10f10d1.TIF","Sterigmatocystin","10","C10","D:/2026-02-13_U2OS-Hoechst-H2AX_STC-11A-11B-Dox-BLO/Hoechst-H2AX.2026-02-13-21-50-52","D:/2026-02-13_U2OS-Hoechst-H2AX_STC-11A-11B-Dox-BLO/Hoechst-H2AX.2026-02-13-21-50-52"
"300","D:/2026-02-13_U2OS-Hoechst-H2AX_STC-11A-11B-Dox-BLO/Hoechst-H2AX.2026-02-13-21-50-52/Hoechst-H2AX_Plate_R_p00_0_C10f11d0.TIF","D:/2026-02-13_U2OS-Hoechst-H2AX_STC-11A-11B-Dox-BLO/Hoechst-H2AX.2026-02-13-21-50-52/Hoechst-H2AX_Plate_R_p00_0_C10f11d1.TIF","Sterigmatocystin","10","C10","D:/2026-02-13_U2OS-Hoechst-H2AX_STC-11A-11B-Dox-BLO/Hoechst-H2AX.2026-02-13-21-50-52","D:/2026-02-13_U2OS-Hoechst-H2AX_STC-11A-11B-Dox-BLO/Hoechst-H2AX.2026-02-13-21-50-52"
"301","D:/2026-02-13_U2OS-Hoechst-H2AX_STC-11A-11B-Dox-BLO/Hoechst-H2AX.2026-02-13-21-50-52/Hoechst-H2AX_Plate_R_p00_0_C10f12d0.TIF","D:/2026-02-13_U2OS-Hoechst-H2AX_STC-11A-11B-Dox-BLO/Hoechst-H2AX.2026-02-13-21-50-52/Hoechst-H2AX_Plate_R_p00_0_C10f12d1.TIF","Sterigmatocystin","10","C10","D:/2026-02-13_U2OS-Hoechst-H2AX_STC-11A-11B-Dox-BLO/Hoechst-H2AX.2026-02-13-21-50-52","D:/2026-02-13_U2OS-Hoechst-H2AX_STC-11A-11B-Dox-BLO/Hoechst-H2AX.2026-02-13-21-50-52"
"302","D:/2026-02-13_U2OS-Hoechst-H2AX_STC-11A-11B-Dox-BLO/Hoechst-H2AX.2026-02-13-21-50-52/Hoechst-H2AX_Plate_R_p00_0_C10f13d0.TIF","D:/2026-02-13_U2OS-Hoechst-H2AX_STC-11A-11B-Dox-BLO/Hoechst-H2AX.2026-02-13-21-50-52/Hoechst-H2AX_Plate_R_p00_0_C10f13d1.TIF","Sterigmatocystin","10","C10","D:/2026-02-13_U2OS-Hoechst-H2AX_STC-11A-11B-Dox-BLO/Hoechst-H2AX.2026-02-13-21-50-52","D:/2026-02-13_U2OS-Hoechst-H2AX_STC-11A-11B-Dox-BLO/Hoechst-H2AX.2026-02-13-21-50-52"
"303","D:/2026-02-13_U2OS-Hoechst-H2AX_STC-11A-11B-Dox-BLO/Hoechst-H2AX.2026-02-13-21-50-52/Hoechst-H2AX_Plate_R_p00_0_C10f14d0.TIF","D:/2026-02-13_U2OS-Hoechst-H2AX_STC-11A-11B-Dox-BLO/Hoechst-H2AX.2026-02-13-21-50-52/Hoechst-H2AX_Plate_R_p00_0_C10f14d1.TIF","Sterigmatocystin","10","C10","D:/2026-02-13_U2OS-Hoechst-H2AX_STC-11A-11B-Dox-BLO/Hoechst-H2AX.2026-02-13-21-50-52","D:/2026-02-13_U2OS-Hoechst-H2AX_STC-11A-11B-Dox-BLO/Hoechst-H2AX.2026-02-13-21-50-52"
"304","D:/2026-02-13_U2OS-Hoechst-H2AX_STC-11A-11B-Dox-BLO/Hoechst-H2AX.2026-02-13-21-50-52/Hoechst-H2AX_Plate_R_p00_0_C10f15d0.TIF","D:/2026-02-13_U2OS-Hoechst-H2AX_STC-11A-11B-Dox-BLO/Hoechst-H2AX.2026-02-13-21-50-52/Hoechst-H2AX_Plate_R_p00_0_C10f15d1.TIF","Sterigmatocystin","10","C10","D:/2026-02-13_U2OS-Hoechst-H2AX_STC-11A-11B-Dox-BLO/Hoechst-H2AX.2026-02-13-21-50-52","D:/2026-02-13_U2OS-Hoechst-H2AX_STC-11A-11B-Dox-BLO/Hoechst-H2AX.2026-02-13-21-50-52"
"305","D:/2026-02-13_U2OS-Hoechst-H2AX_STC-11A-11B-Dox-BLO/Hoechst-H2AX.2026-02-13-21-50-52/Hoechst-H2AX_Plate_R_p00_0_C11f00d0.TIF","D:/2026-02-13_U2OS-Hoechst-H2AX_STC-11A-11B-Dox-BLO/Hoechst-H2AX.2026-02-13-21-50-52/Hoechst-H2AX_Plate_R_p00_0_C11f00d1.TIF","Sterigmatocystin","3","C11","D:/2026-02-13_U2OS-Hoechst-H2AX_STC-11A-11B-Dox-BLO/Hoechst-H2AX.2026-02-13-21-50-52","D:/2026-02-13_U2OS-Hoechst-H2AX_STC-11A-11B-Dox-BLO/Hoechst-H2AX.2026-02-13-21-50-52"
"306","D:/2026-02-13_U2OS-Hoechst-H2AX_STC-11A-11B-Dox-BLO/Hoechst-H2AX.2026-02-13-21-50-52/Hoechst-H2AX_Plate_R_p00_0_C11f01d0.TIF","D:/2026-02-13_U2OS-Hoechst-H2AX_STC-11A-11B-Dox-BLO/Hoechst-H2AX.2026-02-13-21-50-52/Hoechst-H2AX_Plate_R_p00_0_C11f01d1.TIF","Sterigmatocystin","3","C11","D:/2026-02-13_U2OS-Hoechst-H2AX_STC-11A-11B-Dox-BLO/Hoechst-H2AX.2026-02-13-21-50-52","D:/2026-02-13_U2OS-Hoechst-H2AX_STC-11A-11B-Dox-BLO/Hoechst-H2AX.2026-02-13-21-50-52"
"307","D:/2026-02-13_U2OS-Hoechst-H2AX_STC-11A-11B-Dox-BLO/Hoechst-H2AX.2026-02-13-21-50-52/Hoechst-H2AX_Plate_R_p00_0_C11f02d0.TIF","D:/2026-02-13_U2OS-Hoechst-H2AX_STC-11A-11B-Dox-BLO/Hoechst-H2AX.2026-02-13-21-50-52/Hoechst-H2AX_Plate_R_p00_0_C11f02d1.TIF","Sterigmatocystin","3","C11","D:/2026-02-13_U2OS-Hoechst-H2AX_STC-11A-11B-Dox-BLO/Hoechst-H2AX.2026-02-13-21-50-52","D:/2026-02-13_U2OS-Hoechst-H2AX_STC-11A-11B-Dox-BLO/Hoechst-H2AX.2026-02-13-21-50-52"
"308","D:/2026-02-13_U2OS-Hoechst-H2AX_STC-11A-11B-Dox-BLO/Hoechst-H2AX.2026-02-13-21-50-52/Hoechst-H2AX_Plate_R_p00_0_C11f03d0.TIF","D:/2026-02-13_U2OS-Hoechst-H2AX_STC-11A-11B-Dox-BLO/Hoechst-H2AX.2026-02-13-21-50-52/Hoechst-H2AX_Plate_R_p00_0_C11f03d1.TIF","Sterigmatocystin","3","C11","D:/2026-02-13_U2OS-Hoechst-H2AX_STC-11A-11B-Dox-BLO/Hoechst-H2AX.2026-02-13-21-50-52","D:/2026-02-13_U2OS-Hoechst-H2AX_STC-11A-11B-Dox-BLO/Hoechst-H2AX.2026-02-13-21-50-52"
"309","D:/2026-02-13_U2OS-Hoechst-H2AX_STC-11A-11B-Dox-BLO/Hoechst-H2AX.2026-02-13-21-50-52/Hoechst-H2AX_Plate_R_p00_0_C11f04d0.TIF","D:/2026-02-13_U2OS-Hoechst-H2AX_STC-11A-11B-Dox-BLO/Hoechst-H2AX.2026-02-13-21-50-52/Hoechst-H2AX_Plate_R_p00_0_C11f04d1.TIF","Sterigmatocystin","3","C11","D:/2026-02-13_U2OS-Hoechst-H2AX_STC-11A-11B-Dox-BLO/Hoechst-H2AX.2026-02-13-21-50-52","D:/2026-02-13_U2OS-Hoechst-H2AX_STC-11A-11B-Dox-BLO/Hoechst-H2AX.2026-02-13-21-50-52"
"310","D:/2026-02-13_U2OS-Hoechst-H2AX_STC-11A-11B-Dox-BLO/Hoechst-H2AX.2026-02-13-21-50-52/Hoechst-H2AX_Plate_R_p00_0_C11f05d0.TIF","D:/2026-02-13_U2OS-Hoechst-H2AX_STC-11A-11B-Dox-BLO/Hoechst-H2AX.2026-02-13-21-50-52/Hoechst-H2AX_Plate_R_p00_0_C11f05d1.TIF","Sterigmatocystin","3","C11","D:/2026-02-13_U2OS-Hoechst-H2AX_STC-11A-11B-Dox-BLO/Hoechst-H2AX.2026-02-13-21-50-52","D:/2026-02-13_U2OS-Hoechst-H2AX_STC-11A-11B-Dox-BLO/Hoechst-H2AX.2026-02-13-21-50-52"
"311","D:/2026-02-13_U2OS-Hoechst-H2AX_STC-11A-11B-Dox-BLO/Hoechst-H2AX.2026-02-13-21-50-52/Hoechst-H2AX_Plate_R_p00_0_C11f06d0.TIF","D:/2026-02-13_U2OS-Hoechst-H2AX_STC-11A-11B-Dox-BLO/Hoechst-H2AX.2026-02-13-21-50-52/Hoechst-H2AX_Plate_R_p00_0_C11f06d1.TIF","Sterigmatocystin","3","C11","D:/2026-02-13_U2OS-Hoechst-H2AX_STC-11A-11B-Dox-BLO/Hoechst-H2AX.2026-02-13-21-50-52","D:/2026-02-13_U2OS-Hoechst-H2AX_STC-11A-11B-Dox-BLO/Hoechst-H2AX.2026-02-13-21-50-52"
"312","D:/2026-02-13_U2OS-Hoechst-H2AX_STC-11A-11B-Dox-BLO/Hoechst-H2AX.2026-02-13-21-50-52/Hoechst-H2AX_Plate_R_p00_0_C11f07d0.TIF","D:/2026-02-13_U2OS-Hoechst-H2AX_STC-11A-11B-Dox-BLO/Hoechst-H2AX.2026-02-13-21-50-52/Hoechst-H2AX_Plate_R_p00_0_C11f07d1.TIF","Sterigmatocystin","3","C11","D:/2026-02-13_U2OS-Hoechst-H2AX_STC-11A-11B-Dox-BLO/Hoechst-H2AX.2026-02-13-21-50-52","D:/2026-02-13_U2OS-Hoechst-H2AX_STC-11A-11B-Dox-BLO/Hoechst-H2AX.2026-02-13-21-50-52"
"313","D:/2026-02-13_U2OS-Hoechst-H2AX_STC-11A-11B-Dox-BLO/Hoechst-H2AX.2026-02-13-21-50-52/Hoechst-H2AX_Plate_R_p00_0_C11f08d0.TIF","D:/2026-02-13_U2OS-Hoechst-H2AX_STC-11A-11B-Dox-BLO/Hoechst-H2AX.2026-02-13-21-50-52/Hoechst-H2AX_Plate_R_p00_0_C11f08d1.TIF","Sterigmatocystin","3","C11","D:/2026-02-13_U2OS-Hoechst-H2AX_STC-11A-11B-Dox-BLO/Hoechst-H2AX.2026-02-13-21-50-52","D:/2026-02-13_U2OS-Hoechst-H2AX_STC-11A-11B-Dox-BLO/Hoechst-H2AX.2026-02-13-21-50-52"
"314","D:/2026-02-13_U2OS-Hoechst-H2AX_STC-11A-11B-Dox-BLO/Hoechst-H2AX.2026-02-13-21-50-52/Hoechst-H2AX_Plate_R_p00_0_C11f09d0.TIF","D:/2026-02-13_U2OS-Hoechst-H2AX_STC-11A-11B-Dox-BLO/Hoechst-H2AX.2026-02-13-21-50-52/Hoechst-H2AX_Plate_R_p00_0_C11f09d1.TIF","Sterigmatocystin","3","C11","D:/2026-02-13_U2OS-Hoechst-H2AX_STC-11A-11B-Dox-BLO/Hoechst-H2AX.2026-02-13-21-50-52","D:/2026-02-13_U2OS-Hoechst-H2AX_STC-11A-11B-Dox-BLO/Hoechst-H2AX.2026-02-13-21-50-52"
"315","D:/2026-02-13_U2OS-Hoechst-H2AX_STC-11A-11B-Dox-BLO/Hoechst-H2AX.2026-02-13-21-50-52/Hoechst-H2AX_Plate_R_p00_0_C11f10d0.TIF","D:/2026-02-13_U2OS-Hoechst-H2AX_STC-11A-11B-Dox-BLO/Hoechst-H2AX.2026-02-13-21-50-52/Hoechst-H2AX_Plate_R_p00_0_C11f10d1.TIF","Sterigmatocystin","3","C11","D:/2026-02-13_U2OS-Hoechst-H2AX_STC-11A-11B-Dox-BLO/Hoechst-H2AX.2026-02-13-21-50-52","D:/2026-02-13_U2OS-Hoechst-H2AX_STC-11A-11B-Dox-BLO/Hoechst-H2AX.2026-02-13-21-50-52"
"316","D:/2026-02-13_U2OS-Hoechst-H2AX_STC-11A-11B-Dox-BLO/Hoechst-H2AX.2026-02-13-21-50-52/Hoechst-H2AX_Plate_R_p00_0_C11f11d0.TIF","D:/2026-02-13_U2OS-Hoechst-H2AX_STC-11A-11B-Dox-BLO/Hoechst-H2AX.2026-02-13-21-50-52/Hoechst-H2AX_Plate_R_p00_0_C11f11d1.TIF","Sterigmatocystin","3","C11","D:/2026-02-13_U2OS-Hoechst-H2AX_STC-11A-11B-Dox-BLO/Hoechst-H2AX.2026-02-13-21-50-52","D:/2026-02-13_U2OS-Hoechst-H2AX_STC-11A-11B-Dox-BLO/Hoechst-H2AX.2026-02-13-21-50-52"
"317","D:/2026-02-13_U2OS-Hoechst-H2AX_STC-11A-11B-Dox-BLO/Hoechst-H2AX.2026-02-13-21-50-52/Hoechst-H2AX_Plate_R_p00_0_C11f12d0.TIF","D:/2026-02-13_U2OS-Hoechst-H2AX_STC-11A-11B-Dox-BLO/Hoechst-H2AX.2026-02-13-21-50-52/Hoechst-H2AX_Plate_R_p00_0_C11f12d1.TIF","Sterigmatocystin","3","C11","D:/2026-02-13_U2OS-Hoechst-H2AX_STC-11A-11B-Dox-BLO/Hoechst-H2AX.2026-02-13-21-50-52","D:/2026-02-13_U2OS-Hoechst-H2AX_STC-11A-11B-Dox-BLO/Hoechst-H2AX.2026-02-13-21-50-52"
"318","D:/2026-02-13_U2OS-Hoechst-H2AX_STC-11A-11B-Dox-BLO/Hoechst-H2AX.2026-02-13-21-50-52/Hoechst-H2AX_Plate_R_p00_0_C11f13d0.TIF","D:/2026-02-13_U2OS-Hoechst-H2AX_STC-11A-11B-Dox-BLO/Hoechst-H2AX.2026-02-13-21-50-52/Hoechst-H2AX_Plate_R_p00_0_C11f13d1.TIF","Sterigmatocystin","3","C11","D:/2026-02-13_U2OS-Hoechst-H2AX_STC-11A-11B-Dox-BLO/Hoechst-H2AX.2026-02-13-21-50-52","D:/2026-02-13_U2OS-Hoechst-H2AX_STC-11A-11B-Dox-BLO/Hoechst-H2AX.2026-02-13-21-50-52"
"319","D:/2026-02-13_U2OS-Hoechst-H2AX_STC-11A-11B-Dox-BLO/Hoechst-H2AX.2026-02-13-21-50-52/Hoechst-H2AX_Plate_R_p00_0_C11f14d0.TIF","D:/2026-02-13_U2OS-Hoechst-H2AX_STC-11A-11B-Dox-BLO/Hoechst-H2AX.2026-02-13-21-50-52/Hoechst-H2AX_Plate_R_p00_0_C11f14d1.TIF","Sterigmatocystin","3","C11","D:/2026-02-13_U2OS-Hoechst-H2AX_STC-11A-11B-Dox-BLO/Hoechst-H2AX.2026-02-13-21-50-52","D:/2026-02-13_U2OS-Hoechst-H2AX_STC-11A-11B-Dox-BLO/Hoechst-H2AX.2026-02-13-21-50-52"
"320","D:/2026-02-13_U2OS-Hoechst-H2AX_STC-11A-11B-Dox-BLO/Hoechst-H2AX.2026-02-13-21-50-52/Hoechst-H2AX_Plate_R_p00_0_C11f15d0.TIF","D:/2026-02-13_U2OS-Hoechst-H2AX_STC-11A-11B-Dox-BLO/Hoechst-H2AX.2026-02-13-21-50-52/Hoechst-H2AX_Plate_R_p00_0_C11f15d1.TIF","Sterigmatocystin","3","C11","D:/2026-02-13_U2OS-Hoechst-H2AX_STC-11A-11B-Dox-BLO/Hoechst-H2AX.2026-02-13-21-50-52","D:/2026-02-13_U2OS-Hoechst-H2AX_STC-11A-11B-Dox-BLO/Hoechst-H2AX.2026-02-13-21-50-52"
"321","D:/2026-02-13_U2OS-Hoechst-H2AX_STC-11A-11B-Dox-BLO/Hoechst-H2AX.2026-02-13-21-50-52/Hoechst-H2AX_Plate_R_p00_0_D02f00d0.TIF","D:/2026-02-13_U2OS-Hoechst-H2AX_STC-11A-11B-Dox-BLO/Hoechst-H2AX.2026-02-13-21-50-52/Hoechst-H2AX_Plate_R_p00_0_D02f00d1.TIF","Bleomycin","30","D02","D:/2026-02-13_U2OS-Hoechst-H2AX_STC-11A-11B-Dox-BLO/Hoechst-H2AX.2026-02-13-21-50-52","D:/2026-02-13_U2OS-Hoechst-H2AX_STC-11A-11B-Dox-BLO/Hoechst-H2AX.2026-02-13-21-50-52"
"322","D:/2026-02-13_U2OS-Hoechst-H2AX_STC-11A-11B-Dox-BLO/Hoechst-H2AX.2026-02-13-21-50-52/Hoechst-H2AX_Plate_R_p00_0_D02f01d0.TIF","D:/2026-02-13_U2OS-Hoechst-H2AX_STC-11A-11B-Dox-BLO/Hoechst-H2AX.2026-02-13-21-50-52/Hoechst-H2AX_Plate_R_p00_0_D02f01d1.TIF","Bleomycin","30","D02","D:/2026-02-13_U2OS-Hoechst-H2AX_STC-11A-11B-Dox-BLO/Hoechst-H2AX.2026-02-13-21-50-52","D:/2026-02-13_U2OS-Hoechst-H2AX_STC-11A-11B-Dox-BLO/Hoechst-H2AX.2026-02-13-21-50-52"
"323","D:/2026-02-13_U2OS-Hoechst-H2AX_STC-11A-11B-Dox-BLO/Hoechst-H2AX.2026-02-13-21-50-52/Hoechst-H2AX_Plate_R_p00_0_D02f02d0.TIF","D:/2026-02-13_U2OS-Hoechst-H2AX_STC-11A-11B-Dox-BLO/Hoechst-H2AX.2026-02-13-21-50-52/Hoechst-H2AX_Plate_R_p00_0_D02f02d1.TIF","Bleomycin","30","D02","D:/2026-02-13_U2OS-Hoechst-H2AX_STC-11A-11B-Dox-BLO/Hoechst-H2AX.2026-02-13-21-50-52","D:/2026-02-13_U2OS-Hoechst-H2AX_STC-11A-11B-Dox-BLO/Hoechst-H2AX.2026-02-13-21-50-52"
"324","D:/2026-02-13_U2OS-Hoechst-H2AX_STC-11A-11B-Dox-BLO/Hoechst-H2AX.2026-02-13-21-50-52/Hoechst-H2AX_Plate_R_p00_0_D02f03d0.TIF","D:/2026-02-13_U2OS-Hoechst-H2AX_STC-11A-11B-Dox-BLO/Hoechst-H2AX.2026-02-13-21-50-52/Hoechst-H2AX_Plate_R_p00_0_D02f03d1.TIF","Bleomycin","30","D02","D:/2026-02-13_U2OS-Hoechst-H2AX_STC-11A-11B-Dox-BLO/Hoechst-H2AX.2026-02-13-21-50-52","D:/2026-02-13_U2OS-Hoechst-H2AX_STC-11A-11B-Dox-BLO/Hoechst-H2AX.2026-02-13-21-50-52"
"325","D:/2026-02-13_U2OS-Hoechst-H2AX_STC-11A-11B-Dox-BLO/Hoechst-H2AX.2026-02-13-21-50-52/Hoechst-H2AX_Plate_R_p00_0_D02f04d0.TIF","D:/2026-02-13_U2OS-Hoechst-H2AX_STC-11A-11B-Dox-BLO/Hoechst-H2AX.2026-02-13-21-50-52/Hoechst-H2AX_Plate_R_p00_0_D02f04d1.TIF","Bleomycin","30","D02","D:/2026-02-13_U2OS-Hoechst-H2AX_STC-11A-11B-Dox-BLO/Hoechst-H2AX.2026-02-13-21-50-52","D:/2026-02-13_U2OS-Hoechst-H2AX_STC-11A-11B-Dox-BLO/Hoechst-H2AX.2026-02-13-21-50-52"
"326","D:/2026-02-13_U2OS-Hoechst-H2AX_STC-11A-11B-Dox-BLO/Hoechst-H2AX.2026-02-13-21-50-52/Hoechst-H2AX_Plate_R_p00_0_D02f05d0.TIF","D:/2026-02-13_U2OS-Hoechst-H2AX_STC-11A-11B-Dox-BLO/Hoechst-H2AX.2026-02-13-21-50-52/Hoechst-H2AX_Plate_R_p00_0_D02f05d1.TIF","Bleomycin","30","D02","D:/2026-02-13_U2OS-Hoechst-H2AX_STC-11A-11B-Dox-BLO/Hoechst-H2AX.2026-02-13-21-50-52","D:/2026-02-13_U2OS-Hoechst-H2AX_STC-11A-11B-Dox-BLO/Hoechst-H2AX.2026-02-13-21-50-52"
"327","D:/2026-02-13_U2OS-Hoechst-H2AX_STC-11A-11B-Dox-BLO/Hoechst-H2AX.2026-02-13-21-50-52/Hoechst-H2AX_Plate_R_p00_0_D02f06d0.TIF","D:/2026-02-13_U2OS-Hoechst-H2AX_STC-11A-11B-Dox-BLO/Hoechst-H2AX.2026-02-13-21-50-52/Hoechst-H2AX_Plate_R_p00_0_D02f06d1.TIF","Bleomycin","30","D02","D:/2026-02-13_U2OS-Hoechst-H2AX_STC-11A-11B-Dox-BLO/Hoechst-H2AX.2026-02-13-21-50-52","D:/2026-02-13_U2OS-Hoechst-H2AX_STC-11A-11B-Dox-BLO/Hoechst-H2AX.2026-02-13-21-50-52"
"328","D:/2026-02-13_U2OS-Hoechst-H2AX_STC-11A-11B-Dox-BLO/Hoechst-H2AX.2026-02-13-21-50-52/Hoechst-H2AX_Plate_R_p00_0_D02f07d0.TIF","D:/2026-02-13_U2OS-Hoechst-H2AX_STC-11A-11B-Dox-BLO/Hoechst-H2AX.2026-02-13-21-50-52/Hoechst-H2AX_Plate_R_p00_0_D02f07d1.TIF","Bleomycin","30","D02","D:/2026-02-13_U2OS-Hoechst-H2AX_STC-11A-11B-Dox-BLO/Hoechst-H2AX.2026-02-13-21-50-52","D:/2026-02-13_U2OS-Hoechst-H2AX_STC-11A-11B-Dox-BLO/Hoechst-H2AX.2026-02-13-21-50-52"
"329","D:/2026-02-13_U2OS-Hoechst-H2AX_STC-11A-11B-Dox-BLO/Hoechst-H2AX.2026-02-13-21-50-52/Hoechst-H2AX_Plate_R_p00_0_D02f08d0.TIF","D:/2026-02-13_U2OS-Hoechst-H2AX_STC-11A-11B-Dox-BLO/Hoechst-H2AX.2026-02-13-21-50-52/Hoechst-H2AX_Plate_R_p00_0_D02f08d1.TIF","Bleomycin","30","D02","D:/2026-02-13_U2OS-Hoechst-H2AX_STC-11A-11B-Dox-BLO/Hoechst-H2AX.2026-02-13-21-50-52","D:/2026-02-13_U2OS-Hoechst-H2AX_STC-11A-11B-Dox-BLO/Hoechst-H2AX.2026-02-13-21-50-52"
"330","D:/2026-02-13_U2OS-Hoechst-H2AX_STC-11A-11B-Dox-BLO/Hoechst-H2AX.2026-02-13-21-50-52/Hoechst-H2AX_Plate_R_p00_0_D02f09d0.TIF","D:/2026-02-13_U2OS-Hoechst-H2AX_STC-11A-11B-Dox-BLO/Hoechst-H2AX.2026-02-13-21-50-52/Hoechst-H2AX_Plate_R_p00_0_D02f09d1.TIF","Bleomycin","30","D02","D:/2026-02-13_U2OS-Hoechst-H2AX_STC-11A-11B-Dox-BLO/Hoechst-H2AX.2026-02-13-21-50-52","D:/2026-02-13_U2OS-Hoechst-H2AX_STC-11A-11B-Dox-BLO/Hoechst-H2AX.2026-02-13-21-50-52"
"331","D:/2026-02-13_U2OS-Hoechst-H2AX_STC-11A-11B-Dox-BLO/Hoechst-H2AX.2026-02-13-21-50-52/Hoechst-H2AX_Plate_R_p00_0_D02f10d0.TIF","D:/2026-02-13_U2OS-Hoechst-H2AX_STC-11A-11B-Dox-BLO/Hoechst-H2AX.2026-02-13-21-50-52/Hoechst-H2AX_Plate_R_p00_0_D02f10d1.TIF","Bleomycin","30","D02","D:/2026-02-13_U2OS-Hoechst-H2AX_STC-11A-11B-Dox-BLO/Hoechst-H2AX.2026-02-13-21-50-52","D:/2026-02-13_U2OS-Hoechst-H2AX_STC-11A-11B-Dox-BLO/Hoechst-H2AX.2026-02-13-21-50-52"
"332","D:/2026-02-13_U2OS-Hoechst-H2AX_STC-11A-11B-Dox-BLO/Hoechst-H2AX.2026-02-13-21-50-52/Hoechst-H2AX_Plate_R_p00_0_D02f11d0.TIF","D:/2026-02-13_U2OS-Hoechst-H2AX_STC-11A-11B-Dox-BLO/Hoechst-H2AX.2026-02-13-21-50-52/Hoechst-H2AX_Plate_R_p00_0_D02f11d1.TIF","Bleomycin","30","D02","D:/2026-02-13_U2OS-Hoechst-H2AX_STC-11A-11B-Dox-BLO/Hoechst-H2AX.2026-02-13-21-50-52","D:/2026-02-13_U2OS-Hoechst-H2AX_STC-11A-11B-Dox-BLO/Hoechst-H2AX.2026-02-13-21-50-52"
"333","D:/2026-02-13_U2OS-Hoechst-H2AX_STC-11A-11B-Dox-BLO/Hoechst-H2AX.2026-02-13-21-50-52/Hoechst-H2AX_Plate_R_p00_0_D02f12d0.TIF","D:/2026-02-13_U2OS-Hoechst-H2AX_STC-11A-11B-Dox-BLO/Hoechst-H2AX.2026-02-13-21-50-52/Hoechst-H2AX_Plate_R_p00_0_D02f12d1.TIF","Bleomycin","30","D02","D:/2026-02-13_U2OS-Hoechst-H2AX_STC-11A-11B-Dox-BLO/Hoechst-H2AX.2026-02-13-21-50-52","D:/2026-02-13_U2OS-Hoechst-H2AX_STC-11A-11B-Dox-BLO/Hoechst-H2AX.2026-02-13-21-50-52"
"334","D:/2026-02-13_U2OS-Hoechst-H2AX_STC-11A-11B-Dox-BLO/Hoechst-H2AX.2026-02-13-21-50-52/Hoechst-H2AX_Plate_R_p00_0_D02f13d0.TIF","D:/2026-02-13_U2OS-Hoechst-H2AX_STC-11A-11B-Dox-BLO/Hoechst-H2AX.2026-02-13-21-50-52/Hoechst-H2AX_Plate_R_p00_0_D02f13d1.TIF","Bleomycin","30","D02","D:/2026-02-13_U2OS-Hoechst-H2AX_STC-11A-11B-Dox-BLO/Hoechst-H2AX.2026-02-13-21-50-52","D:/2026-02-13_U2OS-Hoechst-H2AX_STC-11A-11B-Dox-BLO/Hoechst-H2AX.2026-02-13-21-50-52"
"335","D:/2026-02-13_U2OS-Hoechst-H2AX_STC-11A-11B-Dox-BLO/Hoechst-H2AX.2026-02-13-21-50-52/Hoechst-H2AX_Plate_R_p00_0_D02f14d0.TIF","D:/2026-02-13_U2OS-Hoechst-H2AX_STC-11A-11B-Dox-BLO/Hoechst-H2AX.2026-02-13-21-50-52/Hoechst-H2AX_Plate_R_p00_0_D02f14d1.TIF","Bleomycin","30","D02","D:/2026-02-13_U2OS-Hoechst-H2AX_STC-11A-11B-Dox-BLO/Hoechst-H2AX.2026-02-13-21-50-52","D:/2026-02-13_U2OS-Hoechst-H2AX_STC-11A-11B-Dox-BLO/Hoechst-H2AX.2026-02-13-21-50-52"
"336","D:/2026-02-13_U2OS-Hoechst-H2AX_STC-11A-11B-Dox-BLO/Hoechst-H2AX.2026-02-13-21-50-52/Hoechst-H2AX_Plate_R_p00_0_D02f15d0.TIF","D:/2026-02-13_U2OS-Hoechst-H2AX_STC-11A-11B-Dox-BLO/Hoechst-H2AX.2026-02-13-21-50-52/Hoechst-H2AX_Plate_R_p00_0_D02f15d1.TIF","Bleomycin","30","D02","D:/2026-02-13_U2OS-Hoechst-H2AX_STC-11A-11B-Dox-BLO/Hoechst-H2AX.2026-02-13-21-50-52","D:/2026-02-13_U2OS-Hoechst-H2AX_STC-11A-11B-Dox-BLO/Hoechst-H2AX.2026-02-13-21-50-52"
"337","D:/2026-02-13_U2OS-Hoechst-H2AX_STC-11A-11B-Dox-BLO/Hoechst-H2AX.2026-02-13-21-50-52/Hoechst-H2AX_Plate_R_p00_0_D03f00d0.TIF","D:/2026-02-13_U2OS-Hoechst-H2AX_STC-11A-11B-Dox-BLO/Hoechst-H2AX.2026-02-13-21-50-52/Hoechst-H2AX_Plate_R_p00_0_D03f00d1.TIF","Bleomycin","10","D03","D:/2026-02-13_U2OS-Hoechst-H2AX_STC-11A-11B-Dox-BLO/Hoechst-H2AX.2026-02-13-21-50-52","D:/2026-02-13_U2OS-Hoechst-H2AX_STC-11A-11B-Dox-BLO/Hoechst-H2AX.2026-02-13-21-50-52"
"338","D:/2026-02-13_U2OS-Hoechst-H2AX_STC-11A-11B-Dox-BLO/Hoechst-H2AX.2026-02-13-21-50-52/Hoechst-H2AX_Plate_R_p00_0_D03f01d0.TIF","D:/2026-02-13_U2OS-Hoechst-H2AX_STC-11A-11B-Dox-BLO/Hoechst-H2AX.2026-02-13-21-50-52/Hoechst-H2AX_Plate_R_p00_0_D03f01d1.TIF","Bleomycin","10","D03","D:/2026-02-13_U2OS-Hoechst-H2AX_STC-11A-11B-Dox-BLO/Hoechst-H2AX.2026-02-13-21-50-52","D:/2026-02-13_U2OS-Hoechst-H2AX_STC-11A-11B-Dox-BLO/Hoechst-H2AX.2026-02-13-21-50-52"
"339","D:/2026-02-13_U2OS-Hoechst-H2AX_STC-11A-11B-Dox-BLO/Hoechst-H2AX.2026-02-13-21-50-52/Hoechst-H2AX_Plate_R_p00_0_D03f02d0.TIF","D:/2026-02-13_U2OS-Hoechst-H2AX_STC-11A-11B-Dox-BLO/Hoechst-H2AX.2026-02-13-21-50-52/Hoechst-H2AX_Plate_R_p00_0_D03f02d1.TIF","Bleomycin","10","D03","D:/2026-02-13_U2OS-Hoechst-H2AX_STC-11A-11B-Dox-BLO/Hoechst-H2AX.2026-02-13-21-50-52","D:/2026-02-13_U2OS-Hoechst-H2AX_STC-11A-11B-Dox-BLO/Hoechst-H2AX.2026-02-13-21-50-52"
"340","D:/2026-02-13_U2OS-Hoechst-H2AX_STC-11A-11B-Dox-BLO/Hoechst-H2AX.2026-02-13-21-50-52/Hoechst-H2AX_Plate_R_p00_0_D03f03d0.TIF","D:/2026-02-13_U2OS-Hoechst-H2AX_STC-11A-11B-Dox-BLO/Hoechst-H2AX.2026-02-13-21-50-52/Hoechst-H2AX_Plate_R_p00_0_D03f03d1.TIF","Bleomycin","10","D03","D:/2026-02-13_U2OS-Hoechst-H2AX_STC-11A-11B-Dox-BLO/Hoechst-H2AX.2026-02-13-21-50-52","D:/2026-02-13_U2OS-Hoechst-H2AX_STC-11A-11B-Dox-BLO/Hoechst-H2AX.2026-02-13-21-50-52"
"341","D:/2026-02-13_U2OS-Hoechst-H2AX_STC-11A-11B-Dox-BLO/Hoechst-H2AX.2026-02-13-21-50-52/Hoechst-H2AX_Plate_R_p00_0_D03f04d0.TIF","D:/2026-02-13_U2OS-Hoechst-H2AX_STC-11A-11B-Dox-BLO/Hoechst-H2AX.2026-02-13-21-50-52/Hoechst-H2AX_Plate_R_p00_0_D03f04d1.TIF","Bleomycin","10","D03","D:/2026-02-13_U2OS-Hoechst-H2AX_STC-11A-11B-Dox-BLO/Hoechst-H2AX.2026-02-13-21-50-52","D:/2026-02-13_U2OS-Hoechst-H2AX_STC-11A-11B-Dox-BLO/Hoechst-H2AX.2026-02-13-21-50-52"
"342","D:/2026-02-13_U2OS-Hoechst-H2AX_STC-11A-11B-Dox-BLO/Hoechst-H2AX.2026-02-13-21-50-52/Hoechst-H2AX_Plate_R_p00_0_D03f05d0.TIF","D:/2026-02-13_U2OS-Hoechst-H2AX_STC-11A-11B-Dox-BLO/Hoechst-H2AX.2026-02-13-21-50-52/Hoechst-H2AX_Plate_R_p00_0_D03f05d1.TIF","Bleomycin","10","D03","D:/2026-02-13_U2OS-Hoechst-H2AX_STC-11A-11B-Dox-BLO/Hoechst-H2AX.2026-02-13-21-50-52","D:/2026-02-13_U2OS-Hoechst-H2AX_STC-11A-11B-Dox-BLO/Hoechst-H2AX.2026-02-13-21-50-52"
"343","D:/2026-02-13_U2OS-Hoechst-H2AX_STC-11A-11B-Dox-BLO/Hoechst-H2AX.2026-02-13-21-50-52/Hoechst-H2AX_Plate_R_p00_0_D03f06d0.TIF","D:/2026-02-13_U2OS-Hoechst-H2AX_STC-11A-11B-Dox-BLO/Hoechst-H2AX.2026-02-13-21-50-52/Hoechst-H2AX_Plate_R_p00_0_D03f06d1.TIF","Bleomycin","10","D03","D:/2026-02-13_U2OS-Hoechst-H2AX_STC-11A-11B-Dox-BLO/Hoechst-H2AX.2026-02-13-21-50-52","D:/2026-02-13_U2OS-Hoechst-H2AX_STC-11A-11B-Dox-BLO/Hoechst-H2AX.2026-02-13-21-50-52"
"344","D:/2026-02-13_U2OS-Hoechst-H2AX_STC-11A-11B-Dox-BLO/Hoechst-H2AX.2026-02-13-21-50-52/Hoechst-H2AX_Plate_R_p00_0_D03f07d0.TIF","D:/2026-02-13_U2OS-Hoechst-H2AX_STC-11A-11B-Dox-BLO/Hoechst-H2AX.2026-02-13-21-50-52/Hoechst-H2AX_Plate_R_p00_0_D03f07d1.TIF","Bleomycin","10","D03","D:/2026-02-13_U2OS-Hoechst-H2AX_STC-11A-11B-Dox-BLO/Hoechst-H2AX.2026-02-13-21-50-52","D:/2026-02-13_U2OS-Hoechst-H2AX_STC-11A-11B-Dox-BLO/Hoechst-H2AX.2026-02-13-21-50-52"
"345","D:/2026-02-13_U2OS-Hoechst-H2AX_STC-11A-11B-Dox-BLO/Hoechst-H2AX.2026-02-13-21-50-52/Hoechst-H2AX_Plate_R_p00_0_D03f08d0.TIF","D:/2026-02-13_U2OS-Hoechst-H2AX_STC-11A-11B-Dox-BLO/Hoechst-H2AX.2026-02-13-21-50-52/Hoechst-H2AX_Plate_R_p00_0_D03f08d1.TIF","Bleomycin","10","D03","D:/2026-02-13_U2OS-Hoechst-H2AX_STC-11A-11B-Dox-BLO/Hoechst-H2AX.2026-02-13-21-50-52","D:/2026-02-13_U2OS-Hoechst-H2AX_STC-11A-11B-Dox-BLO/Hoechst-H2AX.2026-02-13-21-50-52"
"346","D:/2026-02-13_U2OS-Hoechst-H2AX_STC-11A-11B-Dox-BLO/Hoechst-H2AX.2026-02-13-21-50-52/Hoechst-H2AX_Plate_R_p00_0_D03f09d0.TIF","D:/2026-02-13_U2OS-Hoechst-H2AX_STC-11A-11B-Dox-BLO/Hoechst-H2AX.2026-02-13-21-50-52/Hoechst-H2AX_Plate_R_p00_0_D03f09d1.TIF","Bleomycin","10","D03","D:/2026-02-13_U2OS-Hoechst-H2AX_STC-11A-11B-Dox-BLO/Hoechst-H2AX.2026-02-13-21-50-52","D:/2026-02-13_U2OS-Hoechst-H2AX_STC-11A-11B-Dox-BLO/Hoechst-H2AX.2026-02-13-21-50-52"
"347","D:/2026-02-13_U2OS-Hoechst-H2AX_STC-11A-11B-Dox-BLO/Hoechst-H2AX.2026-02-13-21-50-52/Hoechst-H2AX_Plate_R_p00_0_D03f10d0.TIF","D:/2026-02-13_U2OS-Hoechst-H2AX_STC-11A-11B-Dox-BLO/Hoechst-H2AX.2026-02-13-21-50-52/Hoechst-H2AX_Plate_R_p00_0_D03f10d1.TIF","Bleomycin","10","D03","D:/2026-02-13_U2OS-Hoechst-H2AX_STC-11A-11B-Dox-BLO/Hoechst-H2AX.2026-02-13-21-50-52","D:/2026-02-13_U2OS-Hoechst-H2AX_STC-11A-11B-Dox-BLO/Hoechst-H2AX.2026-02-13-21-50-52"
"348","D:/2026-02-13_U2OS-Hoechst-H2AX_STC-11A-11B-Dox-BLO/Hoechst-H2AX.2026-02-13-21-50-52/Hoechst-H2AX_Plate_R_p00_0_D03f11d0.TIF","D:/2026-02-13_U2OS-Hoechst-H2AX_STC-11A-11B-Dox-BLO/Hoechst-H2AX.2026-02-13-21-50-52/Hoechst-H2AX_Plate_R_p00_0_D03f11d1.TIF","Bleomycin","10","D03","D:/2026-02-13_U2OS-Hoechst-H2AX_STC-11A-11B-Dox-BLO/Hoechst-H2AX.2026-02-13-21-50-52","D:/2026-02-13_U2OS-Hoechst-H2AX_STC-11A-11B-Dox-BLO/Hoechst-H2AX.2026-02-13-21-50-52"
"349","D:/2026-02-13_U2OS-Hoechst-H2AX_STC-11A-11B-Dox-BLO/Hoechst-H2AX.2026-02-13-21-50-52/Hoechst-H2AX_Plate_R_p00_0_D03f12d0.TIF","D:/2026-02-13_U2OS-Hoechst-H2AX_STC-11A-11B-Dox-BLO/Hoechst-H2AX.2026-02-13-21-50-52/Hoechst-H2AX_Plate_R_p00_0_D03f12d1.TIF","Bleomycin","10","D03","D:/2026-02-13_U2OS-Hoechst-H2AX_STC-11A-11B-Dox-BLO/Hoechst-H2AX.2026-02-13-21-50-52","D:/2026-02-13_U2OS-Hoechst-H2AX_STC-11A-11B-Dox-BLO/Hoechst-H2AX.2026-02-13-21-50-52"
"350","D:/2026-02-13_U2OS-Hoechst-H2AX_STC-11A-11B-Dox-BLO/Hoechst-H2AX.2026-02-13-21-50-52/Hoechst-H2AX_Plate_R_p00_0_D03f13d0.TIF","D:/2026-02-13_U2OS-Hoechst-H2AX_STC-11A-11B-Dox-BLO/Hoechst-H2AX.2026-02-13-21-50-52/Hoechst-H2AX_Plate_R_p00_0_D03f13d1.TIF","Bleomycin","10","D03","D:/2026-02-13_U2OS-Hoechst-H2AX_STC-11A-11B-Dox-BLO/Hoechst-H2AX.2026-02-13-21-50-52","D:/2026-02-13_U2OS-Hoechst-H2AX_STC-11A-11B-Dox-BLO/Hoechst-H2AX.2026-02-13-21-50-52"
"351","D:/2026-02-13_U2OS-Hoechst-H2AX_STC-11A-11B-Dox-BLO/Hoechst-H2AX.2026-02-13-21-50-52/Hoechst-H2AX_Plate_R_p00_0_D03f14d0.TIF","D:/2026-02-13_U2OS-Hoechst-H2AX_STC-11A-11B-Dox-BLO/Hoechst-H2AX.2026-02-13-21-50-52/Hoechst-H2AX_Plate_R_p00_0_D03f14d1.TIF","Bleomycin","10","D03","D:/2026-02-13_U2OS-Hoechst-H2AX_STC-11A-11B-Dox-BLO/Hoechst-H2AX.2026-02-13-21-50-52","D:/2026-02-13_U2OS-Hoechst-H2AX_STC-11A-11B-Dox-BLO/Hoechst-H2AX.2026-02-13-21-50-52"
"352","D:/2026-02-13_U2OS-Hoechst-H2AX_STC-11A-11B-Dox-BLO/Hoechst-H2AX.2026-02-13-21-50-52/Hoechst-H2AX_Plate_R_p00_0_D03f15d0.TIF","D:/2026-02-13_U2OS-Hoechst-H2AX_STC-11A-11B-Dox-BLO/Hoechst-H2AX.2026-02-13-21-50-52/Hoechst-H2AX_Plate_R_p00_0_D03f15d1.TIF","Bleomycin","10","D03","D:/2026-02-13_U2OS-Hoechst-H2AX_STC-11A-11B-Dox-BLO/Hoechst-H2AX.2026-02-13-21-50-52","D:/2026-02-13_U2OS-Hoechst-H2AX_STC-11A-11B-Dox-BLO/Hoechst-H2AX.2026-02-13-21-50-52"
"353","D:/2026-02-13_U2OS-Hoechst-H2AX_STC-11A-11B-Dox-BLO/Hoechst-H2AX.2026-02-13-21-50-52/Hoechst-H2AX_Plate_R_p00_0_D04f00d0.TIF","D:/2026-02-13_U2OS-Hoechst-H2AX_STC-11A-11B-Dox-BLO/Hoechst-H2AX.2026-02-13-21-50-52/Hoechst-H2AX_Plate_R_p00_0_D04f00d1.TIF","Bleomycin","3","D04","D:/2026-02-13_U2OS-Hoechst-H2AX_STC-11A-11B-Dox-BLO/Hoechst-H2AX.2026-02-13-21-50-52","D:/2026-02-13_U2OS-Hoechst-H2AX_STC-11A-11B-Dox-BLO/Hoechst-H2AX.2026-02-13-21-50-52"
"354","D:/2026-02-13_U2OS-Hoechst-H2AX_STC-11A-11B-Dox-BLO/Hoechst-H2AX.2026-02-13-21-50-52/Hoechst-H2AX_Plate_R_p00_0_D04f01d0.TIF","D:/2026-02-13_U2OS-Hoechst-H2AX_STC-11A-11B-Dox-BLO/Hoechst-H2AX.2026-02-13-21-50-52/Hoechst-H2AX_Plate_R_p00_0_D04f01d1.TIF","Bleomycin","3","D04","D:/2026-02-13_U2OS-Hoechst-H2AX_STC-11A-11B-Dox-BLO/Hoechst-H2AX.2026-02-13-21-50-52","D:/2026-02-13_U2OS-Hoechst-H2AX_STC-11A-11B-Dox-BLO/Hoechst-H2AX.2026-02-13-21-50-52"
"355","D:/2026-02-13_U2OS-Hoechst-H2AX_STC-11A-11B-Dox-BLO/Hoechst-H2AX.2026-02-13-21-50-52/Hoechst-H2AX_Plate_R_p00_0_D04f02d0.TIF","D:/2026-02-13_U2OS-Hoechst-H2AX_STC-11A-11B-Dox-BLO/Hoechst-H2AX.2026-02-13-21-50-52/Hoechst-H2AX_Plate_R_p00_0_D04f02d1.TIF","Bleomycin","3","D04","D:/2026-02-13_U2OS-Hoechst-H2AX_STC-11A-11B-Dox-BLO/Hoechst-H2AX.2026-02-13-21-50-52","D:/2026-02-13_U2OS-Hoechst-H2AX_STC-11A-11B-Dox-BLO/Hoechst-H2AX.2026-02-13-21-50-52"
"356","D:/2026-02-13_U2OS-Hoechst-H2AX_STC-11A-11B-Dox-BLO/Hoechst-H2AX.2026-02-13-21-50-52/Hoechst-H2AX_Plate_R_p00_0_D04f03d0.TIF","D:/2026-02-13_U2OS-Hoechst-H2AX_STC-11A-11B-Dox-BLO/Hoechst-H2AX.2026-02-13-21-50-52/Hoechst-H2AX_Plate_R_p00_0_D04f03d1.TIF","Bleomycin","3","D04","D:/2026-02-13_U2OS-Hoechst-H2AX_STC-11A-11B-Dox-BLO/Hoechst-H2AX.2026-02-13-21-50-52","D:/2026-02-13_U2OS-Hoechst-H2AX_STC-11A-11B-Dox-BLO/Hoechst-H2AX.2026-02-13-21-50-52"
"357","D:/2026-02-13_U2OS-Hoechst-H2AX_STC-11A-11B-Dox-BLO/Hoechst-H2AX.2026-02-13-21-50-52/Hoechst-H2AX_Plate_R_p00_0_D04f04d0.TIF","D:/2026-02-13_U2OS-Hoechst-H2AX_STC-11A-11B-Dox-BLO/Hoechst-H2AX.2026-02-13-21-50-52/Hoechst-H2AX_Plate_R_p00_0_D04f04d1.TIF","Bleomycin","3","D04","D:/2026-02-13_U2OS-Hoechst-H2AX_STC-11A-11B-Dox-BLO/Hoechst-H2AX.2026-02-13-21-50-52","D:/2026-02-13_U2OS-Hoechst-H2AX_STC-11A-11B-Dox-BLO/Hoechst-H2AX.2026-02-13-21-50-52"
"358","D:/2026-02-13_U2OS-Hoechst-H2AX_STC-11A-11B-Dox-BLO/Hoechst-H2AX.2026-02-13-21-50-52/Hoechst-H2AX_Plate_R_p00_0_D04f05d0.TIF","D:/2026-02-13_U2OS-Hoechst-H2AX_STC-11A-11B-Dox-BLO/Hoechst-H2AX.2026-02-13-21-50-52/Hoechst-H2AX_Plate_R_p00_0_D04f05d1.TIF","Bleomycin","3","D04","D:/2026-02-13_U2OS-Hoechst-H2AX_STC-11A-11B-Dox-BLO/Hoechst-H2AX.2026-02-13-21-50-52","D:/2026-02-13_U2OS-Hoechst-H2AX_STC-11A-11B-Dox-BLO/Hoechst-H2AX.2026-02-13-21-50-52"
"359","D:/2026-02-13_U2OS-Hoechst-H2AX_STC-11A-11B-Dox-BLO/Hoechst-H2AX.2026-02-13-21-50-52/Hoechst-H2AX_Plate_R_p00_0_D04f06d0.TIF","D:/2026-02-13_U2OS-Hoechst-H2AX_STC-11A-11B-Dox-BLO/Hoechst-H2AX.2026-02-13-21-50-52/Hoechst-H2AX_Plate_R_p00_0_D04f06d1.TIF","Bleomycin","3","D04","D:/2026-02-13_U2OS-Hoechst-H2AX_STC-11A-11B-Dox-BLO/Hoechst-H2AX.2026-02-13-21-50-52","D:/2026-02-13_U2OS-Hoechst-H2AX_STC-11A-11B-Dox-BLO/Hoechst-H2AX.2026-02-13-21-50-52"
"360","D:/2026-02-13_U2OS-Hoechst-H2AX_STC-11A-11B-Dox-BLO/Hoechst-H2AX.2026-02-13-21-50-52/Hoechst-H2AX_Plate_R_p00_0_D04f07d0.TIF","D:/2026-02-13_U2OS-Hoechst-H2AX_STC-11A-11B-Dox-BLO/Hoechst-H2AX.2026-02-13-21-50-52/Hoechst-H2AX_Plate_R_p00_0_D04f07d1.TIF","Bleomycin","3","D04","D:/2026-02-13_U2OS-Hoechst-H2AX_STC-11A-11B-Dox-BLO/Hoechst-H2AX.2026-02-13-21-50-52","D:/2026-02-13_U2OS-Hoechst-H2AX_STC-11A-11B-Dox-BLO/Hoechst-H2AX.2026-02-13-21-50-52"
"361","D:/2026-02-13_U2OS-Hoechst-H2AX_STC-11A-11B-Dox-BLO/Hoechst-H2AX.2026-02-13-21-50-52/Hoechst-H2AX_Plate_R_p00_0_D04f08d0.TIF","D:/2026-02-13_U2OS-Hoechst-H2AX_STC-11A-11B-Dox-BLO/Hoechst-H2AX.2026-02-13-21-50-52/Hoechst-H2AX_Plate_R_p00_0_D04f08d1.TIF","Bleomycin","3","D04","D:/2026-02-13_U2OS-Hoechst-H2AX_STC-11A-11B-Dox-BLO/Hoechst-H2AX.2026-02-13-21-50-52","D:/2026-02-13_U2OS-Hoechst-H2AX_STC-11A-11B-Dox-BLO/Hoechst-H2AX.2026-02-13-21-50-52"
"362","D:/2026-02-13_U2OS-Hoechst-H2AX_STC-11A-11B-Dox-BLO/Hoechst-H2AX.2026-02-13-21-50-52/Hoechst-H2AX_Plate_R_p00_0_D04f09d0.TIF","D:/2026-02-13_U2OS-Hoechst-H2AX_STC-11A-11B-Dox-BLO/Hoechst-H2AX.2026-02-13-21-50-52/Hoechst-H2AX_Plate_R_p00_0_D04f09d1.TIF","Bleomycin","3","D04","D:/2026-02-13_U2OS-Hoechst-H2AX_STC-11A-11B-Dox-BLO/Hoechst-H2AX.2026-02-13-21-50-52","D:/2026-02-13_U2OS-Hoechst-H2AX_STC-11A-11B-Dox-BLO/Hoechst-H2AX.2026-02-13-21-50-52"
"363","D:/2026-02-13_U2OS-Hoechst-H2AX_STC-11A-11B-Dox-BLO/Hoechst-H2AX.2026-02-13-21-50-52/Hoechst-H2AX_Plate_R_p00_0_D04f10d0.TIF","D:/2026-02-13_U2OS-Hoechst-H2AX_STC-11A-11B-Dox-BLO/Hoechst-H2AX.2026-02-13-21-50-52/Hoechst-H2AX_Plate_R_p00_0_D04f10d1.TIF","Bleomycin","3","D04","D:/2026-02-13_U2OS-Hoechst-H2AX_STC-11A-11B-Dox-BLO/Hoechst-H2AX.2026-02-13-21-50-52","D:/2026-02-13_U2OS-Hoechst-H2AX_STC-11A-11B-Dox-BLO/Hoechst-H2AX.2026-02-13-21-50-52"
"364","D:/2026-02-13_U2OS-Hoechst-H2AX_STC-11A-11B-Dox-BLO/Hoechst-H2AX.2026-02-13-21-50-52/Hoechst-H2AX_Plate_R_p00_0_D04f11d0.TIF","D:/2026-02-13_U2OS-Hoechst-H2AX_STC-11A-11B-Dox-BLO/Hoechst-H2AX.2026-02-13-21-50-52/Hoechst-H2AX_Plate_R_p00_0_D04f11d1.TIF","Bleomycin","3","D04","D:/2026-02-13_U2OS-Hoechst-H2AX_STC-11A-11B-Dox-BLO/Hoechst-H2AX.2026-02-13-21-50-52","D:/2026-02-13_U2OS-Hoechst-H2AX_STC-11A-11B-Dox-BLO/Hoechst-H2AX.2026-02-13-21-50-52"
"365","D:/2026-02-13_U2OS-Hoechst-H2AX_STC-11A-11B-Dox-BLO/Hoechst-H2AX.2026-02-13-21-50-52/Hoechst-H2AX_Plate_R_p00_0_D04f12d0.TIF","D:/2026-02-13_U2OS-Hoechst-H2AX_STC-11A-11B-Dox-BLO/Hoechst-H2AX.2026-02-13-21-50-52/Hoechst-H2AX_Plate_R_p00_0_D04f12d1.TIF","Bleomycin","3","D04","D:/2026-02-13_U2OS-Hoechst-H2AX_STC-11A-11B-Dox-BLO/Hoechst-H2AX.2026-02-13-21-50-52","D:/2026-02-13_U2OS-Hoechst-H2AX_STC-11A-11B-Dox-BLO/Hoechst-H2AX.2026-02-13-21-50-52"
"366","D:/2026-02-13_U2OS-Hoechst-H2AX_STC-11A-11B-Dox-BLO/Hoechst-H2AX.2026-02-13-21-50-52/Hoechst-H2AX_Plate_R_p00_0_D04f13d0.TIF","D:/2026-02-13_U2OS-Hoechst-H2AX_STC-11A-11B-Dox-BLO/Hoechst-H2AX.2026-02-13-21-50-52/Hoechst-H2AX_Plate_R_p00_0_D04f13d1.TIF","Bleomycin","3","D04","D:/2026-02-13_U2OS-Hoechst-H2AX_STC-11A-11B-Dox-BLO/Hoechst-H2AX.2026-02-13-21-50-52","D:/2026-02-13_U2OS-Hoechst-H2AX_STC-11A-11B-Dox-BLO/Hoechst-H2AX.2026-02-13-21-50-52"
"367","D:/2026-02-13_U2OS-Hoechst-H2AX_STC-11A-11B-Dox-BLO/Hoechst-H2AX.2026-02-13-21-50-52/Hoechst-H2AX_Plate_R_p00_0_D04f14d0.TIF","D:/2026-02-13_U2OS-Hoechst-H2AX_STC-11A-11B-Dox-BLO/Hoechst-H2AX.2026-02-13-21-50-52/Hoechst-H2AX_Plate_R_p00_0_D04f14d1.TIF","Bleomycin","3","D04","D:/2026-02-13_U2OS-Hoechst-H2AX_STC-11A-11B-Dox-BLO/Hoechst-H2AX.2026-02-13-21-50-52","D:/2026-02-13_U2OS-Hoechst-H2AX_STC-11A-11B-Dox-BLO/Hoechst-H2AX.2026-02-13-21-50-52"
"368","D:/2026-02-13_U2OS-Hoechst-H2AX_STC-11A-11B-Dox-BLO/Hoechst-H2AX.2026-02-13-21-50-52/Hoechst-H2AX_Plate_R_p00_0_D04f15d0.TIF","D:/2026-02-13_U2OS-Hoechst-H2AX_STC-11A-11B-Dox-BLO/Hoechst-H2AX.2026-02-13-21-50-52/Hoechst-H2AX_Plate_R_p00_0_D04f15d1.TIF","Bleomycin","3","D04","D:/2026-02-13_U2OS-Hoechst-H2AX_STC-11A-11B-Dox-BLO/Hoechst-H2AX.2026-02-13-21-50-52","D:/2026-02-13_U2OS-Hoechst-H2AX_STC-11A-11B-Dox-BLO/Hoechst-H2AX.2026-02-13-21-50-52"
"369","D:/2026-02-13_U2OS-Hoechst-H2AX_STC-11A-11B-Dox-BLO/Hoechst-H2AX.2026-02-13-21-50-52/Hoechst-H2AX_Plate_R_p00_0_D05f00d0.TIF","D:/2026-02-13_U2OS-Hoechst-H2AX_STC-11A-11B-Dox-BLO/Hoechst-H2AX.2026-02-13-21-50-52/Hoechst-H2AX_Plate_R_p00_0_D05f00d1.TIF","KCB25-11A","10","D05","D:/2026-02-13_U2OS-Hoechst-H2AX_STC-11A-11B-Dox-BLO/Hoechst-H2AX.2026-02-13-21-50-52","D:/2026-02-13_U2OS-Hoechst-H2AX_STC-11A-11B-Dox-BLO/Hoechst-H2AX.2026-02-13-21-50-52"
"370","D:/2026-02-13_U2OS-Hoechst-H2AX_STC-11A-11B-Dox-BLO/Hoechst-H2AX.2026-02-13-21-50-52/Hoechst-H2AX_Plate_R_p00_0_D05f01d0.TIF","D:/2026-02-13_U2OS-Hoechst-H2AX_STC-11A-11B-Dox-BLO/Hoechst-H2AX.2026-02-13-21-50-52/Hoechst-H2AX_Plate_R_p00_0_D05f01d1.TIF","KCB25-11A","10","D05","D:/2026-02-13_U2OS-Hoechst-H2AX_STC-11A-11B-Dox-BLO/Hoechst-H2AX.2026-02-13-21-50-52","D:/2026-02-13_U2OS-Hoechst-H2AX_STC-11A-11B-Dox-BLO/Hoechst-H2AX.2026-02-13-21-50-52"
"371","D:/2026-02-13_U2OS-Hoechst-H2AX_STC-11A-11B-Dox-BLO/Hoechst-H2AX.2026-02-13-21-50-52/Hoechst-H2AX_Plate_R_p00_0_D05f02d0.TIF","D:/2026-02-13_U2OS-Hoechst-H2AX_STC-11A-11B-Dox-BLO/Hoechst-H2AX.2026-02-13-21-50-52/Hoechst-H2AX_Plate_R_p00_0_D05f02d1.TIF","KCB25-11A","10","D05","D:/2026-02-13_U2OS-Hoechst-H2AX_STC-11A-11B-Dox-BLO/Hoechst-H2AX.2026-02-13-21-50-52","D:/2026-02-13_U2OS-Hoechst-H2AX_STC-11A-11B-Dox-BLO/Hoechst-H2AX.2026-02-13-21-50-52"
"372","D:/2026-02-13_U2OS-Hoechst-H2AX_STC-11A-11B-Dox-BLO/Hoechst-H2AX.2026-02-13-21-50-52/Hoechst-H2AX_Plate_R_p00_0_D05f03d0.TIF","D:/2026-02-13_U2OS-Hoechst-H2AX_STC-11A-11B-Dox-BLO/Hoechst-H2AX.2026-02-13-21-50-52/Hoechst-H2AX_Plate_R_p00_0_D05f03d1.TIF","KCB25-11A","10","D05","D:/2026-02-13_U2OS-Hoechst-H2AX_STC-11A-11B-Dox-BLO/Hoechst-H2AX.2026-02-13-21-50-52","D:/2026-02-13_U2OS-Hoechst-H2AX_STC-11A-11B-Dox-BLO/Hoechst-H2AX.2026-02-13-21-50-52"
"373","D:/2026-02-13_U2OS-Hoechst-H2AX_STC-11A-11B-Dox-BLO/Hoechst-H2AX.2026-02-13-21-50-52/Hoechst-H2AX_Plate_R_p00_0_D05f04d0.TIF","D:/2026-02-13_U2OS-Hoechst-H2AX_STC-11A-11B-Dox-BLO/Hoechst-H2AX.2026-02-13-21-50-52/Hoechst-H2AX_Plate_R_p00_0_D05f04d1.TIF","KCB25-11A","10","D05","D:/2026-02-13_U2OS-Hoechst-H2AX_STC-11A-11B-Dox-BLO/Hoechst-H2AX.2026-02-13-21-50-52","D:/2026-02-13_U2OS-Hoechst-H2AX_STC-11A-11B-Dox-BLO/Hoechst-H2AX.2026-02-13-21-50-52"
"374","D:/2026-02-13_U2OS-Hoechst-H2AX_STC-11A-11B-Dox-BLO/Hoechst-H2AX.2026-02-13-21-50-52/Hoechst-H2AX_Plate_R_p00_0_D05f05d0.TIF","D:/2026-02-13_U2OS-Hoechst-H2AX_STC-11A-11B-Dox-BLO/Hoechst-H2AX.2026-02-13-21-50-52/Hoechst-H2AX_Plate_R_p00_0_D05f05d1.TIF","KCB25-11A","10","D05","D:/2026-02-13_U2OS-Hoechst-H2AX_STC-11A-11B-Dox-BLO/Hoechst-H2AX.2026-02-13-21-50-52","D:/2026-02-13_U2OS-Hoechst-H2AX_STC-11A-11B-Dox-BLO/Hoechst-H2AX.2026-02-13-21-50-52"
"375","D:/2026-02-13_U2OS-Hoechst-H2AX_STC-11A-11B-Dox-BLO/Hoechst-H2AX.2026-02-13-21-50-52/Hoechst-H2AX_Plate_R_p00_0_D05f06d0.TIF","D:/2026-02-13_U2OS-Hoechst-H2AX_STC-11A-11B-Dox-BLO/Hoechst-H2AX.2026-02-13-21-50-52/Hoechst-H2AX_Plate_R_p00_0_D05f06d1.TIF","KCB25-11A","10","D05","D:/2026-02-13_U2OS-Hoechst-H2AX_STC-11A-11B-Dox-BLO/Hoechst-H2AX.2026-02-13-21-50-52","D:/2026-02-13_U2OS-Hoechst-H2AX_STC-11A-11B-Dox-BLO/Hoechst-H2AX.2026-02-13-21-50-52"
"376","D:/2026-02-13_U2OS-Hoechst-H2AX_STC-11A-11B-Dox-BLO/Hoechst-H2AX.2026-02-13-21-50-52/Hoechst-H2AX_Plate_R_p00_0_D05f07d0.TIF","D:/2026-02-13_U2OS-Hoechst-H2AX_STC-11A-11B-Dox-BLO/Hoechst-H2AX.2026-02-13-21-50-52/Hoechst-H2AX_Plate_R_p00_0_D05f07d1.TIF","KCB25-11A","10","D05","D:/2026-02-13_U2OS-Hoechst-H2AX_STC-11A-11B-Dox-BLO/Hoechst-H2AX.2026-02-13-21-50-52","D:/2026-02-13_U2OS-Hoechst-H2AX_STC-11A-11B-Dox-BLO/Hoechst-H2AX.2026-02-13-21-50-52"
"377","D:/2026-02-13_U2OS-Hoechst-H2AX_STC-11A-11B-Dox-BLO/Hoechst-H2AX.2026-02-13-21-50-52/Hoechst-H2AX_Plate_R_p00_0_D05f08d0.TIF","D:/2026-02-13_U2OS-Hoechst-H2AX_STC-11A-11B-Dox-BLO/Hoechst-H2AX.2026-02-13-21-50-52/Hoechst-H2AX_Plate_R_p00_0_D05f08d1.TIF","KCB25-11A","10","D05","D:/2026-02-13_U2OS-Hoechst-H2AX_STC-11A-11B-Dox-BLO/Hoechst-H2AX.2026-02-13-21-50-52","D:/2026-02-13_U2OS-Hoechst-H2AX_STC-11A-11B-Dox-BLO/Hoechst-H2AX.2026-02-13-21-50-52"
"378","D:/2026-02-13_U2OS-Hoechst-H2AX_STC-11A-11B-Dox-BLO/Hoechst-H2AX.2026-02-13-21-50-52/Hoechst-H2AX_Plate_R_p00_0_D05f09d0.TIF","D:/2026-02-13_U2OS-Hoechst-H2AX_STC-11A-11B-Dox-BLO/Hoechst-H2AX.2026-02-13-21-50-52/Hoechst-H2AX_Plate_R_p00_0_D05f09d1.TIF","KCB25-11A","10","D05","D:/2026-02-13_U2OS-Hoechst-H2AX_STC-11A-11B-Dox-BLO/Hoechst-H2AX.2026-02-13-21-50-52","D:/2026-02-13_U2OS-Hoechst-H2AX_STC-11A-11B-Dox-BLO/Hoechst-H2AX.2026-02-13-21-50-52"
"379","D:/2026-02-13_U2OS-Hoechst-H2AX_STC-11A-11B-Dox-BLO/Hoechst-H2AX.2026-02-13-21-50-52/Hoechst-H2AX_Plate_R_p00_0_D05f10d0.TIF","D:/2026-02-13_U2OS-Hoechst-H2AX_STC-11A-11B-Dox-BLO/Hoechst-H2AX.2026-02-13-21-50-52/Hoechst-H2AX_Plate_R_p00_0_D05f10d1.TIF","KCB25-11A","10","D05","D:/2026-02-13_U2OS-Hoechst-H2AX_STC-11A-11B-Dox-BLO/Hoechst-H2AX.2026-02-13-21-50-52","D:/2026-02-13_U2OS-Hoechst-H2AX_STC-11A-11B-Dox-BLO/Hoechst-H2AX.2026-02-13-21-50-52"
"380","D:/2026-02-13_U2OS-Hoechst-H2AX_STC-11A-11B-Dox-BLO/Hoechst-H2AX.2026-02-13-21-50-52/Hoechst-H2AX_Plate_R_p00_0_D05f11d0.TIF","D:/2026-02-13_U2OS-Hoechst-H2AX_STC-11A-11B-Dox-BLO/Hoechst-H2AX.2026-02-13-21-50-52/Hoechst-H2AX_Plate_R_p00_0_D05f11d1.TIF","KCB25-11A","10","D05","D:/2026-02-13_U2OS-Hoechst-H2AX_STC-11A-11B-Dox-BLO/Hoechst-H2AX.2026-02-13-21-50-52","D:/2026-02-13_U2OS-Hoechst-H2AX_STC-11A-11B-Dox-BLO/Hoechst-H2AX.2026-02-13-21-50-52"
"381","D:/2026-02-13_U2OS-Hoechst-H2AX_STC-11A-11B-Dox-BLO/Hoechst-H2AX.2026-02-13-21-50-52/Hoechst-H2AX_Plate_R_p00_0_D05f12d0.TIF","D:/2026-02-13_U2OS-Hoechst-H2AX_STC-11A-11B-Dox-BLO/Hoechst-H2AX.2026-02-13-21-50-52/Hoechst-H2AX_Plate_R_p00_0_D05f12d1.TIF","KCB25-11A","10","D05","D:/2026-02-13_U2OS-Hoechst-H2AX_STC-11A-11B-Dox-BLO/Hoechst-H2AX.2026-02-13-21-50-52","D:/2026-02-13_U2OS-Hoechst-H2AX_STC-11A-11B-Dox-BLO/Hoechst-H2AX.2026-02-13-21-50-52"
"382","D:/2026-02-13_U2OS-Hoechst-H2AX_STC-11A-11B-Dox-BLO/Hoechst-H2AX.2026-02-13-21-50-52/Hoechst-H2AX_Plate_R_p00_0_D05f13d0.TIF","D:/2026-02-13_U2OS-Hoechst-H2AX_STC-11A-11B-Dox-BLO/Hoechst-H2AX.2026-02-13-21-50-52/Hoechst-H2AX_Plate_R_p00_0_D05f13d1.TIF","KCB25-11A","10","D05","D:/2026-02-13_U2OS-Hoechst-H2AX_STC-11A-11B-Dox-BLO/Hoechst-H2AX.2026-02-13-21-50-52","D:/2026-02-13_U2OS-Hoechst-H2AX_STC-11A-11B-Dox-BLO/Hoechst-H2AX.2026-02-13-21-50-52"
"383","D:/2026-02-13_U2OS-Hoechst-H2AX_STC-11A-11B-Dox-BLO/Hoechst-H2AX.2026-02-13-21-50-52/Hoechst-H2AX_Plate_R_p00_0_D05f14d0.TIF","D:/2026-02-13_U2OS-Hoechst-H2AX_STC-11A-11B-Dox-BLO/Hoechst-H2AX.2026-02-13-21-50-52/Hoechst-H2AX_Plate_R_p00_0_D05f14d1.TIF","KCB25-11A","10","D05","D:/2026-02-13_U2OS-Hoechst-H2AX_STC-11A-11B-Dox-BLO/Hoechst-H2AX.2026-02-13-21-50-52","D:/2026-02-13_U2OS-Hoechst-H2AX_STC-11A-11B-Dox-BLO/Hoechst-H2AX.2026-02-13-21-50-52"
"384","D:/2026-02-13_U2OS-Hoechst-H2AX_STC-11A-11B-Dox-BLO/Hoechst-H2AX.2026-02-13-21-50-52/Hoechst-H2AX_Plate_R_p00_0_D05f15d0.TIF","D:/2026-02-13_U2OS-Hoechst-H2AX_STC-11A-11B-Dox-BLO/Hoechst-H2AX.2026-02-13-21-50-52/Hoechst-H2AX_Plate_R_p00_0_D05f15d1.TIF","KCB25-11A","10","D05","D:/2026-02-13_U2OS-Hoechst-H2AX_STC-11A-11B-Dox-BLO/Hoechst-H2AX.2026-02-13-21-50-52","D:/2026-02-13_U2OS-Hoechst-H2AX_STC-11A-11B-Dox-BLO/Hoechst-H2AX.2026-02-13-21-50-52"
"385","D:/2026-02-13_U2OS-Hoechst-H2AX_STC-11A-11B-Dox-BLO/Hoechst-H2AX.2026-02-13-21-50-52/Hoechst-H2AX_Plate_R_p00_0_D06f00d0.TIF","D:/2026-02-13_U2OS-Hoechst-H2AX_STC-11A-11B-Dox-BLO/Hoechst-H2AX.2026-02-13-21-50-52/Hoechst-H2AX_Plate_R_p00_0_D06f00d1.TIF","KCB25-11A","3","D06","D:/2026-02-13_U2OS-Hoechst-H2AX_STC-11A-11B-Dox-BLO/Hoechst-H2AX.2026-02-13-21-50-52","D:/2026-02-13_U2OS-Hoechst-H2AX_STC-11A-11B-Dox-BLO/Hoechst-H2AX.2026-02-13-21-50-52"
"386","D:/2026-02-13_U2OS-Hoechst-H2AX_STC-11A-11B-Dox-BLO/Hoechst-H2AX.2026-02-13-21-50-52/Hoechst-H2AX_Plate_R_p00_0_D06f01d0.TIF","D:/2026-02-13_U2OS-Hoechst-H2AX_STC-11A-11B-Dox-BLO/Hoechst-H2AX.2026-02-13-21-50-52/Hoechst-H2AX_Plate_R_p00_0_D06f01d1.TIF","KCB25-11A","3","D06","D:/2026-02-13_U2OS-Hoechst-H2AX_STC-11A-11B-Dox-BLO/Hoechst-H2AX.2026-02-13-21-50-52","D:/2026-02-13_U2OS-Hoechst-H2AX_STC-11A-11B-Dox-BLO/Hoechst-H2AX.2026-02-13-21-50-52"
"387","D:/2026-02-13_U2OS-Hoechst-H2AX_STC-11A-11B-Dox-BLO/Hoechst-H2AX.2026-02-13-21-50-52/Hoechst-H2AX_Plate_R_p00_0_D06f02d0.TIF","D:/2026-02-13_U2OS-Hoechst-H2AX_STC-11A-11B-Dox-BLO/Hoechst-H2AX.2026-02-13-21-50-52/Hoechst-H2AX_Plate_R_p00_0_D06f02d1.TIF","KCB25-11A","3","D06","D:/2026-02-13_U2OS-Hoechst-H2AX_STC-11A-11B-Dox-BLO/Hoechst-H2AX.2026-02-13-21-50-52","D:/2026-02-13_U2OS-Hoechst-H2AX_STC-11A-11B-Dox-BLO/Hoechst-H2AX.2026-02-13-21-50-52"
"388","D:/2026-02-13_U2OS-Hoechst-H2AX_STC-11A-11B-Dox-BLO/Hoechst-H2AX.2026-02-13-21-50-52/Hoechst-H2AX_Plate_R_p00_0_D06f03d0.TIF","D:/2026-02-13_U2OS-Hoechst-H2AX_STC-11A-11B-Dox-BLO/Hoechst-H2AX.2026-02-13-21-50-52/Hoechst-H2AX_Plate_R_p00_0_D06f03d1.TIF","KCB25-11A","3","D06","D:/2026-02-13_U2OS-Hoechst-H2AX_STC-11A-11B-Dox-BLO/Hoechst-H2AX.2026-02-13-21-50-52","D:/2026-02-13_U2OS-Hoechst-H2AX_STC-11A-11B-Dox-BLO/Hoechst-H2AX.2026-02-13-21-50-52"
"389","D:/2026-02-13_U2OS-Hoechst-H2AX_STC-11A-11B-Dox-BLO/Hoechst-H2AX.2026-02-13-21-50-52/Hoechst-H2AX_Plate_R_p00_0_D06f04d0.TIF","D:/2026-02-13_U2OS-Hoechst-H2AX_STC-11A-11B-Dox-BLO/Hoechst-H2AX.2026-02-13-21-50-52/Hoechst-H2AX_Plate_R_p00_0_D06f04d1.TIF","KCB25-11A","3","D06","D:/2026-02-13_U2OS-Hoechst-H2AX_STC-11A-11B-Dox-BLO/Hoechst-H2AX.2026-02-13-21-50-52","D:/2026-02-13_U2OS-Hoechst-H2AX_STC-11A-11B-Dox-BLO/Hoechst-H2AX.2026-02-13-21-50-52"
"390","D:/2026-02-13_U2OS-Hoechst-H2AX_STC-11A-11B-Dox-BLO/Hoechst-H2AX.2026-02-13-21-50-52/Hoechst-H2AX_Plate_R_p00_0_D06f05d0.TIF","D:/2026-02-13_U2OS-Hoechst-H2AX_STC-11A-11B-Dox-BLO/Hoechst-H2AX.2026-02-13-21-50-52/Hoechst-H2AX_Plate_R_p00_0_D06f05d1.TIF","KCB25-11A","3","D06","D:/2026-02-13_U2OS-Hoechst-H2AX_STC-11A-11B-Dox-BLO/Hoechst-H2AX.2026-02-13-21-50-52","D:/2026-02-13_U2OS-Hoechst-H2AX_STC-11A-11B-Dox-BLO/Hoechst-H2AX.2026-02-13-21-50-52"
"391","D:/2026-02-13_U2OS-Hoechst-H2AX_STC-11A-11B-Dox-BLO/Hoechst-H2AX.2026-02-13-21-50-52/Hoechst-H2AX_Plate_R_p00_0_D06f06d0.TIF","D:/2026-02-13_U2OS-Hoechst-H2AX_STC-11A-11B-Dox-BLO/Hoechst-H2AX.2026-02-13-21-50-52/Hoechst-H2AX_Plate_R_p00_0_D06f06d1.TIF","KCB25-11A","3","D06","D:/2026-02-13_U2OS-Hoechst-H2AX_STC-11A-11B-Dox-BLO/Hoechst-H2AX.2026-02-13-21-50-52","D:/2026-02-13_U2OS-Hoechst-H2AX_STC-11A-11B-Dox-BLO/Hoechst-H2AX.2026-02-13-21-50-52"
"392","D:/2026-02-13_U2OS-Hoechst-H2AX_STC-11A-11B-Dox-BLO/Hoechst-H2AX.2026-02-13-21-50-52/Hoechst-H2AX_Plate_R_p00_0_D06f07d0.TIF","D:/2026-02-13_U2OS-Hoechst-H2AX_STC-11A-11B-Dox-BLO/Hoechst-H2AX.2026-02-13-21-50-52/Hoechst-H2AX_Plate_R_p00_0_D06f07d1.TIF","KCB25-11A","3","D06","D:/2026-02-13_U2OS-Hoechst-H2AX_STC-11A-11B-Dox-BLO/Hoechst-H2AX.2026-02-13-21-50-52","D:/2026-02-13_U2OS-Hoechst-H2AX_STC-11A-11B-Dox-BLO/Hoechst-H2AX.2026-02-13-21-50-52"
"393","D:/2026-02-13_U2OS-Hoechst-H2AX_STC-11A-11B-Dox-BLO/Hoechst-H2AX.2026-02-13-21-50-52/Hoechst-H2AX_Plate_R_p00_0_D06f08d0.TIF","D:/2026-02-13_U2OS-Hoechst-H2AX_STC-11A-11B-Dox-BLO/Hoechst-H2AX.2026-02-13-21-50-52/Hoechst-H2AX_Plate_R_p00_0_D06f08d1.TIF","KCB25-11A","3","D06","D:/2026-02-13_U2OS-Hoechst-H2AX_STC-11A-11B-Dox-BLO/Hoechst-H2AX.2026-02-13-21-50-52","D:/2026-02-13_U2OS-Hoechst-H2AX_STC-11A-11B-Dox-BLO/Hoechst-H2AX.2026-02-13-21-50-52"
"394","D:/2026-02-13_U2OS-Hoechst-H2AX_STC-11A-11B-Dox-BLO/Hoechst-H2AX.2026-02-13-21-50-52/Hoechst-H2AX_Plate_R_p00_0_D06f09d0.TIF","D:/2026-02-13_U2OS-Hoechst-H2AX_STC-11A-11B-Dox-BLO/Hoechst-H2AX.2026-02-13-21-50-52/Hoechst-H2AX_Plate_R_p00_0_D06f09d1.TIF","KCB25-11A","3","D06","D:/2026-02-13_U2OS-Hoechst-H2AX_STC-11A-11B-Dox-BLO/Hoechst-H2AX.2026-02-13-21-50-52","D:/2026-02-13_U2OS-Hoechst-H2AX_STC-11A-11B-Dox-BLO/Hoechst-H2AX.2026-02-13-21-50-52"
"395","D:/2026-02-13_U2OS-Hoechst-H2AX_STC-11A-11B-Dox-BLO/Hoechst-H2AX.2026-02-13-21-50-52/Hoechst-H2AX_Plate_R_p00_0_D06f10d0.TIF","D:/2026-02-13_U2OS-Hoechst-H2AX_STC-11A-11B-Dox-BLO/Hoechst-H2AX.2026-02-13-21-50-52/Hoechst-H2AX_Plate_R_p00_0_D06f10d1.TIF","KCB25-11A","3","D06","D:/2026-02-13_U2OS-Hoechst-H2AX_STC-11A-11B-Dox-BLO/Hoechst-H2AX.2026-02-13-21-50-52","D:/2026-02-13_U2OS-Hoechst-H2AX_STC-11A-11B-Dox-BLO/Hoechst-H2AX.2026-02-13-21-50-52"
"396","D:/2026-02-13_U2OS-Hoechst-H2AX_STC-11A-11B-Dox-BLO/Hoechst-H2AX.2026-02-13-21-50-52/Hoechst-H2AX_Plate_R_p00_0_D06f11d0.TIF","D:/2026-02-13_U2OS-Hoechst-H2AX_STC-11A-11B-Dox-BLO/Hoechst-H2AX.2026-02-13-21-50-52/Hoechst-H2AX_Plate_R_p00_0_D06f11d1.TIF","KCB25-11A","3","D06","D:/2026-02-13_U2OS-Hoechst-H2AX_STC-11A-11B-Dox-BLO/Hoechst-H2AX.2026-02-13-21-50-52","D:/2026-02-13_U2OS-Hoechst-H2AX_STC-11A-11B-Dox-BLO/Hoechst-H2AX.2026-02-13-21-50-52"
"397","D:/2026-02-13_U2OS-Hoechst-H2AX_STC-11A-11B-Dox-BLO/Hoechst-H2AX.2026-02-13-21-50-52/Hoechst-H2AX_Plate_R_p00_0_D06f12d0.TIF","D:/2026-02-13_U2OS-Hoechst-H2AX_STC-11A-11B-Dox-BLO/Hoechst-H2AX.2026-02-13-21-50-52/Hoechst-H2AX_Plate_R_p00_0_D06f12d1.TIF","KCB25-11A","3","D06","D:/2026-02-13_U2OS-Hoechst-H2AX_STC-11A-11B-Dox-BLO/Hoechst-H2AX.2026-02-13-21-50-52","D:/2026-02-13_U2OS-Hoechst-H2AX_STC-11A-11B-Dox-BLO/Hoechst-H2AX.2026-02-13-21-50-52"
"398","D:/2026-02-13_U2OS-Hoechst-H2AX_STC-11A-11B-Dox-BLO/Hoechst-H2AX.2026-02-13-21-50-52/Hoechst-H2AX_Plate_R_p00_0_D06f13d0.TIF","D:/2026-02-13_U2OS-Hoechst-H2AX_STC-11A-11B-Dox-BLO/Hoechst-H2AX.2026-02-13-21-50-52/Hoechst-H2AX_Plate_R_p00_0_D06f13d1.TIF","KCB25-11A","3","D06","D:/2026-02-13_U2OS-Hoechst-H2AX_STC-11A-11B-Dox-BLO/Hoechst-H2AX.2026-02-13-21-50-52","D:/2026-02-13_U2OS-Hoechst-H2AX_STC-11A-11B-Dox-BLO/Hoechst-H2AX.2026-02-13-21-50-52"
"399","D:/2026-02-13_U2OS-Hoechst-H2AX_STC-11A-11B-Dox-BLO/Hoechst-H2AX.2026-02-13-21-50-52/Hoechst-H2AX_Plate_R_p00_0_D06f14d0.TIF","D:/2026-02-13_U2OS-Hoechst-H2AX_STC-11A-11B-Dox-BLO/Hoechst-H2AX.2026-02-13-21-50-52/Hoechst-H2AX_Plate_R_p00_0_D06f14d1.TIF","KCB25-11A","3","D06","D:/2026-02-13_U2OS-Hoechst-H2AX_STC-11A-11B-Dox-BLO/Hoechst-H2AX.2026-02-13-21-50-52","D:/2026-02-13_U2OS-Hoechst-H2AX_STC-11A-11B-Dox-BLO/Hoechst-H2AX.2026-02-13-21-50-52"
"400","D:/2026-02-13_U2OS-Hoechst-H2AX_STC-11A-11B-Dox-BLO/Hoechst-H2AX.2026-02-13-21-50-52/Hoechst-H2AX_Plate_R_p00_0_D06f15d0.TIF","D:/2026-02-13_U2OS-Hoechst-H2AX_STC-11A-11B-Dox-BLO/Hoechst-H2AX.2026-02-13-21-50-52/Hoechst-H2AX_Plate_R_p00_0_D06f15d1.TIF","KCB25-11A","3","D06","D:/2026-02-13_U2OS-Hoechst-H2AX_STC-11A-11B-Dox-BLO/Hoechst-H2AX.2026-02-13-21-50-52","D:/2026-02-13_U2OS-Hoechst-H2AX_STC-11A-11B-Dox-BLO/Hoechst-H2AX.2026-02-13-21-50-52"
"401","D:/2026-02-13_U2OS-Hoechst-H2AX_STC-11A-11B-Dox-BLO/Hoechst-H2AX.2026-02-13-21-50-52/Hoechst-H2AX_Plate_R_p00_0_D07f00d0.TIF","D:/2026-02-13_U2OS-Hoechst-H2AX_STC-11A-11B-Dox-BLO/Hoechst-H2AX.2026-02-13-21-50-52/Hoechst-H2AX_Plate_R_p00_0_D07f00d1.TIF","KCB25-11A","1","D07","D:/2026-02-13_U2OS-Hoechst-H2AX_STC-11A-11B-Dox-BLO/Hoechst-H2AX.2026-02-13-21-50-52","D:/2026-02-13_U2OS-Hoechst-H2AX_STC-11A-11B-Dox-BLO/Hoechst-H2AX.2026-02-13-21-50-52"
"402","D:/2026-02-13_U2OS-Hoechst-H2AX_STC-11A-11B-Dox-BLO/Hoechst-H2AX.2026-02-13-21-50-52/Hoechst-H2AX_Plate_R_p00_0_D07f01d0.TIF","D:/2026-02-13_U2OS-Hoechst-H2AX_STC-11A-11B-Dox-BLO/Hoechst-H2AX.2026-02-13-21-50-52/Hoechst-H2AX_Plate_R_p00_0_D07f01d1.TIF","KCB25-11A","1","D07","D:/2026-02-13_U2OS-Hoechst-H2AX_STC-11A-11B-Dox-BLO/Hoechst-H2AX.2026-02-13-21-50-52","D:/2026-02-13_U2OS-Hoechst-H2AX_STC-11A-11B-Dox-BLO/Hoechst-H2AX.2026-02-13-21-50-52"
"403","D:/2026-02-13_U2OS-Hoechst-H2AX_STC-11A-11B-Dox-BLO/Hoechst-H2AX.2026-02-13-21-50-52/Hoechst-H2AX_Plate_R_p00_0_D07f02d0.TIF","D:/2026-02-13_U2OS-Hoechst-H2AX_STC-11A-11B-Dox-BLO/Hoechst-H2AX.2026-02-13-21-50-52/Hoechst-H2AX_Plate_R_p00_0_D07f02d1.TIF","KCB25-11A","1","D07","D:/2026-02-13_U2OS-Hoechst-H2AX_STC-11A-11B-Dox-BLO/Hoechst-H2AX.2026-02-13-21-50-52","D:/2026-02-13_U2OS-Hoechst-H2AX_STC-11A-11B-Dox-BLO/Hoechst-H2AX.2026-02-13-21-50-52"
"404","D:/2026-02-13_U2OS-Hoechst-H2AX_STC-11A-11B-Dox-BLO/Hoechst-H2AX.2026-02-13-21-50-52/Hoechst-H2AX_Plate_R_p00_0_D07f03d0.TIF","D:/2026-02-13_U2OS-Hoechst-H2AX_STC-11A-11B-Dox-BLO/Hoechst-H2AX.2026-02-13-21-50-52/Hoechst-H2AX_Plate_R_p00_0_D07f03d1.TIF","KCB25-11A","1","D07","D:/2026-02-13_U2OS-Hoechst-H2AX_STC-11A-11B-Dox-BLO/Hoechst-H2AX.2026-02-13-21-50-52","D:/2026-02-13_U2OS-Hoechst-H2AX_STC-11A-11B-Dox-BLO/Hoechst-H2AX.2026-02-13-21-50-52"
"405","D:/2026-02-13_U2OS-Hoechst-H2AX_STC-11A-11B-Dox-BLO/Hoechst-H2AX.2026-02-13-21-50-52/Hoechst-H2AX_Plate_R_p00_0_D07f04d0.TIF","D:/2026-02-13_U2OS-Hoechst-H2AX_STC-11A-11B-Dox-BLO/Hoechst-H2AX.2026-02-13-21-50-52/Hoechst-H2AX_Plate_R_p00_0_D07f04d1.TIF","KCB25-11A","1","D07","D:/2026-02-13_U2OS-Hoechst-H2AX_STC-11A-11B-Dox-BLO/Hoechst-H2AX.2026-02-13-21-50-52","D:/2026-02-13_U2OS-Hoechst-H2AX_STC-11A-11B-Dox-BLO/Hoechst-H2AX.2026-02-13-21-50-52"
"406","D:/2026-02-13_U2OS-Hoechst-H2AX_STC-11A-11B-Dox-BLO/Hoechst-H2AX.2026-02-13-21-50-52/Hoechst-H2AX_Plate_R_p00_0_D07f05d0.TIF","D:/2026-02-13_U2OS-Hoechst-H2AX_STC-11A-11B-Dox-BLO/Hoechst-H2AX.2026-02-13-21-50-52/Hoechst-H2AX_Plate_R_p00_0_D07f05d1.TIF","KCB25-11A","1","D07","D:/2026-02-13_U2OS-Hoechst-H2AX_STC-11A-11B-Dox-BLO/Hoechst-H2AX.2026-02-13-21-50-52","D:/2026-02-13_U2OS-Hoechst-H2AX_STC-11A-11B-Dox-BLO/Hoechst-H2AX.2026-02-13-21-50-52"
"407","D:/2026-02-13_U2OS-Hoechst-H2AX_STC-11A-11B-Dox-BLO/Hoechst-H2AX.2026-02-13-21-50-52/Hoechst-H2AX_Plate_R_p00_0_D07f06d0.TIF","D:/2026-02-13_U2OS-Hoechst-H2AX_STC-11A-11B-Dox-BLO/Hoechst-H2AX.2026-02-13-21-50-52/Hoechst-H2AX_Plate_R_p00_0_D07f06d1.TIF","KCB25-11A","1","D07","D:/2026-02-13_U2OS-Hoechst-H2AX_STC-11A-11B-Dox-BLO/Hoechst-H2AX.2026-02-13-21-50-52","D:/2026-02-13_U2OS-Hoechst-H2AX_STC-11A-11B-Dox-BLO/Hoechst-H2AX.2026-02-13-21-50-52"
"408","D:/2026-02-13_U2OS-Hoechst-H2AX_STC-11A-11B-Dox-BLO/Hoechst-H2AX.2026-02-13-21-50-52/Hoechst-H2AX_Plate_R_p00_0_D07f07d0.TIF","D:/2026-02-13_U2OS-Hoechst-H2AX_STC-11A-11B-Dox-BLO/Hoechst-H2AX.2026-02-13-21-50-52/Hoechst-H2AX_Plate_R_p00_0_D07f07d1.TIF","KCB25-11A","1","D07","D:/2026-02-13_U2OS-Hoechst-H2AX_STC-11A-11B-Dox-BLO/Hoechst-H2AX.2026-02-13-21-50-52","D:/2026-02-13_U2OS-Hoechst-H2AX_STC-11A-11B-Dox-BLO/Hoechst-H2AX.2026-02-13-21-50-52"
"409","D:/2026-02-13_U2OS-Hoechst-H2AX_STC-11A-11B-Dox-BLO/Hoechst-H2AX.2026-02-13-21-50-52/Hoechst-H2AX_Plate_R_p00_0_D07f08d0.TIF","D:/2026-02-13_U2OS-Hoechst-H2AX_STC-11A-11B-Dox-BLO/Hoechst-H2AX.2026-02-13-21-50-52/Hoechst-H2AX_Plate_R_p00_0_D07f08d1.TIF","KCB25-11A","1","D07","D:/2026-02-13_U2OS-Hoechst-H2AX_STC-11A-11B-Dox-BLO/Hoechst-H2AX.2026-02-13-21-50-52","D:/2026-02-13_U2OS-Hoechst-H2AX_STC-11A-11B-Dox-BLO/Hoechst-H2AX.2026-02-13-21-50-52"
"410","D:/2026-02-13_U2OS-Hoechst-H2AX_STC-11A-11B-Dox-BLO/Hoechst-H2AX.2026-02-13-21-50-52/Hoechst-H2AX_Plate_R_p00_0_D07f09d0.TIF","D:/2026-02-13_U2OS-Hoechst-H2AX_STC-11A-11B-Dox-BLO/Hoechst-H2AX.2026-02-13-21-50-52/Hoechst-H2AX_Plate_R_p00_0_D07f09d1.TIF","KCB25-11A","1","D07","D:/2026-02-13_U2OS-Hoechst-H2AX_STC-11A-11B-Dox-BLO/Hoechst-H2AX.2026-02-13-21-50-52","D:/2026-02-13_U2OS-Hoechst-H2AX_STC-11A-11B-Dox-BLO/Hoechst-H2AX.2026-02-13-21-50-52"
"411","D:/2026-02-13_U2OS-Hoechst-H2AX_STC-11A-11B-Dox-BLO/Hoechst-H2AX.2026-02-13-21-50-52/Hoechst-H2AX_Plate_R_p00_0_D07f10d0.TIF","D:/2026-02-13_U2OS-Hoechst-H2AX_STC-11A-11B-Dox-BLO/Hoechst-H2AX.2026-02-13-21-50-52/Hoechst-H2AX_Plate_R_p00_0_D07f10d1.TIF","KCB25-11A","1","D07","D:/2026-02-13_U2OS-Hoechst-H2AX_STC-11A-11B-Dox-BLO/Hoechst-H2AX.2026-02-13-21-50-52","D:/2026-02-13_U2OS-Hoechst-H2AX_STC-11A-11B-Dox-BLO/Hoechst-H2AX.2026-02-13-21-50-52"
"412","D:/2026-02-13_U2OS-Hoechst-H2AX_STC-11A-11B-Dox-BLO/Hoechst-H2AX.2026-02-13-21-50-52/Hoechst-H2AX_Plate_R_p00_0_D07f11d0.TIF","D:/2026-02-13_U2OS-Hoechst-H2AX_STC-11A-11B-Dox-BLO/Hoechst-H2AX.2026-02-13-21-50-52/Hoechst-H2AX_Plate_R_p00_0_D07f11d1.TIF","KCB25-11A","1","D07","D:/2026-02-13_U2OS-Hoechst-H2AX_STC-11A-11B-Dox-BLO/Hoechst-H2AX.2026-02-13-21-50-52","D:/2026-02-13_U2OS-Hoechst-H2AX_STC-11A-11B-Dox-BLO/Hoechst-H2AX.2026-02-13-21-50-52"
"413","D:/2026-02-13_U2OS-Hoechst-H2AX_STC-11A-11B-Dox-BLO/Hoechst-H2AX.2026-02-13-21-50-52/Hoechst-H2AX_Plate_R_p00_0_D07f12d0.TIF","D:/2026-02-13_U2OS-Hoechst-H2AX_STC-11A-11B-Dox-BLO/Hoechst-H2AX.2026-02-13-21-50-52/Hoechst-H2AX_Plate_R_p00_0_D07f12d1.TIF","KCB25-11A","1","D07","D:/2026-02-13_U2OS-Hoechst-H2AX_STC-11A-11B-Dox-BLO/Hoechst-H2AX.2026-02-13-21-50-52","D:/2026-02-13_U2OS-Hoechst-H2AX_STC-11A-11B-Dox-BLO/Hoechst-H2AX.2026-02-13-21-50-52"
"414","D:/2026-02-13_U2OS-Hoechst-H2AX_STC-11A-11B-Dox-BLO/Hoechst-H2AX.2026-02-13-21-50-52/Hoechst-H2AX_Plate_R_p00_0_D07f13d0.TIF","D:/2026-02-13_U2OS-Hoechst-H2AX_STC-11A-11B-Dox-BLO/Hoechst-H2AX.2026-02-13-21-50-52/Hoechst-H2AX_Plate_R_p00_0_D07f13d1.TIF","KCB25-11A","1","D07","D:/2026-02-13_U2OS-Hoechst-H2AX_STC-11A-11B-Dox-BLO/Hoechst-H2AX.2026-02-13-21-50-52","D:/2026-02-13_U2OS-Hoechst-H2AX_STC-11A-11B-Dox-BLO/Hoechst-H2AX.2026-02-13-21-50-52"
"415","D:/2026-02-13_U2OS-Hoechst-H2AX_STC-11A-11B-Dox-BLO/Hoechst-H2AX.2026-02-13-21-50-52/Hoechst-H2AX_Plate_R_p00_0_D07f14d0.TIF","D:/2026-02-13_U2OS-Hoechst-H2AX_STC-11A-11B-Dox-BLO/Hoechst-H2AX.2026-02-13-21-50-52/Hoechst-H2AX_Plate_R_p00_0_D07f14d1.TIF","KCB25-11A","1","D07","D:/2026-02-13_U2OS-Hoechst-H2AX_STC-11A-11B-Dox-BLO/Hoechst-H2AX.2026-02-13-21-50-52","D:/2026-02-13_U2OS-Hoechst-H2AX_STC-11A-11B-Dox-BLO/Hoechst-H2AX.2026-02-13-21-50-52"
"416","D:/2026-02-13_U2OS-Hoechst-H2AX_STC-11A-11B-Dox-BLO/Hoechst-H2AX.2026-02-13-21-50-52/Hoechst-H2AX_Plate_R_p00_0_D07f15d0.TIF","D:/2026-02-13_U2OS-Hoechst-H2AX_STC-11A-11B-Dox-BLO/Hoechst-H2AX.2026-02-13-21-50-52/Hoechst-H2AX_Plate_R_p00_0_D07f15d1.TIF","KCB25-11A","1","D07","D:/2026-02-13_U2OS-Hoechst-H2AX_STC-11A-11B-Dox-BLO/Hoechst-H2AX.2026-02-13-21-50-52","D:/2026-02-13_U2OS-Hoechst-H2AX_STC-11A-11B-Dox-BLO/Hoechst-H2AX.2026-02-13-21-50-52"
"417","D:/2026-02-13_U2OS-Hoechst-H2AX_STC-11A-11B-Dox-BLO/Hoechst-H2AX.2026-02-13-21-50-52/Hoechst-H2AX_Plate_R_p00_0_D08f00d0.TIF","D:/2026-02-13_U2OS-Hoechst-H2AX_STC-11A-11B-Dox-BLO/Hoechst-H2AX.2026-02-13-21-50-52/Hoechst-H2AX_Plate_R_p00_0_D08f00d1.TIF","KCB25-11A","0.3","D08","D:/2026-02-13_U2OS-Hoechst-H2AX_STC-11A-11B-Dox-BLO/Hoechst-H2AX.2026-02-13-21-50-52","D:/2026-02-13_U2OS-Hoechst-H2AX_STC-11A-11B-Dox-BLO/Hoechst-H2AX.2026-02-13-21-50-52"
"418","D:/2026-02-13_U2OS-Hoechst-H2AX_STC-11A-11B-Dox-BLO/Hoechst-H2AX.2026-02-13-21-50-52/Hoechst-H2AX_Plate_R_p00_0_D08f01d0.TIF","D:/2026-02-13_U2OS-Hoechst-H2AX_STC-11A-11B-Dox-BLO/Hoechst-H2AX.2026-02-13-21-50-52/Hoechst-H2AX_Plate_R_p00_0_D08f01d1.TIF","KCB25-11A","0.3","D08","D:/2026-02-13_U2OS-Hoechst-H2AX_STC-11A-11B-Dox-BLO/Hoechst-H2AX.2026-02-13-21-50-52","D:/2026-02-13_U2OS-Hoechst-H2AX_STC-11A-11B-Dox-BLO/Hoechst-H2AX.2026-02-13-21-50-52"
"419","D:/2026-02-13_U2OS-Hoechst-H2AX_STC-11A-11B-Dox-BLO/Hoechst-H2AX.2026-02-13-21-50-52/Hoechst-H2AX_Plate_R_p00_0_D08f02d0.TIF","D:/2026-02-13_U2OS-Hoechst-H2AX_STC-11A-11B-Dox-BLO/Hoechst-H2AX.2026-02-13-21-50-52/Hoechst-H2AX_Plate_R_p00_0_D08f02d1.TIF","KCB25-11A","0.3","D08","D:/2026-02-13_U2OS-Hoechst-H2AX_STC-11A-11B-Dox-BLO/Hoechst-H2AX.2026-02-13-21-50-52","D:/2026-02-13_U2OS-Hoechst-H2AX_STC-11A-11B-Dox-BLO/Hoechst-H2AX.2026-02-13-21-50-52"
"420","D:/2026-02-13_U2OS-Hoechst-H2AX_STC-11A-11B-Dox-BLO/Hoechst-H2AX.2026-02-13-21-50-52/Hoechst-H2AX_Plate_R_p00_0_D08f03d0.TIF","D:/2026-02-13_U2OS-Hoechst-H2AX_STC-11A-11B-Dox-BLO/Hoechst-H2AX.2026-02-13-21-50-52/Hoechst-H2AX_Plate_R_p00_0_D08f03d1.TIF","KCB25-11A","0.3","D08","D:/2026-02-13_U2OS-Hoechst-H2AX_STC-11A-11B-Dox-BLO/Hoechst-H2AX.2026-02-13-21-50-52","D:/2026-02-13_U2OS-Hoechst-H2AX_STC-11A-11B-Dox-BLO/Hoechst-H2AX.2026-02-13-21-50-52"
"421","D:/2026-02-13_U2OS-Hoechst-H2AX_STC-11A-11B-Dox-BLO/Hoechst-H2AX.2026-02-13-21-50-52/Hoechst-H2AX_Plate_R_p00_0_D08f04d0.TIF","D:/2026-02-13_U2OS-Hoechst-H2AX_STC-11A-11B-Dox-BLO/Hoechst-H2AX.2026-02-13-21-50-52/Hoechst-H2AX_Plate_R_p00_0_D08f04d1.TIF","KCB25-11A","0.3","D08","D:/2026-02-13_U2OS-Hoechst-H2AX_STC-11A-11B-Dox-BLO/Hoechst-H2AX.2026-02-13-21-50-52","D:/2026-02-13_U2OS-Hoechst-H2AX_STC-11A-11B-Dox-BLO/Hoechst-H2AX.2026-02-13-21-50-52"
"422","D:/2026-02-13_U2OS-Hoechst-H2AX_STC-11A-11B-Dox-BLO/Hoechst-H2AX.2026-02-13-21-50-52/Hoechst-H2AX_Plate_R_p00_0_D08f05d0.TIF","D:/2026-02-13_U2OS-Hoechst-H2AX_STC-11A-11B-Dox-BLO/Hoechst-H2AX.2026-02-13-21-50-52/Hoechst-H2AX_Plate_R_p00_0_D08f05d1.TIF","KCB25-11A","0.3","D08","D:/2026-02-13_U2OS-Hoechst-H2AX_STC-11A-11B-Dox-BLO/Hoechst-H2AX.2026-02-13-21-50-52","D:/2026-02-13_U2OS-Hoechst-H2AX_STC-11A-11B-Dox-BLO/Hoechst-H2AX.2026-02-13-21-50-52"
"423","D:/2026-02-13_U2OS-Hoechst-H2AX_STC-11A-11B-Dox-BLO/Hoechst-H2AX.2026-02-13-21-50-52/Hoechst-H2AX_Plate_R_p00_0_D08f06d0.TIF","D:/2026-02-13_U2OS-Hoechst-H2AX_STC-11A-11B-Dox-BLO/Hoechst-H2AX.2026-02-13-21-50-52/Hoechst-H2AX_Plate_R_p00_0_D08f06d1.TIF","KCB25-11A","0.3","D08","D:/2026-02-13_U2OS-Hoechst-H2AX_STC-11A-11B-Dox-BLO/Hoechst-H2AX.2026-02-13-21-50-52","D:/2026-02-13_U2OS-Hoechst-H2AX_STC-11A-11B-Dox-BLO/Hoechst-H2AX.2026-02-13-21-50-52"
"424","D:/2026-02-13_U2OS-Hoechst-H2AX_STC-11A-11B-Dox-BLO/Hoechst-H2AX.2026-02-13-21-50-52/Hoechst-H2AX_Plate_R_p00_0_D08f07d0.TIF","D:/2026-02-13_U2OS-Hoechst-H2AX_STC-11A-11B-Dox-BLO/Hoechst-H2AX.2026-02-13-21-50-52/Hoechst-H2AX_Plate_R_p00_0_D08f07d1.TIF","KCB25-11A","0.3","D08","D:/2026-02-13_U2OS-Hoechst-H2AX_STC-11A-11B-Dox-BLO/Hoechst-H2AX.2026-02-13-21-50-52","D:/2026-02-13_U2OS-Hoechst-H2AX_STC-11A-11B-Dox-BLO/Hoechst-H2AX.2026-02-13-21-50-52"
"425","D:/2026-02-13_U2OS-Hoechst-H2AX_STC-11A-11B-Dox-BLO/Hoechst-H2AX.2026-02-13-21-50-52/Hoechst-H2AX_Plate_R_p00_0_D08f08d0.TIF","D:/2026-02-13_U2OS-Hoechst-H2AX_STC-11A-11B-Dox-BLO/Hoechst-H2AX.2026-02-13-21-50-52/Hoechst-H2AX_Plate_R_p00_0_D08f08d1.TIF","KCB25-11A","0.3","D08","D:/2026-02-13_U2OS-Hoechst-H2AX_STC-11A-11B-Dox-BLO/Hoechst-H2AX.2026-02-13-21-50-52","D:/2026-02-13_U2OS-Hoechst-H2AX_STC-11A-11B-Dox-BLO/Hoechst-H2AX.2026-02-13-21-50-52"
"426","D:/2026-02-13_U2OS-Hoechst-H2AX_STC-11A-11B-Dox-BLO/Hoechst-H2AX.2026-02-13-21-50-52/Hoechst-H2AX_Plate_R_p00_0_D08f09d0.TIF","D:/2026-02-13_U2OS-Hoechst-H2AX_STC-11A-11B-Dox-BLO/Hoechst-H2AX.2026-02-13-21-50-52/Hoechst-H2AX_Plate_R_p00_0_D08f09d1.TIF","KCB25-11A","0.3","D08","D:/2026-02-13_U2OS-Hoechst-H2AX_STC-11A-11B-Dox-BLO/Hoechst-H2AX.2026-02-13-21-50-52","D:/2026-02-13_U2OS-Hoechst-H2AX_STC-11A-11B-Dox-BLO/Hoechst-H2AX.2026-02-13-21-50-52"
"427","D:/2026-02-13_U2OS-Hoechst-H2AX_STC-11A-11B-Dox-BLO/Hoechst-H2AX.2026-02-13-21-50-52/Hoechst-H2AX_Plate_R_p00_0_D08f10d0.TIF","D:/2026-02-13_U2OS-Hoechst-H2AX_STC-11A-11B-Dox-BLO/Hoechst-H2AX.2026-02-13-21-50-52/Hoechst-H2AX_Plate_R_p00_0_D08f10d1.TIF","KCB25-11A","0.3","D08","D:/2026-02-13_U2OS-Hoechst-H2AX_STC-11A-11B-Dox-BLO/Hoechst-H2AX.2026-02-13-21-50-52","D:/2026-02-13_U2OS-Hoechst-H2AX_STC-11A-11B-Dox-BLO/Hoechst-H2AX.2026-02-13-21-50-52"
"428","D:/2026-02-13_U2OS-Hoechst-H2AX_STC-11A-11B-Dox-BLO/Hoechst-H2AX.2026-02-13-21-50-52/Hoechst-H2AX_Plate_R_p00_0_D08f11d0.TIF","D:/2026-02-13_U2OS-Hoechst-H2AX_STC-11A-11B-Dox-BLO/Hoechst-H2AX.2026-02-13-21-50-52/Hoechst-H2AX_Plate_R_p00_0_D08f11d1.TIF","KCB25-11A","0.3","D08","D:/2026-02-13_U2OS-Hoechst-H2AX_STC-11A-11B-Dox-BLO/Hoechst-H2AX.2026-02-13-21-50-52","D:/2026-02-13_U2OS-Hoechst-H2AX_STC-11A-11B-Dox-BLO/Hoechst-H2AX.2026-02-13-21-50-52"
"429","D:/2026-02-13_U2OS-Hoechst-H2AX_STC-11A-11B-Dox-BLO/Hoechst-H2AX.2026-02-13-21-50-52/Hoechst-H2AX_Plate_R_p00_0_D08f12d0.TIF","D:/2026-02-13_U2OS-Hoechst-H2AX_STC-11A-11B-Dox-BLO/Hoechst-H2AX.2026-02-13-21-50-52/Hoechst-H2AX_Plate_R_p00_0_D08f12d1.TIF","KCB25-11A","0.3","D08","D:/2026-02-13_U2OS-Hoechst-H2AX_STC-11A-11B-Dox-BLO/Hoechst-H2AX.2026-02-13-21-50-52","D:/2026-02-13_U2OS-Hoechst-H2AX_STC-11A-11B-Dox-BLO/Hoechst-H2AX.2026-02-13-21-50-52"
"430","D:/2026-02-13_U2OS-Hoechst-H2AX_STC-11A-11B-Dox-BLO/Hoechst-H2AX.2026-02-13-21-50-52/Hoechst-H2AX_Plate_R_p00_0_D08f13d0.TIF","D:/2026-02-13_U2OS-Hoechst-H2AX_STC-11A-11B-Dox-BLO/Hoechst-H2AX.2026-02-13-21-50-52/Hoechst-H2AX_Plate_R_p00_0_D08f13d1.TIF","KCB25-11A","0.3","D08","D:/2026-02-13_U2OS-Hoechst-H2AX_STC-11A-11B-Dox-BLO/Hoechst-H2AX.2026-02-13-21-50-52","D:/2026-02-13_U2OS-Hoechst-H2AX_STC-11A-11B-Dox-BLO/Hoechst-H2AX.2026-02-13-21-50-52"
"431","D:/2026-02-13_U2OS-Hoechst-H2AX_STC-11A-11B-Dox-BLO/Hoechst-H2AX.2026-02-13-21-50-52/Hoechst-H2AX_Plate_R_p00_0_D08f14d0.TIF","D:/2026-02-13_U2OS-Hoechst-H2AX_STC-11A-11B-Dox-BLO/Hoechst-H2AX.2026-02-13-21-50-52/Hoechst-H2AX_Plate_R_p00_0_D08f14d1.TIF","KCB25-11A","0.3","D08","D:/2026-02-13_U2OS-Hoechst-H2AX_STC-11A-11B-Dox-BLO/Hoechst-H2AX.2026-02-13-21-50-52","D:/2026-02-13_U2OS-Hoechst-H2AX_STC-11A-11B-Dox-BLO/Hoechst-H2AX.2026-02-13-21-50-52"
"432","D:/2026-02-13_U2OS-Hoechst-H2AX_STC-11A-11B-Dox-BLO/Hoechst-H2AX.2026-02-13-21-50-52/Hoechst-H2AX_Plate_R_p00_0_D08f15d0.TIF","D:/2026-02-13_U2OS-Hoechst-H2AX_STC-11A-11B-Dox-BLO/Hoechst-H2AX.2026-02-13-21-50-52/Hoechst-H2AX_Plate_R_p00_0_D08f15d1.TIF","KCB25-11A","0.3","D08","D:/2026-02-13_U2OS-Hoechst-H2AX_STC-11A-11B-Dox-BLO/Hoechst-H2AX.2026-02-13-21-50-52","D:/2026-02-13_U2OS-Hoechst-H2AX_STC-11A-11B-Dox-BLO/Hoechst-H2AX.2026-02-13-21-50-52"
"433","D:/2026-02-13_U2OS-Hoechst-H2AX_STC-11A-11B-Dox-BLO/Hoechst-H2AX.2026-02-13-21-50-52/Hoechst-H2AX_Plate_R_p00_0_D09f00d0.TIF","D:/2026-02-13_U2OS-Hoechst-H2AX_STC-11A-11B-Dox-BLO/Hoechst-H2AX.2026-02-13-21-50-52/Hoechst-H2AX_Plate_R_p00_0_D09f00d1.TIF","KCB25-11A","0.1","D09","D:/2026-02-13_U2OS-Hoechst-H2AX_STC-11A-11B-Dox-BLO/Hoechst-H2AX.2026-02-13-21-50-52","D:/2026-02-13_U2OS-Hoechst-H2AX_STC-11A-11B-Dox-BLO/Hoechst-H2AX.2026-02-13-21-50-52"
"434","D:/2026-02-13_U2OS-Hoechst-H2AX_STC-11A-11B-Dox-BLO/Hoechst-H2AX.2026-02-13-21-50-52/Hoechst-H2AX_Plate_R_p00_0_D09f01d0.TIF","D:/2026-02-13_U2OS-Hoechst-H2AX_STC-11A-11B-Dox-BLO/Hoechst-H2AX.2026-02-13-21-50-52/Hoechst-H2AX_Plate_R_p00_0_D09f01d1.TIF","KCB25-11A","0.1","D09","D:/2026-02-13_U2OS-Hoechst-H2AX_STC-11A-11B-Dox-BLO/Hoechst-H2AX.2026-02-13-21-50-52","D:/2026-02-13_U2OS-Hoechst-H2AX_STC-11A-11B-Dox-BLO/Hoechst-H2AX.2026-02-13-21-50-52"
"435","D:/2026-02-13_U2OS-Hoechst-H2AX_STC-11A-11B-Dox-BLO/Hoechst-H2AX.2026-02-13-21-50-52/Hoechst-H2AX_Plate_R_p00_0_D09f02d0.TIF","D:/2026-02-13_U2OS-Hoechst-H2AX_STC-11A-11B-Dox-BLO/Hoechst-H2AX.2026-02-13-21-50-52/Hoechst-H2AX_Plate_R_p00_0_D09f02d1.TIF","KCB25-11A","0.1","D09","D:/2026-02-13_U2OS-Hoechst-H2AX_STC-11A-11B-Dox-BLO/Hoechst-H2AX.2026-02-13-21-50-52","D:/2026-02-13_U2OS-Hoechst-H2AX_STC-11A-11B-Dox-BLO/Hoechst-H2AX.2026-02-13-21-50-52"
"436","D:/2026-02-13_U2OS-Hoechst-H2AX_STC-11A-11B-Dox-BLO/Hoechst-H2AX.2026-02-13-21-50-52/Hoechst-H2AX_Plate_R_p00_0_D09f03d0.TIF","D:/2026-02-13_U2OS-Hoechst-H2AX_STC-11A-11B-Dox-BLO/Hoechst-H2AX.2026-02-13-21-50-52/Hoechst-H2AX_Plate_R_p00_0_D09f03d1.TIF","KCB25-11A","0.1","D09","D:/2026-02-13_U2OS-Hoechst-H2AX_STC-11A-11B-Dox-BLO/Hoechst-H2AX.2026-02-13-21-50-52","D:/2026-02-13_U2OS-Hoechst-H2AX_STC-11A-11B-Dox-BLO/Hoechst-H2AX.2026-02-13-21-50-52"
"437","D:/2026-02-13_U2OS-Hoechst-H2AX_STC-11A-11B-Dox-BLO/Hoechst-H2AX.2026-02-13-21-50-52/Hoechst-H2AX_Plate_R_p00_0_D09f04d0.TIF","D:/2026-02-13_U2OS-Hoechst-H2AX_STC-11A-11B-Dox-BLO/Hoechst-H2AX.2026-02-13-21-50-52/Hoechst-H2AX_Plate_R_p00_0_D09f04d1.TIF","KCB25-11A","0.1","D09","D:/2026-02-13_U2OS-Hoechst-H2AX_STC-11A-11B-Dox-BLO/Hoechst-H2AX.2026-02-13-21-50-52","D:/2026-02-13_U2OS-Hoechst-H2AX_STC-11A-11B-Dox-BLO/Hoechst-H2AX.2026-02-13-21-50-52"
"438","D:/2026-02-13_U2OS-Hoechst-H2AX_STC-11A-11B-Dox-BLO/Hoechst-H2AX.2026-02-13-21-50-52/Hoechst-H2AX_Plate_R_p00_0_D09f05d0.TIF","D:/2026-02-13_U2OS-Hoechst-H2AX_STC-11A-11B-Dox-BLO/Hoechst-H2AX.2026-02-13-21-50-52/Hoechst-H2AX_Plate_R_p00_0_D09f05d1.TIF","KCB25-11A","0.1","D09","D:/2026-02-13_U2OS-Hoechst-H2AX_STC-11A-11B-Dox-BLO/Hoechst-H2AX.2026-02-13-21-50-52","D:/2026-02-13_U2OS-Hoechst-H2AX_STC-11A-11B-Dox-BLO/Hoechst-H2AX.2026-02-13-21-50-52"
"439","D:/2026-02-13_U2OS-Hoechst-H2AX_STC-11A-11B-Dox-BLO/Hoechst-H2AX.2026-02-13-21-50-52/Hoechst-H2AX_Plate_R_p00_0_D09f06d0.TIF","D:/2026-02-13_U2OS-Hoechst-H2AX_STC-11A-11B-Dox-BLO/Hoechst-H2AX.2026-02-13-21-50-52/Hoechst-H2AX_Plate_R_p00_0_D09f06d1.TIF","KCB25-11A","0.1","D09","D:/2026-02-13_U2OS-Hoechst-H2AX_STC-11A-11B-Dox-BLO/Hoechst-H2AX.2026-02-13-21-50-52","D:/2026-02-13_U2OS-Hoechst-H2AX_STC-11A-11B-Dox-BLO/Hoechst-H2AX.2026-02-13-21-50-52"
"440","D:/2026-02-13_U2OS-Hoechst-H2AX_STC-11A-11B-Dox-BLO/Hoechst-H2AX.2026-02-13-21-50-52/Hoechst-H2AX_Plate_R_p00_0_D09f07d0.TIF","D:/2026-02-13_U2OS-Hoechst-H2AX_STC-11A-11B-Dox-BLO/Hoechst-H2AX.2026-02-13-21-50-52/Hoechst-H2AX_Plate_R_p00_0_D09f07d1.TIF","KCB25-11A","0.1","D09","D:/2026-02-13_U2OS-Hoechst-H2AX_STC-11A-11B-Dox-BLO/Hoechst-H2AX.2026-02-13-21-50-52","D:/2026-02-13_U2OS-Hoechst-H2AX_STC-11A-11B-Dox-BLO/Hoechst-H2AX.2026-02-13-21-50-52"
"441","D:/2026-02-13_U2OS-Hoechst-H2AX_STC-11A-11B-Dox-BLO/Hoechst-H2AX.2026-02-13-21-50-52/Hoechst-H2AX_Plate_R_p00_0_D09f08d0.TIF","D:/2026-02-13_U2OS-Hoechst-H2AX_STC-11A-11B-Dox-BLO/Hoechst-H2AX.2026-02-13-21-50-52/Hoechst-H2AX_Plate_R_p00_0_D09f08d1.TIF","KCB25-11A","0.1","D09","D:/2026-02-13_U2OS-Hoechst-H2AX_STC-11A-11B-Dox-BLO/Hoechst-H2AX.2026-02-13-21-50-52","D:/2026-02-13_U2OS-Hoechst-H2AX_STC-11A-11B-Dox-BLO/Hoechst-H2AX.2026-02-13-21-50-52"
"442","D:/2026-02-13_U2OS-Hoechst-H2AX_STC-11A-11B-Dox-BLO/Hoechst-H2AX.2026-02-13-21-50-52/Hoechst-H2AX_Plate_R_p00_0_D09f09d0.TIF","D:/2026-02-13_U2OS-Hoechst-H2AX_STC-11A-11B-Dox-BLO/Hoechst-H2AX.2026-02-13-21-50-52/Hoechst-H2AX_Plate_R_p00_0_D09f09d1.TIF","KCB25-11A","0.1","D09","D:/2026-02-13_U2OS-Hoechst-H2AX_STC-11A-11B-Dox-BLO/Hoechst-H2AX.2026-02-13-21-50-52","D:/2026-02-13_U2OS-Hoechst-H2AX_STC-11A-11B-Dox-BLO/Hoechst-H2AX.2026-02-13-21-50-52"
"443","D:/2026-02-13_U2OS-Hoechst-H2AX_STC-11A-11B-Dox-BLO/Hoechst-H2AX.2026-02-13-21-50-52/Hoechst-H2AX_Plate_R_p00_0_D09f10d0.TIF","D:/2026-02-13_U2OS-Hoechst-H2AX_STC-11A-11B-Dox-BLO/Hoechst-H2AX.2026-02-13-21-50-52/Hoechst-H2AX_Plate_R_p00_0_D09f10d1.TIF","KCB25-11A","0.1","D09","D:/2026-02-13_U2OS-Hoechst-H2AX_STC-11A-11B-Dox-BLO/Hoechst-H2AX.2026-02-13-21-50-52","D:/2026-02-13_U2OS-Hoechst-H2AX_STC-11A-11B-Dox-BLO/Hoechst-H2AX.2026-02-13-21-50-52"
"444","D:/2026-02-13_U2OS-Hoechst-H2AX_STC-11A-11B-Dox-BLO/Hoechst-H2AX.2026-02-13-21-50-52/Hoechst-H2AX_Plate_R_p00_0_D09f11d0.TIF","D:/2026-02-13_U2OS-Hoechst-H2AX_STC-11A-11B-Dox-BLO/Hoechst-H2AX.2026-02-13-21-50-52/Hoechst-H2AX_Plate_R_p00_0_D09f11d1.TIF","KCB25-11A","0.1","D09","D:/2026-02-13_U2OS-Hoechst-H2AX_STC-11A-11B-Dox-BLO/Hoechst-H2AX.2026-02-13-21-50-52","D:/2026-02-13_U2OS-Hoechst-H2AX_STC-11A-11B-Dox-BLO/Hoechst-H2AX.2026-02-13-21-50-52"
"445","D:/2026-02-13_U2OS-Hoechst-H2AX_STC-11A-11B-Dox-BLO/Hoechst-H2AX.2026-02-13-21-50-52/Hoechst-H2AX_Plate_R_p00_0_D09f12d0.TIF","D:/2026-02-13_U2OS-Hoechst-H2AX_STC-11A-11B-Dox-BLO/Hoechst-H2AX.2026-02-13-21-50-52/Hoechst-H2AX_Plate_R_p00_0_D09f12d1.TIF","KCB25-11A","0.1","D09","D:/2026-02-13_U2OS-Hoechst-H2AX_STC-11A-11B-Dox-BLO/Hoechst-H2AX.2026-02-13-21-50-52","D:/2026-02-13_U2OS-Hoechst-H2AX_STC-11A-11B-Dox-BLO/Hoechst-H2AX.2026-02-13-21-50-52"
"446","D:/2026-02-13_U2OS-Hoechst-H2AX_STC-11A-11B-Dox-BLO/Hoechst-H2AX.2026-02-13-21-50-52/Hoechst-H2AX_Plate_R_p00_0_D09f13d0.TIF","D:/2026-02-13_U2OS-Hoechst-H2AX_STC-11A-11B-Dox-BLO/Hoechst-H2AX.2026-02-13-21-50-52/Hoechst-H2AX_Plate_R_p00_0_D09f13d1.TIF","KCB25-11A","0.1","D09","D:/2026-02-13_U2OS-Hoechst-H2AX_STC-11A-11B-Dox-BLO/Hoechst-H2AX.2026-02-13-21-50-52","D:/2026-02-13_U2OS-Hoechst-H2AX_STC-11A-11B-Dox-BLO/Hoechst-H2AX.2026-02-13-21-50-52"
"447","D:/2026-02-13_U2OS-Hoechst-H2AX_STC-11A-11B-Dox-BLO/Hoechst-H2AX.2026-02-13-21-50-52/Hoechst-H2AX_Plate_R_p00_0_D09f14d0.TIF","D:/2026-02-13_U2OS-Hoechst-H2AX_STC-11A-11B-Dox-BLO/Hoechst-H2AX.2026-02-13-21-50-52/Hoechst-H2AX_Plate_R_p00_0_D09f14d1.TIF","KCB25-11A","0.1","D09","D:/2026-02-13_U2OS-Hoechst-H2AX_STC-11A-11B-Dox-BLO/Hoechst-H2AX.2026-02-13-21-50-52","D:/2026-02-13_U2OS-Hoechst-H2AX_STC-11A-11B-Dox-BLO/Hoechst-H2AX.2026-02-13-21-50-52"
"448","D:/2026-02-13_U2OS-Hoechst-H2AX_STC-11A-11B-Dox-BLO/Hoechst-H2AX.2026-02-13-21-50-52/Hoechst-H2AX_Plate_R_p00_0_D09f15d0.TIF","D:/2026-02-13_U2OS-Hoechst-H2AX_STC-11A-11B-Dox-BLO/Hoechst-H2AX.2026-02-13-21-50-52/Hoechst-H2AX_Plate_R_p00_0_D09f15d1.TIF","KCB25-11A","0.1","D09","D:/2026-02-13_U2OS-Hoechst-H2AX_STC-11A-11B-Dox-BLO/Hoechst-H2AX.2026-02-13-21-50-52","D:/2026-02-13_U2OS-Hoechst-H2AX_STC-11A-11B-Dox-BLO/Hoechst-H2AX.2026-02-13-21-50-52"
"449","D:/2026-02-13_U2OS-Hoechst-H2AX_STC-11A-11B-Dox-BLO/Hoechst-H2AX.2026-02-13-21-50-52/Hoechst-H2AX_Plate_R_p00_0_D10f00d0.TIF","D:/2026-02-13_U2OS-Hoechst-H2AX_STC-11A-11B-Dox-BLO/Hoechst-H2AX.2026-02-13-21-50-52/Hoechst-H2AX_Plate_R_p00_0_D10f00d1.TIF","Sterigmatocystin","10","D10","D:/2026-02-13_U2OS-Hoechst-H2AX_STC-11A-11B-Dox-BLO/Hoechst-H2AX.2026-02-13-21-50-52","D:/2026-02-13_U2OS-Hoechst-H2AX_STC-11A-11B-Dox-BLO/Hoechst-H2AX.2026-02-13-21-50-52"
"450","D:/2026-02-13_U2OS-Hoechst-H2AX_STC-11A-11B-Dox-BLO/Hoechst-H2AX.2026-02-13-21-50-52/Hoechst-H2AX_Plate_R_p00_0_D10f01d0.TIF","D:/2026-02-13_U2OS-Hoechst-H2AX_STC-11A-11B-Dox-BLO/Hoechst-H2AX.2026-02-13-21-50-52/Hoechst-H2AX_Plate_R_p00_0_D10f01d1.TIF","Sterigmatocystin","10","D10","D:/2026-02-13_U2OS-Hoechst-H2AX_STC-11A-11B-Dox-BLO/Hoechst-H2AX.2026-02-13-21-50-52","D:/2026-02-13_U2OS-Hoechst-H2AX_STC-11A-11B-Dox-BLO/Hoechst-H2AX.2026-02-13-21-50-52"
"451","D:/2026-02-13_U2OS-Hoechst-H2AX_STC-11A-11B-Dox-BLO/Hoechst-H2AX.2026-02-13-21-50-52/Hoechst-H2AX_Plate_R_p00_0_D10f02d0.TIF","D:/2026-02-13_U2OS-Hoechst-H2AX_STC-11A-11B-Dox-BLO/Hoechst-H2AX.2026-02-13-21-50-52/Hoechst-H2AX_Plate_R_p00_0_D10f02d1.TIF","Sterigmatocystin","10","D10","D:/2026-02-13_U2OS-Hoechst-H2AX_STC-11A-11B-Dox-BLO/Hoechst-H2AX.2026-02-13-21-50-52","D:/2026-02-13_U2OS-Hoechst-H2AX_STC-11A-11B-Dox-BLO/Hoechst-H2AX.2026-02-13-21-50-52"
"452","D:/2026-02-13_U2OS-Hoechst-H2AX_STC-11A-11B-Dox-BLO/Hoechst-H2AX.2026-02-13-21-50-52/Hoechst-H2AX_Plate_R_p00_0_D10f03d0.TIF","D:/2026-02-13_U2OS-Hoechst-H2AX_STC-11A-11B-Dox-BLO/Hoechst-H2AX.2026-02-13-21-50-52/Hoechst-H2AX_Plate_R_p00_0_D10f03d1.TIF","Sterigmatocystin","10","D10","D:/2026-02-13_U2OS-Hoechst-H2AX_STC-11A-11B-Dox-BLO/Hoechst-H2AX.2026-02-13-21-50-52","D:/2026-02-13_U2OS-Hoechst-H2AX_STC-11A-11B-Dox-BLO/Hoechst-H2AX.2026-02-13-21-50-52"
"453","D:/2026-02-13_U2OS-Hoechst-H2AX_STC-11A-11B-Dox-BLO/Hoechst-H2AX.2026-02-13-21-50-52/Hoechst-H2AX_Plate_R_p00_0_D10f04d0.TIF","D:/2026-02-13_U2OS-Hoechst-H2AX_STC-11A-11B-Dox-BLO/Hoechst-H2AX.2026-02-13-21-50-52/Hoechst-H2AX_Plate_R_p00_0_D10f04d1.TIF","Sterigmatocystin","10","D10","D:/2026-02-13_U2OS-Hoechst-H2AX_STC-11A-11B-Dox-BLO/Hoechst-H2AX.2026-02-13-21-50-52","D:/2026-02-13_U2OS-Hoechst-H2AX_STC-11A-11B-Dox-BLO/Hoechst-H2AX.2026-02-13-21-50-52"
"454","D:/2026-02-13_U2OS-Hoechst-H2AX_STC-11A-11B-Dox-BLO/Hoechst-H2AX.2026-02-13-21-50-52/Hoechst-H2AX_Plate_R_p00_0_D10f05d0.TIF","D:/2026-02-13_U2OS-Hoechst-H2AX_STC-11A-11B-Dox-BLO/Hoechst-H2AX.2026-02-13-21-50-52/Hoechst-H2AX_Plate_R_p00_0_D10f05d1.TIF","Sterigmatocystin","10","D10","D:/2026-02-13_U2OS-Hoechst-H2AX_STC-11A-11B-Dox-BLO/Hoechst-H2AX.2026-02-13-21-50-52","D:/2026-02-13_U2OS-Hoechst-H2AX_STC-11A-11B-Dox-BLO/Hoechst-H2AX.2026-02-13-21-50-52"
"455","D:/2026-02-13_U2OS-Hoechst-H2AX_STC-11A-11B-Dox-BLO/Hoechst-H2AX.2026-02-13-21-50-52/Hoechst-H2AX_Plate_R_p00_0_D10f06d0.TIF","D:/2026-02-13_U2OS-Hoechst-H2AX_STC-11A-11B-Dox-BLO/Hoechst-H2AX.2026-02-13-21-50-52/Hoechst-H2AX_Plate_R_p00_0_D10f06d1.TIF","Sterigmatocystin","10","D10","D:/2026-02-13_U2OS-Hoechst-H2AX_STC-11A-11B-Dox-BLO/Hoechst-H2AX.2026-02-13-21-50-52","D:/2026-02-13_U2OS-Hoechst-H2AX_STC-11A-11B-Dox-BLO/Hoechst-H2AX.2026-02-13-21-50-52"
"456","D:/2026-02-13_U2OS-Hoechst-H2AX_STC-11A-11B-Dox-BLO/Hoechst-H2AX.2026-02-13-21-50-52/Hoechst-H2AX_Plate_R_p00_0_D10f07d0.TIF","D:/2026-02-13_U2OS-Hoechst-H2AX_STC-11A-11B-Dox-BLO/Hoechst-H2AX.2026-02-13-21-50-52/Hoechst-H2AX_Plate_R_p00_0_D10f07d1.TIF","Sterigmatocystin","10","D10","D:/2026-02-13_U2OS-Hoechst-H2AX_STC-11A-11B-Dox-BLO/Hoechst-H2AX.2026-02-13-21-50-52","D:/2026-02-13_U2OS-Hoechst-H2AX_STC-11A-11B-Dox-BLO/Hoechst-H2AX.2026-02-13-21-50-52"
"457","D:/2026-02-13_U2OS-Hoechst-H2AX_STC-11A-11B-Dox-BLO/Hoechst-H2AX.2026-02-13-21-50-52/Hoechst-H2AX_Plate_R_p00_0_D10f08d0.TIF","D:/2026-02-13_U2OS-Hoechst-H2AX_STC-11A-11B-Dox-BLO/Hoechst-H2AX.2026-02-13-21-50-52/Hoechst-H2AX_Plate_R_p00_0_D10f08d1.TIF","Sterigmatocystin","10","D10","D:/2026-02-13_U2OS-Hoechst-H2AX_STC-11A-11B-Dox-BLO/Hoechst-H2AX.2026-02-13-21-50-52","D:/2026-02-13_U2OS-Hoechst-H2AX_STC-11A-11B-Dox-BLO/Hoechst-H2AX.2026-02-13-21-50-52"
"458","D:/2026-02-13_U2OS-Hoechst-H2AX_STC-11A-11B-Dox-BLO/Hoechst-H2AX.2026-02-13-21-50-52/Hoechst-H2AX_Plate_R_p00_0_D10f09d0.TIF","D:/2026-02-13_U2OS-Hoechst-H2AX_STC-11A-11B-Dox-BLO/Hoechst-H2AX.2026-02-13-21-50-52/Hoechst-H2AX_Plate_R_p00_0_D10f09d1.TIF","Sterigmatocystin","10","D10","D:/2026-02-13_U2OS-Hoechst-H2AX_STC-11A-11B-Dox-BLO/Hoechst-H2AX.2026-02-13-21-50-52","D:/2026-02-13_U2OS-Hoechst-H2AX_STC-11A-11B-Dox-BLO/Hoechst-H2AX.2026-02-13-21-50-52"
"459","D:/2026-02-13_U2OS-Hoechst-H2AX_STC-11A-11B-Dox-BLO/Hoechst-H2AX.2026-02-13-21-50-52/Hoechst-H2AX_Plate_R_p00_0_D10f10d0.TIF","D:/2026-02-13_U2OS-Hoechst-H2AX_STC-11A-11B-Dox-BLO/Hoechst-H2AX.2026-02-13-21-50-52/Hoechst-H2AX_Plate_R_p00_0_D10f10d1.TIF","Sterigmatocystin","10","D10","D:/2026-02-13_U2OS-Hoechst-H2AX_STC-11A-11B-Dox-BLO/Hoechst-H2AX.2026-02-13-21-50-52","D:/2026-02-13_U2OS-Hoechst-H2AX_STC-11A-11B-Dox-BLO/Hoechst-H2AX.2026-02-13-21-50-52"
"460","D:/2026-02-13_U2OS-Hoechst-H2AX_STC-11A-11B-Dox-BLO/Hoechst-H2AX.2026-02-13-21-50-52/Hoechst-H2AX_Plate_R_p00_0_D10f11d0.TIF","D:/2026-02-13_U2OS-Hoechst-H2AX_STC-11A-11B-Dox-BLO/Hoechst-H2AX.2026-02-13-21-50-52/Hoechst-H2AX_Plate_R_p00_0_D10f11d1.TIF","Sterigmatocystin","10","D10","D:/2026-02-13_U2OS-Hoechst-H2AX_STC-11A-11B-Dox-BLO/Hoechst-H2AX.2026-02-13-21-50-52","D:/2026-02-13_U2OS-Hoechst-H2AX_STC-11A-11B-Dox-BLO/Hoechst-H2AX.2026-02-13-21-50-52"
"461","D:/2026-02-13_U2OS-Hoechst-H2AX_STC-11A-11B-Dox-BLO/Hoechst-H2AX.2026-02-13-21-50-52/Hoechst-H2AX_Plate_R_p00_0_D10f12d0.TIF","D:/2026-02-13_U2OS-Hoechst-H2AX_STC-11A-11B-Dox-BLO/Hoechst-H2AX.2026-02-13-21-50-52/Hoechst-H2AX_Plate_R_p00_0_D10f12d1.TIF","Sterigmatocystin","10","D10","D:/2026-02-13_U2OS-Hoechst-H2AX_STC-11A-11B-Dox-BLO/Hoechst-H2AX.2026-02-13-21-50-52","D:/2026-02-13_U2OS-Hoechst-H2AX_STC-11A-11B-Dox-BLO/Hoechst-H2AX.2026-02-13-21-50-52"
"462","D:/2026-02-13_U2OS-Hoechst-H2AX_STC-11A-11B-Dox-BLO/Hoechst-H2AX.2026-02-13-21-50-52/Hoechst-H2AX_Plate_R_p00_0_D10f13d0.TIF","D:/2026-02-13_U2OS-Hoechst-H2AX_STC-11A-11B-Dox-BLO/Hoechst-H2AX.2026-02-13-21-50-52/Hoechst-H2AX_Plate_R_p00_0_D10f13d1.TIF","Sterigmatocystin","10","D10","D:/2026-02-13_U2OS-Hoechst-H2AX_STC-11A-11B-Dox-BLO/Hoechst-H2AX.2026-02-13-21-50-52","D:/2026-02-13_U2OS-Hoechst-H2AX_STC-11A-11B-Dox-BLO/Hoechst-H2AX.2026-02-13-21-50-52"
"463","D:/2026-02-13_U2OS-Hoechst-H2AX_STC-11A-11B-Dox-BLO/Hoechst-H2AX.2026-02-13-21-50-52/Hoechst-H2AX_Plate_R_p00_0_D10f14d0.TIF","D:/2026-02-13_U2OS-Hoechst-H2AX_STC-11A-11B-Dox-BLO/Hoechst-H2AX.2026-02-13-21-50-52/Hoechst-H2AX_Plate_R_p00_0_D10f14d1.TIF","Sterigmatocystin","10","D10","D:/2026-02-13_U2OS-Hoechst-H2AX_STC-11A-11B-Dox-BLO/Hoechst-H2AX.2026-02-13-21-50-52","D:/2026-02-13_U2OS-Hoechst-H2AX_STC-11A-11B-Dox-BLO/Hoechst-H2AX.2026-02-13-21-50-52"
"464","D:/2026-02-13_U2OS-Hoechst-H2AX_STC-11A-11B-Dox-BLO/Hoechst-H2AX.2026-02-13-21-50-52/Hoechst-H2AX_Plate_R_p00_0_D10f15d0.TIF","D:/2026-02-13_U2OS-Hoechst-H2AX_STC-11A-11B-Dox-BLO/Hoechst-H2AX.2026-02-13-21-50-52/Hoechst-H2AX_Plate_R_p00_0_D10f15d1.TIF","Sterigmatocystin","10","D10","D:/2026-02-13_U2OS-Hoechst-H2AX_STC-11A-11B-Dox-BLO/Hoechst-H2AX.2026-02-13-21-50-52","D:/2026-02-13_U2OS-Hoechst-H2AX_STC-11A-11B-Dox-BLO/Hoechst-H2AX.2026-02-13-21-50-52"
"465","D:/2026-02-13_U2OS-Hoechst-H2AX_STC-11A-11B-Dox-BLO/Hoechst-H2AX.2026-02-13-21-50-52/Hoechst-H2AX_Plate_R_p00_0_D11f00d0.TIF","D:/2026-02-13_U2OS-Hoechst-H2AX_STC-11A-11B-Dox-BLO/Hoechst-H2AX.2026-02-13-21-50-52/Hoechst-H2AX_Plate_R_p00_0_D11f00d1.TIF","Sterigmatocystin","3","D11","D:/2026-02-13_U2OS-Hoechst-H2AX_STC-11A-11B-Dox-BLO/Hoechst-H2AX.2026-02-13-21-50-52","D:/2026-02-13_U2OS-Hoechst-H2AX_STC-11A-11B-Dox-BLO/Hoechst-H2AX.2026-02-13-21-50-52"
"466","D:/2026-02-13_U2OS-Hoechst-H2AX_STC-11A-11B-Dox-BLO/Hoechst-H2AX.2026-02-13-21-50-52/Hoechst-H2AX_Plate_R_p00_0_D11f01d0.TIF","D:/2026-02-13_U2OS-Hoechst-H2AX_STC-11A-11B-Dox-BLO/Hoechst-H2AX.2026-02-13-21-50-52/Hoechst-H2AX_Plate_R_p00_0_D11f01d1.TIF","Sterigmatocystin","3","D11","D:/2026-02-13_U2OS-Hoechst-H2AX_STC-11A-11B-Dox-BLO/Hoechst-H2AX.2026-02-13-21-50-52","D:/2026-02-13_U2OS-Hoechst-H2AX_STC-11A-11B-Dox-BLO/Hoechst-H2AX.2026-02-13-21-50-52"
"467","D:/2026-02-13_U2OS-Hoechst-H2AX_STC-11A-11B-Dox-BLO/Hoechst-H2AX.2026-02-13-21-50-52/Hoechst-H2AX_Plate_R_p00_0_D11f02d0.TIF","D:/2026-02-13_U2OS-Hoechst-H2AX_STC-11A-11B-Dox-BLO/Hoechst-H2AX.2026-02-13-21-50-52/Hoechst-H2AX_Plate_R_p00_0_D11f02d1.TIF","Sterigmatocystin","3","D11","D:/2026-02-13_U2OS-Hoechst-H2AX_STC-11A-11B-Dox-BLO/Hoechst-H2AX.2026-02-13-21-50-52","D:/2026-02-13_U2OS-Hoechst-H2AX_STC-11A-11B-Dox-BLO/Hoechst-H2AX.2026-02-13-21-50-52"
"468","D:/2026-02-13_U2OS-Hoechst-H2AX_STC-11A-11B-Dox-BLO/Hoechst-H2AX.2026-02-13-21-50-52/Hoechst-H2AX_Plate_R_p00_0_D11f03d0.TIF","D:/2026-02-13_U2OS-Hoechst-H2AX_STC-11A-11B-Dox-BLO/Hoechst-H2AX.2026-02-13-21-50-52/Hoechst-H2AX_Plate_R_p00_0_D11f03d1.TIF","Sterigmatocystin","3","D11","D:/2026-02-13_U2OS-Hoechst-H2AX_STC-11A-11B-Dox-BLO/Hoechst-H2AX.2026-02-13-21-50-52","D:/2026-02-13_U2OS-Hoechst-H2AX_STC-11A-11B-Dox-BLO/Hoechst-H2AX.2026-02-13-21-50-52"
"469","D:/2026-02-13_U2OS-Hoechst-H2AX_STC-11A-11B-Dox-BLO/Hoechst-H2AX.2026-02-13-21-50-52/Hoechst-H2AX_Plate_R_p00_0_D11f04d0.TIF","D:/2026-02-13_U2OS-Hoechst-H2AX_STC-11A-11B-Dox-BLO/Hoechst-H2AX.2026-02-13-21-50-52/Hoechst-H2AX_Plate_R_p00_0_D11f04d1.TIF","Sterigmatocystin","3","D11","D:/2026-02-13_U2OS-Hoechst-H2AX_STC-11A-11B-Dox-BLO/Hoechst-H2AX.2026-02-13-21-50-52","D:/2026-02-13_U2OS-Hoechst-H2AX_STC-11A-11B-Dox-BLO/Hoechst-H2AX.2026-02-13-21-50-52"
"470","D:/2026-02-13_U2OS-Hoechst-H2AX_STC-11A-11B-Dox-BLO/Hoechst-H2AX.2026-02-13-21-50-52/Hoechst-H2AX_Plate_R_p00_0_D11f05d0.TIF","D:/2026-02-13_U2OS-Hoechst-H2AX_STC-11A-11B-Dox-BLO/Hoechst-H2AX.2026-02-13-21-50-52/Hoechst-H2AX_Plate_R_p00_0_D11f05d1.TIF","Sterigmatocystin","3","D11","D:/2026-02-13_U2OS-Hoechst-H2AX_STC-11A-11B-Dox-BLO/Hoechst-H2AX.2026-02-13-21-50-52","D:/2026-02-13_U2OS-Hoechst-H2AX_STC-11A-11B-Dox-BLO/Hoechst-H2AX.2026-02-13-21-50-52"
"471","D:/2026-02-13_U2OS-Hoechst-H2AX_STC-11A-11B-Dox-BLO/Hoechst-H2AX.2026-02-13-21-50-52/Hoechst-H2AX_Plate_R_p00_0_D11f06d0.TIF","D:/2026-02-13_U2OS-Hoechst-H2AX_STC-11A-11B-Dox-BLO/Hoechst-H2AX.2026-02-13-21-50-52/Hoechst-H2AX_Plate_R_p00_0_D11f06d1.TIF","Sterigmatocystin","3","D11","D:/2026-02-13_U2OS-Hoechst-H2AX_STC-11A-11B-Dox-BLO/Hoechst-H2AX.2026-02-13-21-50-52","D:/2026-02-13_U2OS-Hoechst-H2AX_STC-11A-11B-Dox-BLO/Hoechst-H2AX.2026-02-13-21-50-52"
"472","D:/2026-02-13_U2OS-Hoechst-H2AX_STC-11A-11B-Dox-BLO/Hoechst-H2AX.2026-02-13-21-50-52/Hoechst-H2AX_Plate_R_p00_0_D11f07d0.TIF","D:/2026-02-13_U2OS-Hoechst-H2AX_STC-11A-11B-Dox-BLO/Hoechst-H2AX.2026-02-13-21-50-52/Hoechst-H2AX_Plate_R_p00_0_D11f07d1.TIF","Sterigmatocystin","3","D11","D:/2026-02-13_U2OS-Hoechst-H2AX_STC-11A-11B-Dox-BLO/Hoechst-H2AX.2026-02-13-21-50-52","D:/2026-02-13_U2OS-Hoechst-H2AX_STC-11A-11B-Dox-BLO/Hoechst-H2AX.2026-02-13-21-50-52"
"473","D:/2026-02-13_U2OS-Hoechst-H2AX_STC-11A-11B-Dox-BLO/Hoechst-H2AX.2026-02-13-21-50-52/Hoechst-H2AX_Plate_R_p00_0_D11f08d0.TIF","D:/2026-02-13_U2OS-Hoechst-H2AX_STC-11A-11B-Dox-BLO/Hoechst-H2AX.2026-02-13-21-50-52/Hoechst-H2AX_Plate_R_p00_0_D11f08d1.TIF","Sterigmatocystin","3","D11","D:/2026-02-13_U2OS-Hoechst-H2AX_STC-11A-11B-Dox-BLO/Hoechst-H2AX.2026-02-13-21-50-52","D:/2026-02-13_U2OS-Hoechst-H2AX_STC-11A-11B-Dox-BLO/Hoechst-H2AX.2026-02-13-21-50-52"
"474","D:/2026-02-13_U2OS-Hoechst-H2AX_STC-11A-11B-Dox-BLO/Hoechst-H2AX.2026-02-13-21-50-52/Hoechst-H2AX_Plate_R_p00_0_D11f09d0.TIF","D:/2026-02-13_U2OS-Hoechst-H2AX_STC-11A-11B-Dox-BLO/Hoechst-H2AX.2026-02-13-21-50-52/Hoechst-H2AX_Plate_R_p00_0_D11f09d1.TIF","Sterigmatocystin","3","D11","D:/2026-02-13_U2OS-Hoechst-H2AX_STC-11A-11B-Dox-BLO/Hoechst-H2AX.2026-02-13-21-50-52","D:/2026-02-13_U2OS-Hoechst-H2AX_STC-11A-11B-Dox-BLO/Hoechst-H2AX.2026-02-13-21-50-52"
"475","D:/2026-02-13_U2OS-Hoechst-H2AX_STC-11A-11B-Dox-BLO/Hoechst-H2AX.2026-02-13-21-50-52/Hoechst-H2AX_Plate_R_p00_0_D11f10d0.TIF","D:/2026-02-13_U2OS-Hoechst-H2AX_STC-11A-11B-Dox-BLO/Hoechst-H2AX.2026-02-13-21-50-52/Hoechst-H2AX_Plate_R_p00_0_D11f10d1.TIF","Sterigmatocystin","3","D11","D:/2026-02-13_U2OS-Hoechst-H2AX_STC-11A-11B-Dox-BLO/Hoechst-H2AX.2026-02-13-21-50-52","D:/2026-02-13_U2OS-Hoechst-H2AX_STC-11A-11B-Dox-BLO/Hoechst-H2AX.2026-02-13-21-50-52"
"476","D:/2026-02-13_U2OS-Hoechst-H2AX_STC-11A-11B-Dox-BLO/Hoechst-H2AX.2026-02-13-21-50-52/Hoechst-H2AX_Plate_R_p00_0_D11f11d0.TIF","D:/2026-02-13_U2OS-Hoechst-H2AX_STC-11A-11B-Dox-BLO/Hoechst-H2AX.2026-02-13-21-50-52/Hoechst-H2AX_Plate_R_p00_0_D11f11d1.TIF","Sterigmatocystin","3","D11","D:/2026-02-13_U2OS-Hoechst-H2AX_STC-11A-11B-Dox-BLO/Hoechst-H2AX.2026-02-13-21-50-52","D:/2026-02-13_U2OS-Hoechst-H2AX_STC-11A-11B-Dox-BLO/Hoechst-H2AX.2026-02-13-21-50-52"
"477","D:/2026-02-13_U2OS-Hoechst-H2AX_STC-11A-11B-Dox-BLO/Hoechst-H2AX.2026-02-13-21-50-52/Hoechst-H2AX_Plate_R_p00_0_D11f12d0.TIF","D:/2026-02-13_U2OS-Hoechst-H2AX_STC-11A-11B-Dox-BLO/Hoechst-H2AX.2026-02-13-21-50-52/Hoechst-H2AX_Plate_R_p00_0_D11f12d1.TIF","Sterigmatocystin","3","D11","D:/2026-02-13_U2OS-Hoechst-H2AX_STC-11A-11B-Dox-BLO/Hoechst-H2AX.2026-02-13-21-50-52","D:/2026-02-13_U2OS-Hoechst-H2AX_STC-11A-11B-Dox-BLO/Hoechst-H2AX.2026-02-13-21-50-52"
"478","D:/2026-02-13_U2OS-Hoechst-H2AX_STC-11A-11B-Dox-BLO/Hoechst-H2AX.2026-02-13-21-50-52/Hoechst-H2AX_Plate_R_p00_0_D11f13d0.TIF","D:/2026-02-13_U2OS-Hoechst-H2AX_STC-11A-11B-Dox-BLO/Hoechst-H2AX.2026-02-13-21-50-52/Hoechst-H2AX_Plate_R_p00_0_D11f13d1.TIF","Sterigmatocystin","3","D11","D:/2026-02-13_U2OS-Hoechst-H2AX_STC-11A-11B-Dox-BLO/Hoechst-H2AX.2026-02-13-21-50-52","D:/2026-02-13_U2OS-Hoechst-H2AX_STC-11A-11B-Dox-BLO/Hoechst-H2AX.2026-02-13-21-50-52"
"479","D:/2026-02-13_U2OS-Hoechst-H2AX_STC-11A-11B-Dox-BLO/Hoechst-H2AX.2026-02-13-21-50-52/Hoechst-H2AX_Plate_R_p00_0_D11f14d0.TIF","D:/2026-02-13_U2OS-Hoechst-H2AX_STC-11A-11B-Dox-BLO/Hoechst-H2AX.2026-02-13-21-50-52/Hoechst-H2AX_Plate_R_p00_0_D11f14d1.TIF","Sterigmatocystin","3","D11","D:/2026-02-13_U2OS-Hoechst-H2AX_STC-11A-11B-Dox-BLO/Hoechst-H2AX.2026-02-13-21-50-52","D:/2026-02-13_U2OS-Hoechst-H2AX_STC-11A-11B-Dox-BLO/Hoechst-H2AX.2026-02-13-21-50-52"
"480","D:/2026-02-13_U2OS-Hoechst-H2AX_STC-11A-11B-Dox-BLO/Hoechst-H2AX.2026-02-13-21-50-52/Hoechst-H2AX_Plate_R_p00_0_D11f15d0.TIF","D:/2026-02-13_U2OS-Hoechst-H2AX_STC-11A-11B-Dox-BLO/Hoechst-H2AX.2026-02-13-21-50-52/Hoechst-H2AX_Plate_R_p00_0_D11f15d1.TIF","Sterigmatocystin","3","D11","D:/2026-02-13_U2OS-Hoechst-H2AX_STC-11A-11B-Dox-BLO/Hoechst-H2AX.2026-02-13-21-50-52","D:/2026-02-13_U2OS-Hoechst-H2AX_STC-11A-11B-Dox-BLO/Hoechst-H2AX.2026-02-13-21-50-52"
"481","D:/2026-02-13_U2OS-Hoechst-H2AX_STC-11A-11B-Dox-BLO/Hoechst-H2AX.2026-02-13-21-50-52/Hoechst-H2AX_Plate_R_p00_0_E02f00d0.TIF","D:/2026-02-13_U2OS-Hoechst-H2AX_STC-11A-11B-Dox-BLO/Hoechst-H2AX.2026-02-13-21-50-52/Hoechst-H2AX_Plate_R_p00_0_E02f00d1.TIF","Doxorubicin","0.3","E02","D:/2026-02-13_U2OS-Hoechst-H2AX_STC-11A-11B-Dox-BLO/Hoechst-H2AX.2026-02-13-21-50-52","D:/2026-02-13_U2OS-Hoechst-H2AX_STC-11A-11B-Dox-BLO/Hoechst-H2AX.2026-02-13-21-50-52"
"482","D:/2026-02-13_U2OS-Hoechst-H2AX_STC-11A-11B-Dox-BLO/Hoechst-H2AX.2026-02-13-21-50-52/Hoechst-H2AX_Plate_R_p00_0_E02f01d0.TIF","D:/2026-02-13_U2OS-Hoechst-H2AX_STC-11A-11B-Dox-BLO/Hoechst-H2AX.2026-02-13-21-50-52/Hoechst-H2AX_Plate_R_p00_0_E02f01d1.TIF","Doxorubicin","0.3","E02","D:/2026-02-13_U2OS-Hoechst-H2AX_STC-11A-11B-Dox-BLO/Hoechst-H2AX.2026-02-13-21-50-52","D:/2026-02-13_U2OS-Hoechst-H2AX_STC-11A-11B-Dox-BLO/Hoechst-H2AX.2026-02-13-21-50-52"
"483","D:/2026-02-13_U2OS-Hoechst-H2AX_STC-11A-11B-Dox-BLO/Hoechst-H2AX.2026-02-13-21-50-52/Hoechst-H2AX_Plate_R_p00_0_E02f02d0.TIF","D:/2026-02-13_U2OS-Hoechst-H2AX_STC-11A-11B-Dox-BLO/Hoechst-H2AX.2026-02-13-21-50-52/Hoechst-H2AX_Plate_R_p00_0_E02f02d1.TIF","Doxorubicin","0.3","E02","D:/2026-02-13_U2OS-Hoechst-H2AX_STC-11A-11B-Dox-BLO/Hoechst-H2AX.2026-02-13-21-50-52","D:/2026-02-13_U2OS-Hoechst-H2AX_STC-11A-11B-Dox-BLO/Hoechst-H2AX.2026-02-13-21-50-52"
"484","D:/2026-02-13_U2OS-Hoechst-H2AX_STC-11A-11B-Dox-BLO/Hoechst-H2AX.2026-02-13-21-50-52/Hoechst-H2AX_Plate_R_p00_0_E02f03d0.TIF","D:/2026-02-13_U2OS-Hoechst-H2AX_STC-11A-11B-Dox-BLO/Hoechst-H2AX.2026-02-13-21-50-52/Hoechst-H2AX_Plate_R_p00_0_E02f03d1.TIF","Doxorubicin","0.3","E02","D:/2026-02-13_U2OS-Hoechst-H2AX_STC-11A-11B-Dox-BLO/Hoechst-H2AX.2026-02-13-21-50-52","D:/2026-02-13_U2OS-Hoechst-H2AX_STC-11A-11B-Dox-BLO/Hoechst-H2AX.2026-02-13-21-50-52"
"485","D:/2026-02-13_U2OS-Hoechst-H2AX_STC-11A-11B-Dox-BLO/Hoechst-H2AX.2026-02-13-21-50-52/Hoechst-H2AX_Plate_R_p00_0_E02f04d0.TIF","D:/2026-02-13_U2OS-Hoechst-H2AX_STC-11A-11B-Dox-BLO/Hoechst-H2AX.2026-02-13-21-50-52/Hoechst-H2AX_Plate_R_p00_0_E02f04d1.TIF","Doxorubicin","0.3","E02","D:/2026-02-13_U2OS-Hoechst-H2AX_STC-11A-11B-Dox-BLO/Hoechst-H2AX.2026-02-13-21-50-52","D:/2026-02-13_U2OS-Hoechst-H2AX_STC-11A-11B-Dox-BLO/Hoechst-H2AX.2026-02-13-21-50-52"
"486","D:/2026-02-13_U2OS-Hoechst-H2AX_STC-11A-11B-Dox-BLO/Hoechst-H2AX.2026-02-13-21-50-52/Hoechst-H2AX_Plate_R_p00_0_E02f05d0.TIF","D:/2026-02-13_U2OS-Hoechst-H2AX_STC-11A-11B-Dox-BLO/Hoechst-H2AX.2026-02-13-21-50-52/Hoechst-H2AX_Plate_R_p00_0_E02f05d1.TIF","Doxorubicin","0.3","E02","D:/2026-02-13_U2OS-Hoechst-H2AX_STC-11A-11B-Dox-BLO/Hoechst-H2AX.2026-02-13-21-50-52","D:/2026-02-13_U2OS-Hoechst-H2AX_STC-11A-11B-Dox-BLO/Hoechst-H2AX.2026-02-13-21-50-52"
"487","D:/2026-02-13_U2OS-Hoechst-H2AX_STC-11A-11B-Dox-BLO/Hoechst-H2AX.2026-02-13-21-50-52/Hoechst-H2AX_Plate_R_p00_0_E02f06d0.TIF","D:/2026-02-13_U2OS-Hoechst-H2AX_STC-11A-11B-Dox-BLO/Hoechst-H2AX.2026-02-13-21-50-52/Hoechst-H2AX_Plate_R_p00_0_E02f06d1.TIF","Doxorubicin","0.3","E02","D:/2026-02-13_U2OS-Hoechst-H2AX_STC-11A-11B-Dox-BLO/Hoechst-H2AX.2026-02-13-21-50-52","D:/2026-02-13_U2OS-Hoechst-H2AX_STC-11A-11B-Dox-BLO/Hoechst-H2AX.2026-02-13-21-50-52"
"488","D:/2026-02-13_U2OS-Hoechst-H2AX_STC-11A-11B-Dox-BLO/Hoechst-H2AX.2026-02-13-21-50-52/Hoechst-H2AX_Plate_R_p00_0_E02f07d0.TIF","D:/2026-02-13_U2OS-Hoechst-H2AX_STC-11A-11B-Dox-BLO/Hoechst-H2AX.2026-02-13-21-50-52/Hoechst-H2AX_Plate_R_p00_0_E02f07d1.TIF","Doxorubicin","0.3","E02","D:/2026-02-13_U2OS-Hoechst-H2AX_STC-11A-11B-Dox-BLO/Hoechst-H2AX.2026-02-13-21-50-52","D:/2026-02-13_U2OS-Hoechst-H2AX_STC-11A-11B-Dox-BLO/Hoechst-H2AX.2026-02-13-21-50-52"
"489","D:/2026-02-13_U2OS-Hoechst-H2AX_STC-11A-11B-Dox-BLO/Hoechst-H2AX.2026-02-13-21-50-52/Hoechst-H2AX_Plate_R_p00_0_E02f08d0.TIF","D:/2026-02-13_U2OS-Hoechst-H2AX_STC-11A-11B-Dox-BLO/Hoechst-H2AX.2026-02-13-21-50-52/Hoechst-H2AX_Plate_R_p00_0_E02f08d1.TIF","Doxorubicin","0.3","E02","D:/2026-02-13_U2OS-Hoechst-H2AX_STC-11A-11B-Dox-BLO/Hoechst-H2AX.2026-02-13-21-50-52","D:/2026-02-13_U2OS-Hoechst-H2AX_STC-11A-11B-Dox-BLO/Hoechst-H2AX.2026-02-13-21-50-52"
"490","D:/2026-02-13_U2OS-Hoechst-H2AX_STC-11A-11B-Dox-BLO/Hoechst-H2AX.2026-02-13-21-50-52/Hoechst-H2AX_Plate_R_p00_0_E02f09d0.TIF","D:/2026-02-13_U2OS-Hoechst-H2AX_STC-11A-11B-Dox-BLO/Hoechst-H2AX.2026-02-13-21-50-52/Hoechst-H2AX_Plate_R_p00_0_E02f09d1.TIF","Doxorubicin","0.3","E02","D:/2026-02-13_U2OS-Hoechst-H2AX_STC-11A-11B-Dox-BLO/Hoechst-H2AX.2026-02-13-21-50-52","D:/2026-02-13_U2OS-Hoechst-H2AX_STC-11A-11B-Dox-BLO/Hoechst-H2AX.2026-02-13-21-50-52"
"491","D:/2026-02-13_U2OS-Hoechst-H2AX_STC-11A-11B-Dox-BLO/Hoechst-H2AX.2026-02-13-21-50-52/Hoechst-H2AX_Plate_R_p00_0_E02f10d0.TIF","D:/2026-02-13_U2OS-Hoechst-H2AX_STC-11A-11B-Dox-BLO/Hoechst-H2AX.2026-02-13-21-50-52/Hoechst-H2AX_Plate_R_p00_0_E02f10d1.TIF","Doxorubicin","0.3","E02","D:/2026-02-13_U2OS-Hoechst-H2AX_STC-11A-11B-Dox-BLO/Hoechst-H2AX.2026-02-13-21-50-52","D:/2026-02-13_U2OS-Hoechst-H2AX_STC-11A-11B-Dox-BLO/Hoechst-H2AX.2026-02-13-21-50-52"
"492","D:/2026-02-13_U2OS-Hoechst-H2AX_STC-11A-11B-Dox-BLO/Hoechst-H2AX.2026-02-13-21-50-52/Hoechst-H2AX_Plate_R_p00_0_E02f11d0.TIF","D:/2026-02-13_U2OS-Hoechst-H2AX_STC-11A-11B-Dox-BLO/Hoechst-H2AX.2026-02-13-21-50-52/Hoechst-H2AX_Plate_R_p00_0_E02f11d1.TIF","Doxorubicin","0.3","E02","D:/2026-02-13_U2OS-Hoechst-H2AX_STC-11A-11B-Dox-BLO/Hoechst-H2AX.2026-02-13-21-50-52","D:/2026-02-13_U2OS-Hoechst-H2AX_STC-11A-11B-Dox-BLO/Hoechst-H2AX.2026-02-13-21-50-52"
"493","D:/2026-02-13_U2OS-Hoechst-H2AX_STC-11A-11B-Dox-BLO/Hoechst-H2AX.2026-02-13-21-50-52/Hoechst-H2AX_Plate_R_p00_0_E02f12d0.TIF","D:/2026-02-13_U2OS-Hoechst-H2AX_STC-11A-11B-Dox-BLO/Hoechst-H2AX.2026-02-13-21-50-52/Hoechst-H2AX_Plate_R_p00_0_E02f12d1.TIF","Doxorubicin","0.3","E02","D:/2026-02-13_U2OS-Hoechst-H2AX_STC-11A-11B-Dox-BLO/Hoechst-H2AX.2026-02-13-21-50-52","D:/2026-02-13_U2OS-Hoechst-H2AX_STC-11A-11B-Dox-BLO/Hoechst-H2AX.2026-02-13-21-50-52"
"494","D:/2026-02-13_U2OS-Hoechst-H2AX_STC-11A-11B-Dox-BLO/Hoechst-H2AX.2026-02-13-21-50-52/Hoechst-H2AX_Plate_R_p00_0_E02f13d0.TIF","D:/2026-02-13_U2OS-Hoechst-H2AX_STC-11A-11B-Dox-BLO/Hoechst-H2AX.2026-02-13-21-50-52/Hoechst-H2AX_Plate_R_p00_0_E02f13d1.TIF","Doxorubicin","0.3","E02","D:/2026-02-13_U2OS-Hoechst-H2AX_STC-11A-11B-Dox-BLO/Hoechst-H2AX.2026-02-13-21-50-52","D:/2026-02-13_U2OS-Hoechst-H2AX_STC-11A-11B-Dox-BLO/Hoechst-H2AX.2026-02-13-21-50-52"
"495","D:/2026-02-13_U2OS-Hoechst-H2AX_STC-11A-11B-Dox-BLO/Hoechst-H2AX.2026-02-13-21-50-52/Hoechst-H2AX_Plate_R_p00_0_E02f14d0.TIF","D:/2026-02-13_U2OS-Hoechst-H2AX_STC-11A-11B-Dox-BLO/Hoechst-H2AX.2026-02-13-21-50-52/Hoechst-H2AX_Plate_R_p00_0_E02f14d1.TIF","Doxorubicin","0.3","E02","D:/2026-02-13_U2OS-Hoechst-H2AX_STC-11A-11B-Dox-BLO/Hoechst-H2AX.2026-02-13-21-50-52","D:/2026-02-13_U2OS-Hoechst-H2AX_STC-11A-11B-Dox-BLO/Hoechst-H2AX.2026-02-13-21-50-52"
"496","D:/2026-02-13_U2OS-Hoechst-H2AX_STC-11A-11B-Dox-BLO/Hoechst-H2AX.2026-02-13-21-50-52/Hoechst-H2AX_Plate_R_p00_0_E02f15d0.TIF","D:/2026-02-13_U2OS-Hoechst-H2AX_STC-11A-11B-Dox-BLO/Hoechst-H2AX.2026-02-13-21-50-52/Hoechst-H2AX_Plate_R_p00_0_E02f15d1.TIF","Doxorubicin","0.3","E02","D:/2026-02-13_U2OS-Hoechst-H2AX_STC-11A-11B-Dox-BLO/Hoechst-H2AX.2026-02-13-21-50-52","D:/2026-02-13_U2OS-Hoechst-H2AX_STC-11A-11B-Dox-BLO/Hoechst-H2AX.2026-02-13-21-50-52"
"497","D:/2026-02-13_U2OS-Hoechst-H2AX_STC-11A-11B-Dox-BLO/Hoechst-H2AX.2026-02-13-21-50-52/Hoechst-H2AX_Plate_R_p00_0_E03f00d0.TIF","D:/2026-02-13_U2OS-Hoechst-H2AX_STC-11A-11B-Dox-BLO/Hoechst-H2AX.2026-02-13-21-50-52/Hoechst-H2AX_Plate_R_p00_0_E03f00d1.TIF","Doxorubicin","0.1","E03","D:/2026-02-13_U2OS-Hoechst-H2AX_STC-11A-11B-Dox-BLO/Hoechst-H2AX.2026-02-13-21-50-52","D:/2026-02-13_U2OS-Hoechst-H2AX_STC-11A-11B-Dox-BLO/Hoechst-H2AX.2026-02-13-21-50-52"
"498","D:/2026-02-13_U2OS-Hoechst-H2AX_STC-11A-11B-Dox-BLO/Hoechst-H2AX.2026-02-13-21-50-52/Hoechst-H2AX_Plate_R_p00_0_E03f01d0.TIF","D:/2026-02-13_U2OS-Hoechst-H2AX_STC-11A-11B-Dox-BLO/Hoechst-H2AX.2026-02-13-21-50-52/Hoechst-H2AX_Plate_R_p00_0_E03f01d1.TIF","Doxorubicin","0.1","E03","D:/2026-02-13_U2OS-Hoechst-H2AX_STC-11A-11B-Dox-BLO/Hoechst-H2AX.2026-02-13-21-50-52","D:/2026-02-13_U2OS-Hoechst-H2AX_STC-11A-11B-Dox-BLO/Hoechst-H2AX.2026-02-13-21-50-52"
"499","D:/2026-02-13_U2OS-Hoechst-H2AX_STC-11A-11B-Dox-BLO/Hoechst-H2AX.2026-02-13-21-50-52/Hoechst-H2AX_Plate_R_p00_0_E03f02d0.TIF","D:/2026-02-13_U2OS-Hoechst-H2AX_STC-11A-11B-Dox-BLO/Hoechst-H2AX.2026-02-13-21-50-52/Hoechst-H2AX_Plate_R_p00_0_E03f02d1.TIF","Doxorubicin","0.1","E03","D:/2026-02-13_U2OS-Hoechst-H2AX_STC-11A-11B-Dox-BLO/Hoechst-H2AX.2026-02-13-21-50-52","D:/2026-02-13_U2OS-Hoechst-H2AX_STC-11A-11B-Dox-BLO/Hoechst-H2AX.2026-02-13-21-50-52"
"500","D:/2026-02-13_U2OS-Hoechst-H2AX_STC-11A-11B-Dox-BLO/Hoechst-H2AX.2026-02-13-21-50-52/Hoechst-H2AX_Plate_R_p00_0_E03f03d0.TIF","D:/2026-02-13_U2OS-Hoechst-H2AX_STC-11A-11B-Dox-BLO/Hoechst-H2AX.2026-02-13-21-50-52/Hoechst-H2AX_Plate_R_p00_0_E03f03d1.TIF","Doxorubicin","0.1","E03","D:/2026-02-13_U2OS-Hoechst-H2AX_STC-11A-11B-Dox-BLO/Hoechst-H2AX.2026-02-13-21-50-52","D:/2026-02-13_U2OS-Hoechst-H2AX_STC-11A-11B-Dox-BLO/Hoechst-H2AX.2026-02-13-21-50-52"
"501","D:/2026-02-13_U2OS-Hoechst-H2AX_STC-11A-11B-Dox-BLO/Hoechst-H2AX.2026-02-13-21-50-52/Hoechst-H2AX_Plate_R_p00_0_E03f04d0.TIF","D:/2026-02-13_U2OS-Hoechst-H2AX_STC-11A-11B-Dox-BLO/Hoechst-H2AX.2026-02-13-21-50-52/Hoechst-H2AX_Plate_R_p00_0_E03f04d1.TIF","Doxorubicin","0.1","E03","D:/2026-02-13_U2OS-Hoechst-H2AX_STC-11A-11B-Dox-BLO/Hoechst-H2AX.2026-02-13-21-50-52","D:/2026-02-13_U2OS-Hoechst-H2AX_STC-11A-11B-Dox-BLO/Hoechst-H2AX.2026-02-13-21-50-52"
"502","D:/2026-02-13_U2OS-Hoechst-H2AX_STC-11A-11B-Dox-BLO/Hoechst-H2AX.2026-02-13-21-50-52/Hoechst-H2AX_Plate_R_p00_0_E03f05d0.TIF","D:/2026-02-13_U2OS-Hoechst-H2AX_STC-11A-11B-Dox-BLO/Hoechst-H2AX.2026-02-13-21-50-52/Hoechst-H2AX_Plate_R_p00_0_E03f05d1.TIF","Doxorubicin","0.1","E03","D:/2026-02-13_U2OS-Hoechst-H2AX_STC-11A-11B-Dox-BLO/Hoechst-H2AX.2026-02-13-21-50-52","D:/2026-02-13_U2OS-Hoechst-H2AX_STC-11A-11B-Dox-BLO/Hoechst-H2AX.2026-02-13-21-50-52"
"503","D:/2026-02-13_U2OS-Hoechst-H2AX_STC-11A-11B-Dox-BLO/Hoechst-H2AX.2026-02-13-21-50-52/Hoechst-H2AX_Plate_R_p00_0_E03f06d0.TIF","D:/2026-02-13_U2OS-Hoechst-H2AX_STC-11A-11B-Dox-BLO/Hoechst-H2AX.2026-02-13-21-50-52/Hoechst-H2AX_Plate_R_p00_0_E03f06d1.TIF","Doxorubicin","0.1","E03","D:/2026-02-13_U2OS-Hoechst-H2AX_STC-11A-11B-Dox-BLO/Hoechst-H2AX.2026-02-13-21-50-52","D:/2026-02-13_U2OS-Hoechst-H2AX_STC-11A-11B-Dox-BLO/Hoechst-H2AX.2026-02-13-21-50-52"
"504","D:/2026-02-13_U2OS-Hoechst-H2AX_STC-11A-11B-Dox-BLO/Hoechst-H2AX.2026-02-13-21-50-52/Hoechst-H2AX_Plate_R_p00_0_E03f07d0.TIF","D:/2026-02-13_U2OS-Hoechst-H2AX_STC-11A-11B-Dox-BLO/Hoechst-H2AX.2026-02-13-21-50-52/Hoechst-H2AX_Plate_R_p00_0_E03f07d1.TIF","Doxorubicin","0.1","E03","D:/2026-02-13_U2OS-Hoechst-H2AX_STC-11A-11B-Dox-BLO/Hoechst-H2AX.2026-02-13-21-50-52","D:/2026-02-13_U2OS-Hoechst-H2AX_STC-11A-11B-Dox-BLO/Hoechst-H2AX.2026-02-13-21-50-52"
"505","D:/2026-02-13_U2OS-Hoechst-H2AX_STC-11A-11B-Dox-BLO/Hoechst-H2AX.2026-02-13-21-50-52/Hoechst-H2AX_Plate_R_p00_0_E03f08d0.TIF","D:/2026-02-13_U2OS-Hoechst-H2AX_STC-11A-11B-Dox-BLO/Hoechst-H2AX.2026-02-13-21-50-52/Hoechst-H2AX_Plate_R_p00_0_E03f08d1.TIF","Doxorubicin","0.1","E03","D:/2026-02-13_U2OS-Hoechst-H2AX_STC-11A-11B-Dox-BLO/Hoechst-H2AX.2026-02-13-21-50-52","D:/2026-02-13_U2OS-Hoechst-H2AX_STC-11A-11B-Dox-BLO/Hoechst-H2AX.2026-02-13-21-50-52"
"506","D:/2026-02-13_U2OS-Hoechst-H2AX_STC-11A-11B-Dox-BLO/Hoechst-H2AX.2026-02-13-21-50-52/Hoechst-H2AX_Plate_R_p00_0_E03f09d0.TIF","D:/2026-02-13_U2OS-Hoechst-H2AX_STC-11A-11B-Dox-BLO/Hoechst-H2AX.2026-02-13-21-50-52/Hoechst-H2AX_Plate_R_p00_0_E03f09d1.TIF","Doxorubicin","0.1","E03","D:/2026-02-13_U2OS-Hoechst-H2AX_STC-11A-11B-Dox-BLO/Hoechst-H2AX.2026-02-13-21-50-52","D:/2026-02-13_U2OS-Hoechst-H2AX_STC-11A-11B-Dox-BLO/Hoechst-H2AX.2026-02-13-21-50-52"
"507","D:/2026-02-13_U2OS-Hoechst-H2AX_STC-11A-11B-Dox-BLO/Hoechst-H2AX.2026-02-13-21-50-52/Hoechst-H2AX_Plate_R_p00_0_E03f10d0.TIF","D:/2026-02-13_U2OS-Hoechst-H2AX_STC-11A-11B-Dox-BLO/Hoechst-H2AX.2026-02-13-21-50-52/Hoechst-H2AX_Plate_R_p00_0_E03f10d1.TIF","Doxorubicin","0.1","E03","D:/2026-02-13_U2OS-Hoechst-H2AX_STC-11A-11B-Dox-BLO/Hoechst-H2AX.2026-02-13-21-50-52","D:/2026-02-13_U2OS-Hoechst-H2AX_STC-11A-11B-Dox-BLO/Hoechst-H2AX.2026-02-13-21-50-52"
"508","D:/2026-02-13_U2OS-Hoechst-H2AX_STC-11A-11B-Dox-BLO/Hoechst-H2AX.2026-02-13-21-50-52/Hoechst-H2AX_Plate_R_p00_0_E03f11d0.TIF","D:/2026-02-13_U2OS-Hoechst-H2AX_STC-11A-11B-Dox-BLO/Hoechst-H2AX.2026-02-13-21-50-52/Hoechst-H2AX_Plate_R_p00_0_E03f11d1.TIF","Doxorubicin","0.1","E03","D:/2026-02-13_U2OS-Hoechst-H2AX_STC-11A-11B-Dox-BLO/Hoechst-H2AX.2026-02-13-21-50-52","D:/2026-02-13_U2OS-Hoechst-H2AX_STC-11A-11B-Dox-BLO/Hoechst-H2AX.2026-02-13-21-50-52"
"509","D:/2026-02-13_U2OS-Hoechst-H2AX_STC-11A-11B-Dox-BLO/Hoechst-H2AX.2026-02-13-21-50-52/Hoechst-H2AX_Plate_R_p00_0_E03f12d0.TIF","D:/2026-02-13_U2OS-Hoechst-H2AX_STC-11A-11B-Dox-BLO/Hoechst-H2AX.2026-02-13-21-50-52/Hoechst-H2AX_Plate_R_p00_0_E03f12d1.TIF","Doxorubicin","0.1","E03","D:/2026-02-13_U2OS-Hoechst-H2AX_STC-11A-11B-Dox-BLO/Hoechst-H2AX.2026-02-13-21-50-52","D:/2026-02-13_U2OS-Hoechst-H2AX_STC-11A-11B-Dox-BLO/Hoechst-H2AX.2026-02-13-21-50-52"
"510","D:/2026-02-13_U2OS-Hoechst-H2AX_STC-11A-11B-Dox-BLO/Hoechst-H2AX.2026-02-13-21-50-52/Hoechst-H2AX_Plate_R_p00_0_E03f13d0.TIF","D:/2026-02-13_U2OS-Hoechst-H2AX_STC-11A-11B-Dox-BLO/Hoechst-H2AX.2026-02-13-21-50-52/Hoechst-H2AX_Plate_R_p00_0_E03f13d1.TIF","Doxorubicin","0.1","E03","D:/2026-02-13_U2OS-Hoechst-H2AX_STC-11A-11B-Dox-BLO/Hoechst-H2AX.2026-02-13-21-50-52","D:/2026-02-13_U2OS-Hoechst-H2AX_STC-11A-11B-Dox-BLO/Hoechst-H2AX.2026-02-13-21-50-52"
"511","D:/2026-02-13_U2OS-Hoechst-H2AX_STC-11A-11B-Dox-BLO/Hoechst-H2AX.2026-02-13-21-50-52/Hoechst-H2AX_Plate_R_p00_0_E03f14d0.TIF","D:/2026-02-13_U2OS-Hoechst-H2AX_STC-11A-11B-Dox-BLO/Hoechst-H2AX.2026-02-13-21-50-52/Hoechst-H2AX_Plate_R_p00_0_E03f14d1.TIF","Doxorubicin","0.1","E03","D:/2026-02-13_U2OS-Hoechst-H2AX_STC-11A-11B-Dox-BLO/Hoechst-H2AX.2026-02-13-21-50-52","D:/2026-02-13_U2OS-Hoechst-H2AX_STC-11A-11B-Dox-BLO/Hoechst-H2AX.2026-02-13-21-50-52"
"512","D:/2026-02-13_U2OS-Hoechst-H2AX_STC-11A-11B-Dox-BLO/Hoechst-H2AX.2026-02-13-21-50-52/Hoechst-H2AX_Plate_R_p00_0_E03f15d0.TIF","D:/2026-02-13_U2OS-Hoechst-H2AX_STC-11A-11B-Dox-BLO/Hoechst-H2AX.2026-02-13-21-50-52/Hoechst-H2AX_Plate_R_p00_0_E03f15d1.TIF","Doxorubicin","0.1","E03","D:/2026-02-13_U2OS-Hoechst-H2AX_STC-11A-11B-Dox-BLO/Hoechst-H2AX.2026-02-13-21-50-52","D:/2026-02-13_U2OS-Hoechst-H2AX_STC-11A-11B-Dox-BLO/Hoechst-H2AX.2026-02-13-21-50-52"
"513","D:/2026-02-13_U2OS-Hoechst-H2AX_STC-11A-11B-Dox-BLO/Hoechst-H2AX.2026-02-13-21-50-52/Hoechst-H2AX_Plate_R_p00_0_E04f00d0.TIF","D:/2026-02-13_U2OS-Hoechst-H2AX_STC-11A-11B-Dox-BLO/Hoechst-H2AX.2026-02-13-21-50-52/Hoechst-H2AX_Plate_R_p00_0_E04f00d1.TIF","Doxorubicin","0.03","E04","D:/2026-02-13_U2OS-Hoechst-H2AX_STC-11A-11B-Dox-BLO/Hoechst-H2AX.2026-02-13-21-50-52","D:/2026-02-13_U2OS-Hoechst-H2AX_STC-11A-11B-Dox-BLO/Hoechst-H2AX.2026-02-13-21-50-52"
"514","D:/2026-02-13_U2OS-Hoechst-H2AX_STC-11A-11B-Dox-BLO/Hoechst-H2AX.2026-02-13-21-50-52/Hoechst-H2AX_Plate_R_p00_0_E04f01d0.TIF","D:/2026-02-13_U2OS-Hoechst-H2AX_STC-11A-11B-Dox-BLO/Hoechst-H2AX.2026-02-13-21-50-52/Hoechst-H2AX_Plate_R_p00_0_E04f01d1.TIF","Doxorubicin","0.03","E04","D:/2026-02-13_U2OS-Hoechst-H2AX_STC-11A-11B-Dox-BLO/Hoechst-H2AX.2026-02-13-21-50-52","D:/2026-02-13_U2OS-Hoechst-H2AX_STC-11A-11B-Dox-BLO/Hoechst-H2AX.2026-02-13-21-50-52"
"515","D:/2026-02-13_U2OS-Hoechst-H2AX_STC-11A-11B-Dox-BLO/Hoechst-H2AX.2026-02-13-21-50-52/Hoechst-H2AX_Plate_R_p00_0_E04f02d0.TIF","D:/2026-02-13_U2OS-Hoechst-H2AX_STC-11A-11B-Dox-BLO/Hoechst-H2AX.2026-02-13-21-50-52/Hoechst-H2AX_Plate_R_p00_0_E04f02d1.TIF","Doxorubicin","0.03","E04","D:/2026-02-13_U2OS-Hoechst-H2AX_STC-11A-11B-Dox-BLO/Hoechst-H2AX.2026-02-13-21-50-52","D:/2026-02-13_U2OS-Hoechst-H2AX_STC-11A-11B-Dox-BLO/Hoechst-H2AX.2026-02-13-21-50-52"
"516","D:/2026-02-13_U2OS-Hoechst-H2AX_STC-11A-11B-Dox-BLO/Hoechst-H2AX.2026-02-13-21-50-52/Hoechst-H2AX_Plate_R_p00_0_E04f03d0.TIF","D:/2026-02-13_U2OS-Hoechst-H2AX_STC-11A-11B-Dox-BLO/Hoechst-H2AX.2026-02-13-21-50-52/Hoechst-H2AX_Plate_R_p00_0_E04f03d1.TIF","Doxorubicin","0.03","E04","D:/2026-02-13_U2OS-Hoechst-H2AX_STC-11A-11B-Dox-BLO/Hoechst-H2AX.2026-02-13-21-50-52","D:/2026-02-13_U2OS-Hoechst-H2AX_STC-11A-11B-Dox-BLO/Hoechst-H2AX.2026-02-13-21-50-52"
"517","D:/2026-02-13_U2OS-Hoechst-H2AX_STC-11A-11B-Dox-BLO/Hoechst-H2AX.2026-02-13-21-50-52/Hoechst-H2AX_Plate_R_p00_0_E04f04d0.TIF","D:/2026-02-13_U2OS-Hoechst-H2AX_STC-11A-11B-Dox-BLO/Hoechst-H2AX.2026-02-13-21-50-52/Hoechst-H2AX_Plate_R_p00_0_E04f04d1.TIF","Doxorubicin","0.03","E04","D:/2026-02-13_U2OS-Hoechst-H2AX_STC-11A-11B-Dox-BLO/Hoechst-H2AX.2026-02-13-21-50-52","D:/2026-02-13_U2OS-Hoechst-H2AX_STC-11A-11B-Dox-BLO/Hoechst-H2AX.2026-02-13-21-50-52"
"518","D:/2026-02-13_U2OS-Hoechst-H2AX_STC-11A-11B-Dox-BLO/Hoechst-H2AX.2026-02-13-21-50-52/Hoechst-H2AX_Plate_R_p00_0_E04f05d0.TIF","D:/2026-02-13_U2OS-Hoechst-H2AX_STC-11A-11B-Dox-BLO/Hoechst-H2AX.2026-02-13-21-50-52/Hoechst-H2AX_Plate_R_p00_0_E04f05d1.TIF","Doxorubicin","0.03","E04","D:/2026-02-13_U2OS-Hoechst-H2AX_STC-11A-11B-Dox-BLO/Hoechst-H2AX.2026-02-13-21-50-52","D:/2026-02-13_U2OS-Hoechst-H2AX_STC-11A-11B-Dox-BLO/Hoechst-H2AX.2026-02-13-21-50-52"
"519","D:/2026-02-13_U2OS-Hoechst-H2AX_STC-11A-11B-Dox-BLO/Hoechst-H2AX.2026-02-13-21-50-52/Hoechst-H2AX_Plate_R_p00_0_E04f06d0.TIF","D:/2026-02-13_U2OS-Hoechst-H2AX_STC-11A-11B-Dox-BLO/Hoechst-H2AX.2026-02-13-21-50-52/Hoechst-H2AX_Plate_R_p00_0_E04f06d1.TIF","Doxorubicin","0.03","E04","D:/2026-02-13_U2OS-Hoechst-H2AX_STC-11A-11B-Dox-BLO/Hoechst-H2AX.2026-02-13-21-50-52","D:/2026-02-13_U2OS-Hoechst-H2AX_STC-11A-11B-Dox-BLO/Hoechst-H2AX.2026-02-13-21-50-52"
"520","D:/2026-02-13_U2OS-Hoechst-H2AX_STC-11A-11B-Dox-BLO/Hoechst-H2AX.2026-02-13-21-50-52/Hoechst-H2AX_Plate_R_p00_0_E04f07d0.TIF","D:/2026-02-13_U2OS-Hoechst-H2AX_STC-11A-11B-Dox-BLO/Hoechst-H2AX.2026-02-13-21-50-52/Hoechst-H2AX_Plate_R_p00_0_E04f07d1.TIF","Doxorubicin","0.03","E04","D:/2026-02-13_U2OS-Hoechst-H2AX_STC-11A-11B-Dox-BLO/Hoechst-H2AX.2026-02-13-21-50-52","D:/2026-02-13_U2OS-Hoechst-H2AX_STC-11A-11B-Dox-BLO/Hoechst-H2AX.2026-02-13-21-50-52"
"521","D:/2026-02-13_U2OS-Hoechst-H2AX_STC-11A-11B-Dox-BLO/Hoechst-H2AX.2026-02-13-21-50-52/Hoechst-H2AX_Plate_R_p00_0_E04f08d0.TIF","D:/2026-02-13_U2OS-Hoechst-H2AX_STC-11A-11B-Dox-BLO/Hoechst-H2AX.2026-02-13-21-50-52/Hoechst-H2AX_Plate_R_p00_0_E04f08d1.TIF","Doxorubicin","0.03","E04","D:/2026-02-13_U2OS-Hoechst-H2AX_STC-11A-11B-Dox-BLO/Hoechst-H2AX.2026-02-13-21-50-52","D:/2026-02-13_U2OS-Hoechst-H2AX_STC-11A-11B-Dox-BLO/Hoechst-H2AX.2026-02-13-21-50-52"
"522","D:/2026-02-13_U2OS-Hoechst-H2AX_STC-11A-11B-Dox-BLO/Hoechst-H2AX.2026-02-13-21-50-52/Hoechst-H2AX_Plate_R_p00_0_E04f09d0.TIF","D:/2026-02-13_U2OS-Hoechst-H2AX_STC-11A-11B-Dox-BLO/Hoechst-H2AX.2026-02-13-21-50-52/Hoechst-H2AX_Plate_R_p00_0_E04f09d1.TIF","Doxorubicin","0.03","E04","D:/2026-02-13_U2OS-Hoechst-H2AX_STC-11A-11B-Dox-BLO/Hoechst-H2AX.2026-02-13-21-50-52","D:/2026-02-13_U2OS-Hoechst-H2AX_STC-11A-11B-Dox-BLO/Hoechst-H2AX.2026-02-13-21-50-52"
"523","D:/2026-02-13_U2OS-Hoechst-H2AX_STC-11A-11B-Dox-BLO/Hoechst-H2AX.2026-02-13-21-50-52/Hoechst-H2AX_Plate_R_p00_0_E04f10d0.TIF","D:/2026-02-13_U2OS-Hoechst-H2AX_STC-11A-11B-Dox-BLO/Hoechst-H2AX.2026-02-13-21-50-52/Hoechst-H2AX_Plate_R_p00_0_E04f10d1.TIF","Doxorubicin","0.03","E04","D:/2026-02-13_U2OS-Hoechst-H2AX_STC-11A-11B-Dox-BLO/Hoechst-H2AX.2026-02-13-21-50-52","D:/2026-02-13_U2OS-Hoechst-H2AX_STC-11A-11B-Dox-BLO/Hoechst-H2AX.2026-02-13-21-50-52"
"524","D:/2026-02-13_U2OS-Hoechst-H2AX_STC-11A-11B-Dox-BLO/Hoechst-H2AX.2026-02-13-21-50-52/Hoechst-H2AX_Plate_R_p00_0_E04f11d0.TIF","D:/2026-02-13_U2OS-Hoechst-H2AX_STC-11A-11B-Dox-BLO/Hoechst-H2AX.2026-02-13-21-50-52/Hoechst-H2AX_Plate_R_p00_0_E04f11d1.TIF","Doxorubicin","0.03","E04","D:/2026-02-13_U2OS-Hoechst-H2AX_STC-11A-11B-Dox-BLO/Hoechst-H2AX.2026-02-13-21-50-52","D:/2026-02-13_U2OS-Hoechst-H2AX_STC-11A-11B-Dox-BLO/Hoechst-H2AX.2026-02-13-21-50-52"
"525","D:/2026-02-13_U2OS-Hoechst-H2AX_STC-11A-11B-Dox-BLO/Hoechst-H2AX.2026-02-13-21-50-52/Hoechst-H2AX_Plate_R_p00_0_E04f12d0.TIF","D:/2026-02-13_U2OS-Hoechst-H2AX_STC-11A-11B-Dox-BLO/Hoechst-H2AX.2026-02-13-21-50-52/Hoechst-H2AX_Plate_R_p00_0_E04f12d1.TIF","Doxorubicin","0.03","E04","D:/2026-02-13_U2OS-Hoechst-H2AX_STC-11A-11B-Dox-BLO/Hoechst-H2AX.2026-02-13-21-50-52","D:/2026-02-13_U2OS-Hoechst-H2AX_STC-11A-11B-Dox-BLO/Hoechst-H2AX.2026-02-13-21-50-52"
"526","D:/2026-02-13_U2OS-Hoechst-H2AX_STC-11A-11B-Dox-BLO/Hoechst-H2AX.2026-02-13-21-50-52/Hoechst-H2AX_Plate_R_p00_0_E04f13d0.TIF","D:/2026-02-13_U2OS-Hoechst-H2AX_STC-11A-11B-Dox-BLO/Hoechst-H2AX.2026-02-13-21-50-52/Hoechst-H2AX_Plate_R_p00_0_E04f13d1.TIF","Doxorubicin","0.03","E04","D:/2026-02-13_U2OS-Hoechst-H2AX_STC-11A-11B-Dox-BLO/Hoechst-H2AX.2026-02-13-21-50-52","D:/2026-02-13_U2OS-Hoechst-H2AX_STC-11A-11B-Dox-BLO/Hoechst-H2AX.2026-02-13-21-50-52"
"527","D:/2026-02-13_U2OS-Hoechst-H2AX_STC-11A-11B-Dox-BLO/Hoechst-H2AX.2026-02-13-21-50-52/Hoechst-H2AX_Plate_R_p00_0_E04f14d0.TIF","D:/2026-02-13_U2OS-Hoechst-H2AX_STC-11A-11B-Dox-BLO/Hoechst-H2AX.2026-02-13-21-50-52/Hoechst-H2AX_Plate_R_p00_0_E04f14d1.TIF","Doxorubicin","0.03","E04","D:/2026-02-13_U2OS-Hoechst-H2AX_STC-11A-11B-Dox-BLO/Hoechst-H2AX.2026-02-13-21-50-52","D:/2026-02-13_U2OS-Hoechst-H2AX_STC-11A-11B-Dox-BLO/Hoechst-H2AX.2026-02-13-21-50-52"
"528","D:/2026-02-13_U2OS-Hoechst-H2AX_STC-11A-11B-Dox-BLO/Hoechst-H2AX.2026-02-13-21-50-52/Hoechst-H2AX_Plate_R_p00_0_E04f15d0.TIF","D:/2026-02-13_U2OS-Hoechst-H2AX_STC-11A-11B-Dox-BLO/Hoechst-H2AX.2026-02-13-21-50-52/Hoechst-H2AX_Plate_R_p00_0_E04f15d1.TIF","Doxorubicin","0.03","E04","D:/2026-02-13_U2OS-Hoechst-H2AX_STC-11A-11B-Dox-BLO/Hoechst-H2AX.2026-02-13-21-50-52","D:/2026-02-13_U2OS-Hoechst-H2AX_STC-11A-11B-Dox-BLO/Hoechst-H2AX.2026-02-13-21-50-52"
"529","D:/2026-02-13_U2OS-Hoechst-H2AX_STC-11A-11B-Dox-BLO/Hoechst-H2AX.2026-02-13-21-50-52/Hoechst-H2AX_Plate_R_p00_0_E05f00d0.TIF","D:/2026-02-13_U2OS-Hoechst-H2AX_STC-11A-11B-Dox-BLO/Hoechst-H2AX.2026-02-13-21-50-52/Hoechst-H2AX_Plate_R_p00_0_E05f00d1.TIF","KCB25-11B","10","E05","D:/2026-02-13_U2OS-Hoechst-H2AX_STC-11A-11B-Dox-BLO/Hoechst-H2AX.2026-02-13-21-50-52","D:/2026-02-13_U2OS-Hoechst-H2AX_STC-11A-11B-Dox-BLO/Hoechst-H2AX.2026-02-13-21-50-52"
"530","D:/2026-02-13_U2OS-Hoechst-H2AX_STC-11A-11B-Dox-BLO/Hoechst-H2AX.2026-02-13-21-50-52/Hoechst-H2AX_Plate_R_p00_0_E05f01d0.TIF","D:/2026-02-13_U2OS-Hoechst-H2AX_STC-11A-11B-Dox-BLO/Hoechst-H2AX.2026-02-13-21-50-52/Hoechst-H2AX_Plate_R_p00_0_E05f01d1.TIF","KCB25-11B","10","E05","D:/2026-02-13_U2OS-Hoechst-H2AX_STC-11A-11B-Dox-BLO/Hoechst-H2AX.2026-02-13-21-50-52","D:/2026-02-13_U2OS-Hoechst-H2AX_STC-11A-11B-Dox-BLO/Hoechst-H2AX.2026-02-13-21-50-52"
"531","D:/2026-02-13_U2OS-Hoechst-H2AX_STC-11A-11B-Dox-BLO/Hoechst-H2AX.2026-02-13-21-50-52/Hoechst-H2AX_Plate_R_p00_0_E05f02d0.TIF","D:/2026-02-13_U2OS-Hoechst-H2AX_STC-11A-11B-Dox-BLO/Hoechst-H2AX.2026-02-13-21-50-52/Hoechst-H2AX_Plate_R_p00_0_E05f02d1.TIF","KCB25-11B","10","E05","D:/2026-02-13_U2OS-Hoechst-H2AX_STC-11A-11B-Dox-BLO/Hoechst-H2AX.2026-02-13-21-50-52","D:/2026-02-13_U2OS-Hoechst-H2AX_STC-11A-11B-Dox-BLO/Hoechst-H2AX.2026-02-13-21-50-52"
"532","D:/2026-02-13_U2OS-Hoechst-H2AX_STC-11A-11B-Dox-BLO/Hoechst-H2AX.2026-02-13-21-50-52/Hoechst-H2AX_Plate_R_p00_0_E05f03d0.TIF","D:/2026-02-13_U2OS-Hoechst-H2AX_STC-11A-11B-Dox-BLO/Hoechst-H2AX.2026-02-13-21-50-52/Hoechst-H2AX_Plate_R_p00_0_E05f03d1.TIF","KCB25-11B","10","E05","D:/2026-02-13_U2OS-Hoechst-H2AX_STC-11A-11B-Dox-BLO/Hoechst-H2AX.2026-02-13-21-50-52","D:/2026-02-13_U2OS-Hoechst-H2AX_STC-11A-11B-Dox-BLO/Hoechst-H2AX.2026-02-13-21-50-52"
"533","D:/2026-02-13_U2OS-Hoechst-H2AX_STC-11A-11B-Dox-BLO/Hoechst-H2AX.2026-02-13-21-50-52/Hoechst-H2AX_Plate_R_p00_0_E05f04d0.TIF","D:/2026-02-13_U2OS-Hoechst-H2AX_STC-11A-11B-Dox-BLO/Hoechst-H2AX.2026-02-13-21-50-52/Hoechst-H2AX_Plate_R_p00_0_E05f04d1.TIF","KCB25-11B","10","E05","D:/2026-02-13_U2OS-Hoechst-H2AX_STC-11A-11B-Dox-BLO/Hoechst-H2AX.2026-02-13-21-50-52","D:/2026-02-13_U2OS-Hoechst-H2AX_STC-11A-11B-Dox-BLO/Hoechst-H2AX.2026-02-13-21-50-52"
"534","D:/2026-02-13_U2OS-Hoechst-H2AX_STC-11A-11B-Dox-BLO/Hoechst-H2AX.2026-02-13-21-50-52/Hoechst-H2AX_Plate_R_p00_0_E05f05d0.TIF","D:/2026-02-13_U2OS-Hoechst-H2AX_STC-11A-11B-Dox-BLO/Hoechst-H2AX.2026-02-13-21-50-52/Hoechst-H2AX_Plate_R_p00_0_E05f05d1.TIF","KCB25-11B","10","E05","D:/2026-02-13_U2OS-Hoechst-H2AX_STC-11A-11B-Dox-BLO/Hoechst-H2AX.2026-02-13-21-50-52","D:/2026-02-13_U2OS-Hoechst-H2AX_STC-11A-11B-Dox-BLO/Hoechst-H2AX.2026-02-13-21-50-52"
"535","D:/2026-02-13_U2OS-Hoechst-H2AX_STC-11A-11B-Dox-BLO/Hoechst-H2AX.2026-02-13-21-50-52/Hoechst-H2AX_Plate_R_p00_0_E05f06d0.TIF","D:/2026-02-13_U2OS-Hoechst-H2AX_STC-11A-11B-Dox-BLO/Hoechst-H2AX.2026-02-13-21-50-52/Hoechst-H2AX_Plate_R_p00_0_E05f06d1.TIF","KCB25-11B","10","E05","D:/2026-02-13_U2OS-Hoechst-H2AX_STC-11A-11B-Dox-BLO/Hoechst-H2AX.2026-02-13-21-50-52","D:/2026-02-13_U2OS-Hoechst-H2AX_STC-11A-11B-Dox-BLO/Hoechst-H2AX.2026-02-13-21-50-52"
"536","D:/2026-02-13_U2OS-Hoechst-H2AX_STC-11A-11B-Dox-BLO/Hoechst-H2AX.2026-02-13-21-50-52/Hoechst-H2AX_Plate_R_p00_0_E05f07d0.TIF","D:/2026-02-13_U2OS-Hoechst-H2AX_STC-11A-11B-Dox-BLO/Hoechst-H2AX.2026-02-13-21-50-52/Hoechst-H2AX_Plate_R_p00_0_E05f07d1.TIF","KCB25-11B","10","E05","D:/2026-02-13_U2OS-Hoechst-H2AX_STC-11A-11B-Dox-BLO/Hoechst-H2AX.2026-02-13-21-50-52","D:/2026-02-13_U2OS-Hoechst-H2AX_STC-11A-11B-Dox-BLO/Hoechst-H2AX.2026-02-13-21-50-52"
"537","D:/2026-02-13_U2OS-Hoechst-H2AX_STC-11A-11B-Dox-BLO/Hoechst-H2AX.2026-02-13-21-50-52/Hoechst-H2AX_Plate_R_p00_0_E05f08d0.TIF","D:/2026-02-13_U2OS-Hoechst-H2AX_STC-11A-11B-Dox-BLO/Hoechst-H2AX.2026-02-13-21-50-52/Hoechst-H2AX_Plate_R_p00_0_E05f08d1.TIF","KCB25-11B","10","E05","D:/2026-02-13_U2OS-Hoechst-H2AX_STC-11A-11B-Dox-BLO/Hoechst-H2AX.2026-02-13-21-50-52","D:/2026-02-13_U2OS-Hoechst-H2AX_STC-11A-11B-Dox-BLO/Hoechst-H2AX.2026-02-13-21-50-52"
"538","D:/2026-02-13_U2OS-Hoechst-H2AX_STC-11A-11B-Dox-BLO/Hoechst-H2AX.2026-02-13-21-50-52/Hoechst-H2AX_Plate_R_p00_0_E05f09d0.TIF","D:/2026-02-13_U2OS-Hoechst-H2AX_STC-11A-11B-Dox-BLO/Hoechst-H2AX.2026-02-13-21-50-52/Hoechst-H2AX_Plate_R_p00_0_E05f09d1.TIF","KCB25-11B","10","E05","D:/2026-02-13_U2OS-Hoechst-H2AX_STC-11A-11B-Dox-BLO/Hoechst-H2AX.2026-02-13-21-50-52","D:/2026-02-13_U2OS-Hoechst-H2AX_STC-11A-11B-Dox-BLO/Hoechst-H2AX.2026-02-13-21-50-52"
"539","D:/2026-02-13_U2OS-Hoechst-H2AX_STC-11A-11B-Dox-BLO/Hoechst-H2AX.2026-02-13-21-50-52/Hoechst-H2AX_Plate_R_p00_0_E05f10d0.TIF","D:/2026-02-13_U2OS-Hoechst-H2AX_STC-11A-11B-Dox-BLO/Hoechst-H2AX.2026-02-13-21-50-52/Hoechst-H2AX_Plate_R_p00_0_E05f10d1.TIF","KCB25-11B","10","E05","D:/2026-02-13_U2OS-Hoechst-H2AX_STC-11A-11B-Dox-BLO/Hoechst-H2AX.2026-02-13-21-50-52","D:/2026-02-13_U2OS-Hoechst-H2AX_STC-11A-11B-Dox-BLO/Hoechst-H2AX.2026-02-13-21-50-52"
"540","D:/2026-02-13_U2OS-Hoechst-H2AX_STC-11A-11B-Dox-BLO/Hoechst-H2AX.2026-02-13-21-50-52/Hoechst-H2AX_Plate_R_p00_0_E05f11d0.TIF","D:/2026-02-13_U2OS-Hoechst-H2AX_STC-11A-11B-Dox-BLO/Hoechst-H2AX.2026-02-13-21-50-52/Hoechst-H2AX_Plate_R_p00_0_E05f11d1.TIF","KCB25-11B","10","E05","D:/2026-02-13_U2OS-Hoechst-H2AX_STC-11A-11B-Dox-BLO/Hoechst-H2AX.2026-02-13-21-50-52","D:/2026-02-13_U2OS-Hoechst-H2AX_STC-11A-11B-Dox-BLO/Hoechst-H2AX.2026-02-13-21-50-52"
"541","D:/2026-02-13_U2OS-Hoechst-H2AX_STC-11A-11B-Dox-BLO/Hoechst-H2AX.2026-02-13-21-50-52/Hoechst-H2AX_Plate_R_p00_0_E05f12d0.TIF","D:/2026-02-13_U2OS-Hoechst-H2AX_STC-11A-11B-Dox-BLO/Hoechst-H2AX.2026-02-13-21-50-52/Hoechst-H2AX_Plate_R_p00_0_E05f12d1.TIF","KCB25-11B","10","E05","D:/2026-02-13_U2OS-Hoechst-H2AX_STC-11A-11B-Dox-BLO/Hoechst-H2AX.2026-02-13-21-50-52","D:/2026-02-13_U2OS-Hoechst-H2AX_STC-11A-11B-Dox-BLO/Hoechst-H2AX.2026-02-13-21-50-52"
"542","D:/2026-02-13_U2OS-Hoechst-H2AX_STC-11A-11B-Dox-BLO/Hoechst-H2AX.2026-02-13-21-50-52/Hoechst-H2AX_Plate_R_p00_0_E05f13d0.TIF","D:/2026-02-13_U2OS-Hoechst-H2AX_STC-11A-11B-Dox-BLO/Hoechst-H2AX.2026-02-13-21-50-52/Hoechst-H2AX_Plate_R_p00_0_E05f13d1.TIF","KCB25-11B","10","E05","D:/2026-02-13_U2OS-Hoechst-H2AX_STC-11A-11B-Dox-BLO/Hoechst-H2AX.2026-02-13-21-50-52","D:/2026-02-13_U2OS-Hoechst-H2AX_STC-11A-11B-Dox-BLO/Hoechst-H2AX.2026-02-13-21-50-52"
"543","D:/2026-02-13_U2OS-Hoechst-H2AX_STC-11A-11B-Dox-BLO/Hoechst-H2AX.2026-02-13-21-50-52/Hoechst-H2AX_Plate_R_p00_0_E05f14d0.TIF","D:/2026-02-13_U2OS-Hoechst-H2AX_STC-11A-11B-Dox-BLO/Hoechst-H2AX.2026-02-13-21-50-52/Hoechst-H2AX_Plate_R_p00_0_E05f14d1.TIF","KCB25-11B","10","E05","D:/2026-02-13_U2OS-Hoechst-H2AX_STC-11A-11B-Dox-BLO/Hoechst-H2AX.2026-02-13-21-50-52","D:/2026-02-13_U2OS-Hoechst-H2AX_STC-11A-11B-Dox-BLO/Hoechst-H2AX.2026-02-13-21-50-52"
"544","D:/2026-02-13_U2OS-Hoechst-H2AX_STC-11A-11B-Dox-BLO/Hoechst-H2AX.2026-02-13-21-50-52/Hoechst-H2AX_Plate_R_p00_0_E05f15d0.TIF","D:/2026-02-13_U2OS-Hoechst-H2AX_STC-11A-11B-Dox-BLO/Hoechst-H2AX.2026-02-13-21-50-52/Hoechst-H2AX_Plate_R_p00_0_E05f15d1.TIF","KCB25-11B","10","E05","D:/2026-02-13_U2OS-Hoechst-H2AX_STC-11A-11B-Dox-BLO/Hoechst-H2AX.2026-02-13-21-50-52","D:/2026-02-13_U2OS-Hoechst-H2AX_STC-11A-11B-Dox-BLO/Hoechst-H2AX.2026-02-13-21-50-52"
"545","D:/2026-02-13_U2OS-Hoechst-H2AX_STC-11A-11B-Dox-BLO/Hoechst-H2AX.2026-02-13-21-50-52/Hoechst-H2AX_Plate_R_p00_0_E06f00d0.TIF","D:/2026-02-13_U2OS-Hoechst-H2AX_STC-11A-11B-Dox-BLO/Hoechst-H2AX.2026-02-13-21-50-52/Hoechst-H2AX_Plate_R_p00_0_E06f00d1.TIF","KCB25-11B","3","E06","D:/2026-02-13_U2OS-Hoechst-H2AX_STC-11A-11B-Dox-BLO/Hoechst-H2AX.2026-02-13-21-50-52","D:/2026-02-13_U2OS-Hoechst-H2AX_STC-11A-11B-Dox-BLO/Hoechst-H2AX.2026-02-13-21-50-52"
"546","D:/2026-02-13_U2OS-Hoechst-H2AX_STC-11A-11B-Dox-BLO/Hoechst-H2AX.2026-02-13-21-50-52/Hoechst-H2AX_Plate_R_p00_0_E06f01d0.TIF","D:/2026-02-13_U2OS-Hoechst-H2AX_STC-11A-11B-Dox-BLO/Hoechst-H2AX.2026-02-13-21-50-52/Hoechst-H2AX_Plate_R_p00_0_E06f01d1.TIF","KCB25-11B","3","E06","D:/2026-02-13_U2OS-Hoechst-H2AX_STC-11A-11B-Dox-BLO/Hoechst-H2AX.2026-02-13-21-50-52","D:/2026-02-13_U2OS-Hoechst-H2AX_STC-11A-11B-Dox-BLO/Hoechst-H2AX.2026-02-13-21-50-52"
"547","D:/2026-02-13_U2OS-Hoechst-H2AX_STC-11A-11B-Dox-BLO/Hoechst-H2AX.2026-02-13-21-50-52/Hoechst-H2AX_Plate_R_p00_0_E06f02d0.TIF","D:/2026-02-13_U2OS-Hoechst-H2AX_STC-11A-11B-Dox-BLO/Hoechst-H2AX.2026-02-13-21-50-52/Hoechst-H2AX_Plate_R_p00_0_E06f02d1.TIF","KCB25-11B","3","E06","D:/2026-02-13_U2OS-Hoechst-H2AX_STC-11A-11B-Dox-BLO/Hoechst-H2AX.2026-02-13-21-50-52","D:/2026-02-13_U2OS-Hoechst-H2AX_STC-11A-11B-Dox-BLO/Hoechst-H2AX.2026-02-13-21-50-52"
"548","D:/2026-02-13_U2OS-Hoechst-H2AX_STC-11A-11B-Dox-BLO/Hoechst-H2AX.2026-02-13-21-50-52/Hoechst-H2AX_Plate_R_p00_0_E06f03d0.TIF","D:/2026-02-13_U2OS-Hoechst-H2AX_STC-11A-11B-Dox-BLO/Hoechst-H2AX.2026-02-13-21-50-52/Hoechst-H2AX_Plate_R_p00_0_E06f03d1.TIF","KCB25-11B","3","E06","D:/2026-02-13_U2OS-Hoechst-H2AX_STC-11A-11B-Dox-BLO/Hoechst-H2AX.2026-02-13-21-50-52","D:/2026-02-13_U2OS-Hoechst-H2AX_STC-11A-11B-Dox-BLO/Hoechst-H2AX.2026-02-13-21-50-52"
"549","D:/2026-02-13_U2OS-Hoechst-H2AX_STC-11A-11B-Dox-BLO/Hoechst-H2AX.2026-02-13-21-50-52/Hoechst-H2AX_Plate_R_p00_0_E06f04d0.TIF","D:/2026-02-13_U2OS-Hoechst-H2AX_STC-11A-11B-Dox-BLO/Hoechst-H2AX.2026-02-13-21-50-52/Hoechst-H2AX_Plate_R_p00_0_E06f04d1.TIF","KCB25-11B","3","E06","D:/2026-02-13_U2OS-Hoechst-H2AX_STC-11A-11B-Dox-BLO/Hoechst-H2AX.2026-02-13-21-50-52","D:/2026-02-13_U2OS-Hoechst-H2AX_STC-11A-11B-Dox-BLO/Hoechst-H2AX.2026-02-13-21-50-52"
"550","D:/2026-02-13_U2OS-Hoechst-H2AX_STC-11A-11B-Dox-BLO/Hoechst-H2AX.2026-02-13-21-50-52/Hoechst-H2AX_Plate_R_p00_0_E06f05d0.TIF","D:/2026-02-13_U2OS-Hoechst-H2AX_STC-11A-11B-Dox-BLO/Hoechst-H2AX.2026-02-13-21-50-52/Hoechst-H2AX_Plate_R_p00_0_E06f05d1.TIF","KCB25-11B","3","E06","D:/2026-02-13_U2OS-Hoechst-H2AX_STC-11A-11B-Dox-BLO/Hoechst-H2AX.2026-02-13-21-50-52","D:/2026-02-13_U2OS-Hoechst-H2AX_STC-11A-11B-Dox-BLO/Hoechst-H2AX.2026-02-13-21-50-52"
"551","D:/2026-02-13_U2OS-Hoechst-H2AX_STC-11A-11B-Dox-BLO/Hoechst-H2AX.2026-02-13-21-50-52/Hoechst-H2AX_Plate_R_p00_0_E06f06d0.TIF","D:/2026-02-13_U2OS-Hoechst-H2AX_STC-11A-11B-Dox-BLO/Hoechst-H2AX.2026-02-13-21-50-52/Hoechst-H2AX_Plate_R_p00_0_E06f06d1.TIF","KCB25-11B","3","E06","D:/2026-02-13_U2OS-Hoechst-H2AX_STC-11A-11B-Dox-BLO/Hoechst-H2AX.2026-02-13-21-50-52","D:/2026-02-13_U2OS-Hoechst-H2AX_STC-11A-11B-Dox-BLO/Hoechst-H2AX.2026-02-13-21-50-52"
"552","D:/2026-02-13_U2OS-Hoechst-H2AX_STC-11A-11B-Dox-BLO/Hoechst-H2AX.2026-02-13-21-50-52/Hoechst-H2AX_Plate_R_p00_0_E06f07d0.TIF","D:/2026-02-13_U2OS-Hoechst-H2AX_STC-11A-11B-Dox-BLO/Hoechst-H2AX.2026-02-13-21-50-52/Hoechst-H2AX_Plate_R_p00_0_E06f07d1.TIF","KCB25-11B","3","E06","D:/2026-02-13_U2OS-Hoechst-H2AX_STC-11A-11B-Dox-BLO/Hoechst-H2AX.2026-02-13-21-50-52","D:/2026-02-13_U2OS-Hoechst-H2AX_STC-11A-11B-Dox-BLO/Hoechst-H2AX.2026-02-13-21-50-52"
"553","D:/2026-02-13_U2OS-Hoechst-H2AX_STC-11A-11B-Dox-BLO/Hoechst-H2AX.2026-02-13-21-50-52/Hoechst-H2AX_Plate_R_p00_0_E06f08d0.TIF","D:/2026-02-13_U2OS-Hoechst-H2AX_STC-11A-11B-Dox-BLO/Hoechst-H2AX.2026-02-13-21-50-52/Hoechst-H2AX_Plate_R_p00_0_E06f08d1.TIF","KCB25-11B","3","E06","D:/2026-02-13_U2OS-Hoechst-H2AX_STC-11A-11B-Dox-BLO/Hoechst-H2AX.2026-02-13-21-50-52","D:/2026-02-13_U2OS-Hoechst-H2AX_STC-11A-11B-Dox-BLO/Hoechst-H2AX.2026-02-13-21-50-52"
"554","D:/2026-02-13_U2OS-Hoechst-H2AX_STC-11A-11B-Dox-BLO/Hoechst-H2AX.2026-02-13-21-50-52/Hoechst-H2AX_Plate_R_p00_0_E06f09d0.TIF","D:/2026-02-13_U2OS-Hoechst-H2AX_STC-11A-11B-Dox-BLO/Hoechst-H2AX.2026-02-13-21-50-52/Hoechst-H2AX_Plate_R_p00_0_E06f09d1.TIF","KCB25-11B","3","E06","D:/2026-02-13_U2OS-Hoechst-H2AX_STC-11A-11B-Dox-BLO/Hoechst-H2AX.2026-02-13-21-50-52","D:/2026-02-13_U2OS-Hoechst-H2AX_STC-11A-11B-Dox-BLO/Hoechst-H2AX.2026-02-13-21-50-52"
"555","D:/2026-02-13_U2OS-Hoechst-H2AX_STC-11A-11B-Dox-BLO/Hoechst-H2AX.2026-02-13-21-50-52/Hoechst-H2AX_Plate_R_p00_0_E06f10d0.TIF","D:/2026-02-13_U2OS-Hoechst-H2AX_STC-11A-11B-Dox-BLO/Hoechst-H2AX.2026-02-13-21-50-52/Hoechst-H2AX_Plate_R_p00_0_E06f10d1.TIF","KCB25-11B","3","E06","D:/2026-02-13_U2OS-Hoechst-H2AX_STC-11A-11B-Dox-BLO/Hoechst-H2AX.2026-02-13-21-50-52","D:/2026-02-13_U2OS-Hoechst-H2AX_STC-11A-11B-Dox-BLO/Hoechst-H2AX.2026-02-13-21-50-52"
"556","D:/2026-02-13_U2OS-Hoechst-H2AX_STC-11A-11B-Dox-BLO/Hoechst-H2AX.2026-02-13-21-50-52/Hoechst-H2AX_Plate_R_p00_0_E06f11d0.TIF","D:/2026-02-13_U2OS-Hoechst-H2AX_STC-11A-11B-Dox-BLO/Hoechst-H2AX.2026-02-13-21-50-52/Hoechst-H2AX_Plate_R_p00_0_E06f11d1.TIF","KCB25-11B","3","E06","D:/2026-02-13_U2OS-Hoechst-H2AX_STC-11A-11B-Dox-BLO/Hoechst-H2AX.2026-02-13-21-50-52","D:/2026-02-13_U2OS-Hoechst-H2AX_STC-11A-11B-Dox-BLO/Hoechst-H2AX.2026-02-13-21-50-52"
"557","D:/2026-02-13_U2OS-Hoechst-H2AX_STC-11A-11B-Dox-BLO/Hoechst-H2AX.2026-02-13-21-50-52/Hoechst-H2AX_Plate_R_p00_0_E06f12d0.TIF","D:/2026-02-13_U2OS-Hoechst-H2AX_STC-11A-11B-Dox-BLO/Hoechst-H2AX.2026-02-13-21-50-52/Hoechst-H2AX_Plate_R_p00_0_E06f12d1.TIF","KCB25-11B","3","E06","D:/2026-02-13_U2OS-Hoechst-H2AX_STC-11A-11B-Dox-BLO/Hoechst-H2AX.2026-02-13-21-50-52","D:/2026-02-13_U2OS-Hoechst-H2AX_STC-11A-11B-Dox-BLO/Hoechst-H2AX.2026-02-13-21-50-52"
"558","D:/2026-02-13_U2OS-Hoechst-H2AX_STC-11A-11B-Dox-BLO/Hoechst-H2AX.2026-02-13-21-50-52/Hoechst-H2AX_Plate_R_p00_0_E06f13d0.TIF","D:/2026-02-13_U2OS-Hoechst-H2AX_STC-11A-11B-Dox-BLO/Hoechst-H2AX.2026-02-13-21-50-52/Hoechst-H2AX_Plate_R_p00_0_E06f13d1.TIF","KCB25-11B","3","E06","D:/2026-02-13_U2OS-Hoechst-H2AX_STC-11A-11B-Dox-BLO/Hoechst-H2AX.2026-02-13-21-50-52","D:/2026-02-13_U2OS-Hoechst-H2AX_STC-11A-11B-Dox-BLO/Hoechst-H2AX.2026-02-13-21-50-52"
"559","D:/2026-02-13_U2OS-Hoechst-H2AX_STC-11A-11B-Dox-BLO/Hoechst-H2AX.2026-02-13-21-50-52/Hoechst-H2AX_Plate_R_p00_0_E06f14d0.TIF","D:/2026-02-13_U2OS-Hoechst-H2AX_STC-11A-11B-Dox-BLO/Hoechst-H2AX.2026-02-13-21-50-52/Hoechst-H2AX_Plate_R_p00_0_E06f14d1.TIF","KCB25-11B","3","E06","D:/2026-02-13_U2OS-Hoechst-H2AX_STC-11A-11B-Dox-BLO/Hoechst-H2AX.2026-02-13-21-50-52","D:/2026-02-13_U2OS-Hoechst-H2AX_STC-11A-11B-Dox-BLO/Hoechst-H2AX.2026-02-13-21-50-52"
"560","D:/2026-02-13_U2OS-Hoechst-H2AX_STC-11A-11B-Dox-BLO/Hoechst-H2AX.2026-02-13-21-50-52/Hoechst-H2AX_Plate_R_p00_0_E06f15d0.TIF","D:/2026-02-13_U2OS-Hoechst-H2AX_STC-11A-11B-Dox-BLO/Hoechst-H2AX.2026-02-13-21-50-52/Hoechst-H2AX_Plate_R_p00_0_E06f15d1.TIF","KCB25-11B","3","E06","D:/2026-02-13_U2OS-Hoechst-H2AX_STC-11A-11B-Dox-BLO/Hoechst-H2AX.2026-02-13-21-50-52","D:/2026-02-13_U2OS-Hoechst-H2AX_STC-11A-11B-Dox-BLO/Hoechst-H2AX.2026-02-13-21-50-52"
"561","D:/2026-02-13_U2OS-Hoechst-H2AX_STC-11A-11B-Dox-BLO/Hoechst-H2AX.2026-02-13-21-50-52/Hoechst-H2AX_Plate_R_p00_0_E07f00d0.TIF","D:/2026-02-13_U2OS-Hoechst-H2AX_STC-11A-11B-Dox-BLO/Hoechst-H2AX.2026-02-13-21-50-52/Hoechst-H2AX_Plate_R_p00_0_E07f00d1.TIF","KCB25-11B","1","E07","D:/2026-02-13_U2OS-Hoechst-H2AX_STC-11A-11B-Dox-BLO/Hoechst-H2AX.2026-02-13-21-50-52","D:/2026-02-13_U2OS-Hoechst-H2AX_STC-11A-11B-Dox-BLO/Hoechst-H2AX.2026-02-13-21-50-52"
"562","D:/2026-02-13_U2OS-Hoechst-H2AX_STC-11A-11B-Dox-BLO/Hoechst-H2AX.2026-02-13-21-50-52/Hoechst-H2AX_Plate_R_p00_0_E07f01d0.TIF","D:/2026-02-13_U2OS-Hoechst-H2AX_STC-11A-11B-Dox-BLO/Hoechst-H2AX.2026-02-13-21-50-52/Hoechst-H2AX_Plate_R_p00_0_E07f01d1.TIF","KCB25-11B","1","E07","D:/2026-02-13_U2OS-Hoechst-H2AX_STC-11A-11B-Dox-BLO/Hoechst-H2AX.2026-02-13-21-50-52","D:/2026-02-13_U2OS-Hoechst-H2AX_STC-11A-11B-Dox-BLO/Hoechst-H2AX.2026-02-13-21-50-52"
"563","D:/2026-02-13_U2OS-Hoechst-H2AX_STC-11A-11B-Dox-BLO/Hoechst-H2AX.2026-02-13-21-50-52/Hoechst-H2AX_Plate_R_p00_0_E07f02d0.TIF","D:/2026-02-13_U2OS-Hoechst-H2AX_STC-11A-11B-Dox-BLO/Hoechst-H2AX.2026-02-13-21-50-52/Hoechst-H2AX_Plate_R_p00_0_E07f02d1.TIF","KCB25-11B","1","E07","D:/2026-02-13_U2OS-Hoechst-H2AX_STC-11A-11B-Dox-BLO/Hoechst-H2AX.2026-02-13-21-50-52","D:/2026-02-13_U2OS-Hoechst-H2AX_STC-11A-11B-Dox-BLO/Hoechst-H2AX.2026-02-13-21-50-52"
"564","D:/2026-02-13_U2OS-Hoechst-H2AX_STC-11A-11B-Dox-BLO/Hoechst-H2AX.2026-02-13-21-50-52/Hoechst-H2AX_Plate_R_p00_0_E07f03d0.TIF","D:/2026-02-13_U2OS-Hoechst-H2AX_STC-11A-11B-Dox-BLO/Hoechst-H2AX.2026-02-13-21-50-52/Hoechst-H2AX_Plate_R_p00_0_E07f03d1.TIF","KCB25-11B","1","E07","D:/2026-02-13_U2OS-Hoechst-H2AX_STC-11A-11B-Dox-BLO/Hoechst-H2AX.2026-02-13-21-50-52","D:/2026-02-13_U2OS-Hoechst-H2AX_STC-11A-11B-Dox-BLO/Hoechst-H2AX.2026-02-13-21-50-52"
"565","D:/2026-02-13_U2OS-Hoechst-H2AX_STC-11A-11B-Dox-BLO/Hoechst-H2AX.2026-02-13-21-50-52/Hoechst-H2AX_Plate_R_p00_0_E07f04d0.TIF","D:/2026-02-13_U2OS-Hoechst-H2AX_STC-11A-11B-Dox-BLO/Hoechst-H2AX.2026-02-13-21-50-52/Hoechst-H2AX_Plate_R_p00_0_E07f04d1.TIF","KCB25-11B","1","E07","D:/2026-02-13_U2OS-Hoechst-H2AX_STC-11A-11B-Dox-BLO/Hoechst-H2AX.2026-02-13-21-50-52","D:/2026-02-13_U2OS-Hoechst-H2AX_STC-11A-11B-Dox-BLO/Hoechst-H2AX.2026-02-13-21-50-52"
"566","D:/2026-02-13_U2OS-Hoechst-H2AX_STC-11A-11B-Dox-BLO/Hoechst-H2AX.2026-02-13-21-50-52/Hoechst-H2AX_Plate_R_p00_0_E07f05d0.TIF","D:/2026-02-13_U2OS-Hoechst-H2AX_STC-11A-11B-Dox-BLO/Hoechst-H2AX.2026-02-13-21-50-52/Hoechst-H2AX_Plate_R_p00_0_E07f05d1.TIF","KCB25-11B","1","E07","D:/2026-02-13_U2OS-Hoechst-H2AX_STC-11A-11B-Dox-BLO/Hoechst-H2AX.2026-02-13-21-50-52","D:/2026-02-13_U2OS-Hoechst-H2AX_STC-11A-11B-Dox-BLO/Hoechst-H2AX.2026-02-13-21-50-52"
"567","D:/2026-02-13_U2OS-Hoechst-H2AX_STC-11A-11B-Dox-BLO/Hoechst-H2AX.2026-02-13-21-50-52/Hoechst-H2AX_Plate_R_p00_0_E07f06d0.TIF","D:/2026-02-13_U2OS-Hoechst-H2AX_STC-11A-11B-Dox-BLO/Hoechst-H2AX.2026-02-13-21-50-52/Hoechst-H2AX_Plate_R_p00_0_E07f06d1.TIF","KCB25-11B","1","E07","D:/2026-02-13_U2OS-Hoechst-H2AX_STC-11A-11B-Dox-BLO/Hoechst-H2AX.2026-02-13-21-50-52","D:/2026-02-13_U2OS-Hoechst-H2AX_STC-11A-11B-Dox-BLO/Hoechst-H2AX.2026-02-13-21-50-52"
"568","D:/2026-02-13_U2OS-Hoechst-H2AX_STC-11A-11B-Dox-BLO/Hoechst-H2AX.2026-02-13-21-50-52/Hoechst-H2AX_Plate_R_p00_0_E07f07d0.TIF","D:/2026-02-13_U2OS-Hoechst-H2AX_STC-11A-11B-Dox-BLO/Hoechst-H2AX.2026-02-13-21-50-52/Hoechst-H2AX_Plate_R_p00_0_E07f07d1.TIF","KCB25-11B","1","E07","D:/2026-02-13_U2OS-Hoechst-H2AX_STC-11A-11B-Dox-BLO/Hoechst-H2AX.2026-02-13-21-50-52","D:/2026-02-13_U2OS-Hoechst-H2AX_STC-11A-11B-Dox-BLO/Hoechst-H2AX.2026-02-13-21-50-52"
"569","D:/2026-02-13_U2OS-Hoechst-H2AX_STC-11A-11B-Dox-BLO/Hoechst-H2AX.2026-02-13-21-50-52/Hoechst-H2AX_Plate_R_p00_0_E07f08d0.TIF","D:/2026-02-13_U2OS-Hoechst-H2AX_STC-11A-11B-Dox-BLO/Hoechst-H2AX.2026-02-13-21-50-52/Hoechst-H2AX_Plate_R_p00_0_E07f08d1.TIF","KCB25-11B","1","E07","D:/2026-02-13_U2OS-Hoechst-H2AX_STC-11A-11B-Dox-BLO/Hoechst-H2AX.2026-02-13-21-50-52","D:/2026-02-13_U2OS-Hoechst-H2AX_STC-11A-11B-Dox-BLO/Hoechst-H2AX.2026-02-13-21-50-52"
"570","D:/2026-02-13_U2OS-Hoechst-H2AX_STC-11A-11B-Dox-BLO/Hoechst-H2AX.2026-02-13-21-50-52/Hoechst-H2AX_Plate_R_p00_0_E07f09d0.TIF","D:/2026-02-13_U2OS-Hoechst-H2AX_STC-11A-11B-Dox-BLO/Hoechst-H2AX.2026-02-13-21-50-52/Hoechst-H2AX_Plate_R_p00_0_E07f09d1.TIF","KCB25-11B","1","E07","D:/2026-02-13_U2OS-Hoechst-H2AX_STC-11A-11B-Dox-BLO/Hoechst-H2AX.2026-02-13-21-50-52","D:/2026-02-13_U2OS-Hoechst-H2AX_STC-11A-11B-Dox-BLO/Hoechst-H2AX.2026-02-13-21-50-52"
"571","D:/2026-02-13_U2OS-Hoechst-H2AX_STC-11A-11B-Dox-BLO/Hoechst-H2AX.2026-02-13-21-50-52/Hoechst-H2AX_Plate_R_p00_0_E07f10d0.TIF","D:/2026-02-13_U2OS-Hoechst-H2AX_STC-11A-11B-Dox-BLO/Hoechst-H2AX.2026-02-13-21-50-52/Hoechst-H2AX_Plate_R_p00_0_E07f10d1.TIF","KCB25-11B","1","E07","D:/2026-02-13_U2OS-Hoechst-H2AX_STC-11A-11B-Dox-BLO/Hoechst-H2AX.2026-02-13-21-50-52","D:/2026-02-13_U2OS-Hoechst-H2AX_STC-11A-11B-Dox-BLO/Hoechst-H2AX.2026-02-13-21-50-52"
"572","D:/2026-02-13_U2OS-Hoechst-H2AX_STC-11A-11B-Dox-BLO/Hoechst-H2AX.2026-02-13-21-50-52/Hoechst-H2AX_Plate_R_p00_0_E07f11d0.TIF","D:/2026-02-13_U2OS-Hoechst-H2AX_STC-11A-11B-Dox-BLO/Hoechst-H2AX.2026-02-13-21-50-52/Hoechst-H2AX_Plate_R_p00_0_E07f11d1.TIF","KCB25-11B","1","E07","D:/2026-02-13_U2OS-Hoechst-H2AX_STC-11A-11B-Dox-BLO/Hoechst-H2AX.2026-02-13-21-50-52","D:/2026-02-13_U2OS-Hoechst-H2AX_STC-11A-11B-Dox-BLO/Hoechst-H2AX.2026-02-13-21-50-52"
"573","D:/2026-02-13_U2OS-Hoechst-H2AX_STC-11A-11B-Dox-BLO/Hoechst-H2AX.2026-02-13-21-50-52/Hoechst-H2AX_Plate_R_p00_0_E07f12d0.TIF","D:/2026-02-13_U2OS-Hoechst-H2AX_STC-11A-11B-Dox-BLO/Hoechst-H2AX.2026-02-13-21-50-52/Hoechst-H2AX_Plate_R_p00_0_E07f12d1.TIF","KCB25-11B","1","E07","D:/2026-02-13_U2OS-Hoechst-H2AX_STC-11A-11B-Dox-BLO/Hoechst-H2AX.2026-02-13-21-50-52","D:/2026-02-13_U2OS-Hoechst-H2AX_STC-11A-11B-Dox-BLO/Hoechst-H2AX.2026-02-13-21-50-52"
"574","D:/2026-02-13_U2OS-Hoechst-H2AX_STC-11A-11B-Dox-BLO/Hoechst-H2AX.2026-02-13-21-50-52/Hoechst-H2AX_Plate_R_p00_0_E07f13d0.TIF","D:/2026-02-13_U2OS-Hoechst-H2AX_STC-11A-11B-Dox-BLO/Hoechst-H2AX.2026-02-13-21-50-52/Hoechst-H2AX_Plate_R_p00_0_E07f13d1.TIF","KCB25-11B","1","E07","D:/2026-02-13_U2OS-Hoechst-H2AX_STC-11A-11B-Dox-BLO/Hoechst-H2AX.2026-02-13-21-50-52","D:/2026-02-13_U2OS-Hoechst-H2AX_STC-11A-11B-Dox-BLO/Hoechst-H2AX.2026-02-13-21-50-52"
"575","D:/2026-02-13_U2OS-Hoechst-H2AX_STC-11A-11B-Dox-BLO/Hoechst-H2AX.2026-02-13-21-50-52/Hoechst-H2AX_Plate_R_p00_0_E07f14d0.TIF","D:/2026-02-13_U2OS-Hoechst-H2AX_STC-11A-11B-Dox-BLO/Hoechst-H2AX.2026-02-13-21-50-52/Hoechst-H2AX_Plate_R_p00_0_E07f14d1.TIF","KCB25-11B","1","E07","D:/2026-02-13_U2OS-Hoechst-H2AX_STC-11A-11B-Dox-BLO/Hoechst-H2AX.2026-02-13-21-50-52","D:/2026-02-13_U2OS-Hoechst-H2AX_STC-11A-11B-Dox-BLO/Hoechst-H2AX.2026-02-13-21-50-52"
"576","D:/2026-02-13_U2OS-Hoechst-H2AX_STC-11A-11B-Dox-BLO/Hoechst-H2AX.2026-02-13-21-50-52/Hoechst-H2AX_Plate_R_p00_0_E07f15d0.TIF","D:/2026-02-13_U2OS-Hoechst-H2AX_STC-11A-11B-Dox-BLO/Hoechst-H2AX.2026-02-13-21-50-52/Hoechst-H2AX_Plate_R_p00_0_E07f15d1.TIF","KCB25-11B","1","E07","D:/2026-02-13_U2OS-Hoechst-H2AX_STC-11A-11B-Dox-BLO/Hoechst-H2AX.2026-02-13-21-50-52","D:/2026-02-13_U2OS-Hoechst-H2AX_STC-11A-11B-Dox-BLO/Hoechst-H2AX.2026-02-13-21-50-52"
"577","D:/2026-02-13_U2OS-Hoechst-H2AX_STC-11A-11B-Dox-BLO/Hoechst-H2AX.2026-02-13-21-50-52/Hoechst-H2AX_Plate_R_p00_0_E08f00d0.TIF","D:/2026-02-13_U2OS-Hoechst-H2AX_STC-11A-11B-Dox-BLO/Hoechst-H2AX.2026-02-13-21-50-52/Hoechst-H2AX_Plate_R_p00_0_E08f00d1.TIF","KCB25-11B","0.3","E08","D:/2026-02-13_U2OS-Hoechst-H2AX_STC-11A-11B-Dox-BLO/Hoechst-H2AX.2026-02-13-21-50-52","D:/2026-02-13_U2OS-Hoechst-H2AX_STC-11A-11B-Dox-BLO/Hoechst-H2AX.2026-02-13-21-50-52"
"578","D:/2026-02-13_U2OS-Hoechst-H2AX_STC-11A-11B-Dox-BLO/Hoechst-H2AX.2026-02-13-21-50-52/Hoechst-H2AX_Plate_R_p00_0_E08f01d0.TIF","D:/2026-02-13_U2OS-Hoechst-H2AX_STC-11A-11B-Dox-BLO/Hoechst-H2AX.2026-02-13-21-50-52/Hoechst-H2AX_Plate_R_p00_0_E08f01d1.TIF","KCB25-11B","0.3","E08","D:/2026-02-13_U2OS-Hoechst-H2AX_STC-11A-11B-Dox-BLO/Hoechst-H2AX.2026-02-13-21-50-52","D:/2026-02-13_U2OS-Hoechst-H2AX_STC-11A-11B-Dox-BLO/Hoechst-H2AX.2026-02-13-21-50-52"
"579","D:/2026-02-13_U2OS-Hoechst-H2AX_STC-11A-11B-Dox-BLO/Hoechst-H2AX.2026-02-13-21-50-52/Hoechst-H2AX_Plate_R_p00_0_E08f02d0.TIF","D:/2026-02-13_U2OS-Hoechst-H2AX_STC-11A-11B-Dox-BLO/Hoechst-H2AX.2026-02-13-21-50-52/Hoechst-H2AX_Plate_R_p00_0_E08f02d1.TIF","KCB25-11B","0.3","E08","D:/2026-02-13_U2OS-Hoechst-H2AX_STC-11A-11B-Dox-BLO/Hoechst-H2AX.2026-02-13-21-50-52","D:/2026-02-13_U2OS-Hoechst-H2AX_STC-11A-11B-Dox-BLO/Hoechst-H2AX.2026-02-13-21-50-52"
"580","D:/2026-02-13_U2OS-Hoechst-H2AX_STC-11A-11B-Dox-BLO/Hoechst-H2AX.2026-02-13-21-50-52/Hoechst-H2AX_Plate_R_p00_0_E08f03d0.TIF","D:/2026-02-13_U2OS-Hoechst-H2AX_STC-11A-11B-Dox-BLO/Hoechst-H2AX.2026-02-13-21-50-52/Hoechst-H2AX_Plate_R_p00_0_E08f03d1.TIF","KCB25-11B","0.3","E08","D:/2026-02-13_U2OS-Hoechst-H2AX_STC-11A-11B-Dox-BLO/Hoechst-H2AX.2026-02-13-21-50-52","D:/2026-02-13_U2OS-Hoechst-H2AX_STC-11A-11B-Dox-BLO/Hoechst-H2AX.2026-02-13-21-50-52"
"581","D:/2026-02-13_U2OS-Hoechst-H2AX_STC-11A-11B-Dox-BLO/Hoechst-H2AX.2026-02-13-21-50-52/Hoechst-H2AX_Plate_R_p00_0_E08f04d0.TIF","D:/2026-02-13_U2OS-Hoechst-H2AX_STC-11A-11B-Dox-BLO/Hoechst-H2AX.2026-02-13-21-50-52/Hoechst-H2AX_Plate_R_p00_0_E08f04d1.TIF","KCB25-11B","0.3","E08","D:/2026-02-13_U2OS-Hoechst-H2AX_STC-11A-11B-Dox-BLO/Hoechst-H2AX.2026-02-13-21-50-52","D:/2026-02-13_U2OS-Hoechst-H2AX_STC-11A-11B-Dox-BLO/Hoechst-H2AX.2026-02-13-21-50-52"
"582","D:/2026-02-13_U2OS-Hoechst-H2AX_STC-11A-11B-Dox-BLO/Hoechst-H2AX.2026-02-13-21-50-52/Hoechst-H2AX_Plate_R_p00_0_E08f05d0.TIF","D:/2026-02-13_U2OS-Hoechst-H2AX_STC-11A-11B-Dox-BLO/Hoechst-H2AX.2026-02-13-21-50-52/Hoechst-H2AX_Plate_R_p00_0_E08f05d1.TIF","KCB25-11B","0.3","E08","D:/2026-02-13_U2OS-Hoechst-H2AX_STC-11A-11B-Dox-BLO/Hoechst-H2AX.2026-02-13-21-50-52","D:/2026-02-13_U2OS-Hoechst-H2AX_STC-11A-11B-Dox-BLO/Hoechst-H2AX.2026-02-13-21-50-52"
"583","D:/2026-02-13_U2OS-Hoechst-H2AX_STC-11A-11B-Dox-BLO/Hoechst-H2AX.2026-02-13-21-50-52/Hoechst-H2AX_Plate_R_p00_0_E08f06d0.TIF","D:/2026-02-13_U2OS-Hoechst-H2AX_STC-11A-11B-Dox-BLO/Hoechst-H2AX.2026-02-13-21-50-52/Hoechst-H2AX_Plate_R_p00_0_E08f06d1.TIF","KCB25-11B","0.3","E08","D:/2026-02-13_U2OS-Hoechst-H2AX_STC-11A-11B-Dox-BLO/Hoechst-H2AX.2026-02-13-21-50-52","D:/2026-02-13_U2OS-Hoechst-H2AX_STC-11A-11B-Dox-BLO/Hoechst-H2AX.2026-02-13-21-50-52"
"584","D:/2026-02-13_U2OS-Hoechst-H2AX_STC-11A-11B-Dox-BLO/Hoechst-H2AX.2026-02-13-21-50-52/Hoechst-H2AX_Plate_R_p00_0_E08f07d0.TIF","D:/2026-02-13_U2OS-Hoechst-H2AX_STC-11A-11B-Dox-BLO/Hoechst-H2AX.2026-02-13-21-50-52/Hoechst-H2AX_Plate_R_p00_0_E08f07d1.TIF","KCB25-11B","0.3","E08","D:/2026-02-13_U2OS-Hoechst-H2AX_STC-11A-11B-Dox-BLO/Hoechst-H2AX.2026-02-13-21-50-52","D:/2026-02-13_U2OS-Hoechst-H2AX_STC-11A-11B-Dox-BLO/Hoechst-H2AX.2026-02-13-21-50-52"
"585","D:/2026-02-13_U2OS-Hoechst-H2AX_STC-11A-11B-Dox-BLO/Hoechst-H2AX.2026-02-13-21-50-52/Hoechst-H2AX_Plate_R_p00_0_E08f08d0.TIF","D:/2026-02-13_U2OS-Hoechst-H2AX_STC-11A-11B-Dox-BLO/Hoechst-H2AX.2026-02-13-21-50-52/Hoechst-H2AX_Plate_R_p00_0_E08f08d1.TIF","KCB25-11B","0.3","E08","D:/2026-02-13_U2OS-Hoechst-H2AX_STC-11A-11B-Dox-BLO/Hoechst-H2AX.2026-02-13-21-50-52","D:/2026-02-13_U2OS-Hoechst-H2AX_STC-11A-11B-Dox-BLO/Hoechst-H2AX.2026-02-13-21-50-52"
"586","D:/2026-02-13_U2OS-Hoechst-H2AX_STC-11A-11B-Dox-BLO/Hoechst-H2AX.2026-02-13-21-50-52/Hoechst-H2AX_Plate_R_p00_0_E08f09d0.TIF","D:/2026-02-13_U2OS-Hoechst-H2AX_STC-11A-11B-Dox-BLO/Hoechst-H2AX.2026-02-13-21-50-52/Hoechst-H2AX_Plate_R_p00_0_E08f09d1.TIF","KCB25-11B","0.3","E08","D:/2026-02-13_U2OS-Hoechst-H2AX_STC-11A-11B-Dox-BLO/Hoechst-H2AX.2026-02-13-21-50-52","D:/2026-02-13_U2OS-Hoechst-H2AX_STC-11A-11B-Dox-BLO/Hoechst-H2AX.2026-02-13-21-50-52"
"587","D:/2026-02-13_U2OS-Hoechst-H2AX_STC-11A-11B-Dox-BLO/Hoechst-H2AX.2026-02-13-21-50-52/Hoechst-H2AX_Plate_R_p00_0_E08f10d0.TIF","D:/2026-02-13_U2OS-Hoechst-H2AX_STC-11A-11B-Dox-BLO/Hoechst-H2AX.2026-02-13-21-50-52/Hoechst-H2AX_Plate_R_p00_0_E08f10d1.TIF","KCB25-11B","0.3","E08","D:/2026-02-13_U2OS-Hoechst-H2AX_STC-11A-11B-Dox-BLO/Hoechst-H2AX.2026-02-13-21-50-52","D:/2026-02-13_U2OS-Hoechst-H2AX_STC-11A-11B-Dox-BLO/Hoechst-H2AX.2026-02-13-21-50-52"
"588","D:/2026-02-13_U2OS-Hoechst-H2AX_STC-11A-11B-Dox-BLO/Hoechst-H2AX.2026-02-13-21-50-52/Hoechst-H2AX_Plate_R_p00_0_E08f11d0.TIF","D:/2026-02-13_U2OS-Hoechst-H2AX_STC-11A-11B-Dox-BLO/Hoechst-H2AX.2026-02-13-21-50-52/Hoechst-H2AX_Plate_R_p00_0_E08f11d1.TIF","KCB25-11B","0.3","E08","D:/2026-02-13_U2OS-Hoechst-H2AX_STC-11A-11B-Dox-BLO/Hoechst-H2AX.2026-02-13-21-50-52","D:/2026-02-13_U2OS-Hoechst-H2AX_STC-11A-11B-Dox-BLO/Hoechst-H2AX.2026-02-13-21-50-52"
"589","D:/2026-02-13_U2OS-Hoechst-H2AX_STC-11A-11B-Dox-BLO/Hoechst-H2AX.2026-02-13-21-50-52/Hoechst-H2AX_Plate_R_p00_0_E08f12d0.TIF","D:/2026-02-13_U2OS-Hoechst-H2AX_STC-11A-11B-Dox-BLO/Hoechst-H2AX.2026-02-13-21-50-52/Hoechst-H2AX_Plate_R_p00_0_E08f12d1.TIF","KCB25-11B","0.3","E08","D:/2026-02-13_U2OS-Hoechst-H2AX_STC-11A-11B-Dox-BLO/Hoechst-H2AX.2026-02-13-21-50-52","D:/2026-02-13_U2OS-Hoechst-H2AX_STC-11A-11B-Dox-BLO/Hoechst-H2AX.2026-02-13-21-50-52"
"590","D:/2026-02-13_U2OS-Hoechst-H2AX_STC-11A-11B-Dox-BLO/Hoechst-H2AX.2026-02-13-21-50-52/Hoechst-H2AX_Plate_R_p00_0_E08f13d0.TIF","D:/2026-02-13_U2OS-Hoechst-H2AX_STC-11A-11B-Dox-BLO/Hoechst-H2AX.2026-02-13-21-50-52/Hoechst-H2AX_Plate_R_p00_0_E08f13d1.TIF","KCB25-11B","0.3","E08","D:/2026-02-13_U2OS-Hoechst-H2AX_STC-11A-11B-Dox-BLO/Hoechst-H2AX.2026-02-13-21-50-52","D:/2026-02-13_U2OS-Hoechst-H2AX_STC-11A-11B-Dox-BLO/Hoechst-H2AX.2026-02-13-21-50-52"
"591","D:/2026-02-13_U2OS-Hoechst-H2AX_STC-11A-11B-Dox-BLO/Hoechst-H2AX.2026-02-13-21-50-52/Hoechst-H2AX_Plate_R_p00_0_E08f14d0.TIF","D:/2026-02-13_U2OS-Hoechst-H2AX_STC-11A-11B-Dox-BLO/Hoechst-H2AX.2026-02-13-21-50-52/Hoechst-H2AX_Plate_R_p00_0_E08f14d1.TIF","KCB25-11B","0.3","E08","D:/2026-02-13_U2OS-Hoechst-H2AX_STC-11A-11B-Dox-BLO/Hoechst-H2AX.2026-02-13-21-50-52","D:/2026-02-13_U2OS-Hoechst-H2AX_STC-11A-11B-Dox-BLO/Hoechst-H2AX.2026-02-13-21-50-52"
"592","D:/2026-02-13_U2OS-Hoechst-H2AX_STC-11A-11B-Dox-BLO/Hoechst-H2AX.2026-02-13-21-50-52/Hoechst-H2AX_Plate_R_p00_0_E08f15d0.TIF","D:/2026-02-13_U2OS-Hoechst-H2AX_STC-11A-11B-Dox-BLO/Hoechst-H2AX.2026-02-13-21-50-52/Hoechst-H2AX_Plate_R_p00_0_E08f15d1.TIF","KCB25-11B","0.3","E08","D:/2026-02-13_U2OS-Hoechst-H2AX_STC-11A-11B-Dox-BLO/Hoechst-H2AX.2026-02-13-21-50-52","D:/2026-02-13_U2OS-Hoechst-H2AX_STC-11A-11B-Dox-BLO/Hoechst-H2AX.2026-02-13-21-50-52"
"593","D:/2026-02-13_U2OS-Hoechst-H2AX_STC-11A-11B-Dox-BLO/Hoechst-H2AX.2026-02-13-21-50-52/Hoechst-H2AX_Plate_R_p00_0_E09f00d0.TIF","D:/2026-02-13_U2OS-Hoechst-H2AX_STC-11A-11B-Dox-BLO/Hoechst-H2AX.2026-02-13-21-50-52/Hoechst-H2AX_Plate_R_p00_0_E09f00d1.TIF","KCB25-11B","0.1","E09","D:/2026-02-13_U2OS-Hoechst-H2AX_STC-11A-11B-Dox-BLO/Hoechst-H2AX.2026-02-13-21-50-52","D:/2026-02-13_U2OS-Hoechst-H2AX_STC-11A-11B-Dox-BLO/Hoechst-H2AX.2026-02-13-21-50-52"
"594","D:/2026-02-13_U2OS-Hoechst-H2AX_STC-11A-11B-Dox-BLO/Hoechst-H2AX.2026-02-13-21-50-52/Hoechst-H2AX_Plate_R_p00_0_E09f01d0.TIF","D:/2026-02-13_U2OS-Hoechst-H2AX_STC-11A-11B-Dox-BLO/Hoechst-H2AX.2026-02-13-21-50-52/Hoechst-H2AX_Plate_R_p00_0_E09f01d1.TIF","KCB25-11B","0.1","E09","D:/2026-02-13_U2OS-Hoechst-H2AX_STC-11A-11B-Dox-BLO/Hoechst-H2AX.2026-02-13-21-50-52","D:/2026-02-13_U2OS-Hoechst-H2AX_STC-11A-11B-Dox-BLO/Hoechst-H2AX.2026-02-13-21-50-52"
"595","D:/2026-02-13_U2OS-Hoechst-H2AX_STC-11A-11B-Dox-BLO/Hoechst-H2AX.2026-02-13-21-50-52/Hoechst-H2AX_Plate_R_p00_0_E09f02d0.TIF","D:/2026-02-13_U2OS-Hoechst-H2AX_STC-11A-11B-Dox-BLO/Hoechst-H2AX.2026-02-13-21-50-52/Hoechst-H2AX_Plate_R_p00_0_E09f02d1.TIF","KCB25-11B","0.1","E09","D:/2026-02-13_U2OS-Hoechst-H2AX_STC-11A-11B-Dox-BLO/Hoechst-H2AX.2026-02-13-21-50-52","D:/2026-02-13_U2OS-Hoechst-H2AX_STC-11A-11B-Dox-BLO/Hoechst-H2AX.2026-02-13-21-50-52"
"596","D:/2026-02-13_U2OS-Hoechst-H2AX_STC-11A-11B-Dox-BLO/Hoechst-H2AX.2026-02-13-21-50-52/Hoechst-H2AX_Plate_R_p00_0_E09f03d0.TIF","D:/2026-02-13_U2OS-Hoechst-H2AX_STC-11A-11B-Dox-BLO/Hoechst-H2AX.2026-02-13-21-50-52/Hoechst-H2AX_Plate_R_p00_0_E09f03d1.TIF","KCB25-11B","0.1","E09","D:/2026-02-13_U2OS-Hoechst-H2AX_STC-11A-11B-Dox-BLO/Hoechst-H2AX.2026-02-13-21-50-52","D:/2026-02-13_U2OS-Hoechst-H2AX_STC-11A-11B-Dox-BLO/Hoechst-H2AX.2026-02-13-21-50-52"
"597","D:/2026-02-13_U2OS-Hoechst-H2AX_STC-11A-11B-Dox-BLO/Hoechst-H2AX.2026-02-13-21-50-52/Hoechst-H2AX_Plate_R_p00_0_E09f04d0.TIF","D:/2026-02-13_U2OS-Hoechst-H2AX_STC-11A-11B-Dox-BLO/Hoechst-H2AX.2026-02-13-21-50-52/Hoechst-H2AX_Plate_R_p00_0_E09f04d1.TIF","KCB25-11B","0.1","E09","D:/2026-02-13_U2OS-Hoechst-H2AX_STC-11A-11B-Dox-BLO/Hoechst-H2AX.2026-02-13-21-50-52","D:/2026-02-13_U2OS-Hoechst-H2AX_STC-11A-11B-Dox-BLO/Hoechst-H2AX.2026-02-13-21-50-52"
"598","D:/2026-02-13_U2OS-Hoechst-H2AX_STC-11A-11B-Dox-BLO/Hoechst-H2AX.2026-02-13-21-50-52/Hoechst-H2AX_Plate_R_p00_0_E09f05d0.TIF","D:/2026-02-13_U2OS-Hoechst-H2AX_STC-11A-11B-Dox-BLO/Hoechst-H2AX.2026-02-13-21-50-52/Hoechst-H2AX_Plate_R_p00_0_E09f05d1.TIF","KCB25-11B","0.1","E09","D:/2026-02-13_U2OS-Hoechst-H2AX_STC-11A-11B-Dox-BLO/Hoechst-H2AX.2026-02-13-21-50-52","D:/2026-02-13_U2OS-Hoechst-H2AX_STC-11A-11B-Dox-BLO/Hoechst-H2AX.2026-02-13-21-50-52"
"599","D:/2026-02-13_U2OS-Hoechst-H2AX_STC-11A-11B-Dox-BLO/Hoechst-H2AX.2026-02-13-21-50-52/Hoechst-H2AX_Plate_R_p00_0_E09f06d0.TIF","D:/2026-02-13_U2OS-Hoechst-H2AX_STC-11A-11B-Dox-BLO/Hoechst-H2AX.2026-02-13-21-50-52/Hoechst-H2AX_Plate_R_p00_0_E09f06d1.TIF","KCB25-11B","0.1","E09","D:/2026-02-13_U2OS-Hoechst-H2AX_STC-11A-11B-Dox-BLO/Hoechst-H2AX.2026-02-13-21-50-52","D:/2026-02-13_U2OS-Hoechst-H2AX_STC-11A-11B-Dox-BLO/Hoechst-H2AX.2026-02-13-21-50-52"
"600","D:/2026-02-13_U2OS-Hoechst-H2AX_STC-11A-11B-Dox-BLO/Hoechst-H2AX.2026-02-13-21-50-52/Hoechst-H2AX_Plate_R_p00_0_E09f07d0.TIF","D:/2026-02-13_U2OS-Hoechst-H2AX_STC-11A-11B-Dox-BLO/Hoechst-H2AX.2026-02-13-21-50-52/Hoechst-H2AX_Plate_R_p00_0_E09f07d1.TIF","KCB25-11B","0.1","E09","D:/2026-02-13_U2OS-Hoechst-H2AX_STC-11A-11B-Dox-BLO/Hoechst-H2AX.2026-02-13-21-50-52","D:/2026-02-13_U2OS-Hoechst-H2AX_STC-11A-11B-Dox-BLO/Hoechst-H2AX.2026-02-13-21-50-52"
"601","D:/2026-02-13_U2OS-Hoechst-H2AX_STC-11A-11B-Dox-BLO/Hoechst-H2AX.2026-02-13-21-50-52/Hoechst-H2AX_Plate_R_p00_0_E09f08d0.TIF","D:/2026-02-13_U2OS-Hoechst-H2AX_STC-11A-11B-Dox-BLO/Hoechst-H2AX.2026-02-13-21-50-52/Hoechst-H2AX_Plate_R_p00_0_E09f08d1.TIF","KCB25-11B","0.1","E09","D:/2026-02-13_U2OS-Hoechst-H2AX_STC-11A-11B-Dox-BLO/Hoechst-H2AX.2026-02-13-21-50-52","D:/2026-02-13_U2OS-Hoechst-H2AX_STC-11A-11B-Dox-BLO/Hoechst-H2AX.2026-02-13-21-50-52"
"602","D:/2026-02-13_U2OS-Hoechst-H2AX_STC-11A-11B-Dox-BLO/Hoechst-H2AX.2026-02-13-21-50-52/Hoechst-H2AX_Plate_R_p00_0_E09f09d0.TIF","D:/2026-02-13_U2OS-Hoechst-H2AX_STC-11A-11B-Dox-BLO/Hoechst-H2AX.2026-02-13-21-50-52/Hoechst-H2AX_Plate_R_p00_0_E09f09d1.TIF","KCB25-11B","0.1","E09","D:/2026-02-13_U2OS-Hoechst-H2AX_STC-11A-11B-Dox-BLO/Hoechst-H2AX.2026-02-13-21-50-52","D:/2026-02-13_U2OS-Hoechst-H2AX_STC-11A-11B-Dox-BLO/Hoechst-H2AX.2026-02-13-21-50-52"
"603","D:/2026-02-13_U2OS-Hoechst-H2AX_STC-11A-11B-Dox-BLO/Hoechst-H2AX.2026-02-13-21-50-52/Hoechst-H2AX_Plate_R_p00_0_E09f10d0.TIF","D:/2026-02-13_U2OS-Hoechst-H2AX_STC-11A-11B-Dox-BLO/Hoechst-H2AX.2026-02-13-21-50-52/Hoechst-H2AX_Plate_R_p00_0_E09f10d1.TIF","KCB25-11B","0.1","E09","D:/2026-02-13_U2OS-Hoechst-H2AX_STC-11A-11B-Dox-BLO/Hoechst-H2AX.2026-02-13-21-50-52","D:/2026-02-13_U2OS-Hoechst-H2AX_STC-11A-11B-Dox-BLO/Hoechst-H2AX.2026-02-13-21-50-52"
"604","D:/2026-02-13_U2OS-Hoechst-H2AX_STC-11A-11B-Dox-BLO/Hoechst-H2AX.2026-02-13-21-50-52/Hoechst-H2AX_Plate_R_p00_0_E09f11d0.TIF","D:/2026-02-13_U2OS-Hoechst-H2AX_STC-11A-11B-Dox-BLO/Hoechst-H2AX.2026-02-13-21-50-52/Hoechst-H2AX_Plate_R_p00_0_E09f11d1.TIF","KCB25-11B","0.1","E09","D:/2026-02-13_U2OS-Hoechst-H2AX_STC-11A-11B-Dox-BLO/Hoechst-H2AX.2026-02-13-21-50-52","D:/2026-02-13_U2OS-Hoechst-H2AX_STC-11A-11B-Dox-BLO/Hoechst-H2AX.2026-02-13-21-50-52"
"605","D:/2026-02-13_U2OS-Hoechst-H2AX_STC-11A-11B-Dox-BLO/Hoechst-H2AX.2026-02-13-21-50-52/Hoechst-H2AX_Plate_R_p00_0_E09f12d0.TIF","D:/2026-02-13_U2OS-Hoechst-H2AX_STC-11A-11B-Dox-BLO/Hoechst-H2AX.2026-02-13-21-50-52/Hoechst-H2AX_Plate_R_p00_0_E09f12d1.TIF","KCB25-11B","0.1","E09","D:/2026-02-13_U2OS-Hoechst-H2AX_STC-11A-11B-Dox-BLO/Hoechst-H2AX.2026-02-13-21-50-52","D:/2026-02-13_U2OS-Hoechst-H2AX_STC-11A-11B-Dox-BLO/Hoechst-H2AX.2026-02-13-21-50-52"
"606","D:/2026-02-13_U2OS-Hoechst-H2AX_STC-11A-11B-Dox-BLO/Hoechst-H2AX.2026-02-13-21-50-52/Hoechst-H2AX_Plate_R_p00_0_E09f13d0.TIF","D:/2026-02-13_U2OS-Hoechst-H2AX_STC-11A-11B-Dox-BLO/Hoechst-H2AX.2026-02-13-21-50-52/Hoechst-H2AX_Plate_R_p00_0_E09f13d1.TIF","KCB25-11B","0.1","E09","D:/2026-02-13_U2OS-Hoechst-H2AX_STC-11A-11B-Dox-BLO/Hoechst-H2AX.2026-02-13-21-50-52","D:/2026-02-13_U2OS-Hoechst-H2AX_STC-11A-11B-Dox-BLO/Hoechst-H2AX.2026-02-13-21-50-52"
"607","D:/2026-02-13_U2OS-Hoechst-H2AX_STC-11A-11B-Dox-BLO/Hoechst-H2AX.2026-02-13-21-50-52/Hoechst-H2AX_Plate_R_p00_0_E09f14d0.TIF","D:/2026-02-13_U2OS-Hoechst-H2AX_STC-11A-11B-Dox-BLO/Hoechst-H2AX.2026-02-13-21-50-52/Hoechst-H2AX_Plate_R_p00_0_E09f14d1.TIF","KCB25-11B","0.1","E09","D:/2026-02-13_U2OS-Hoechst-H2AX_STC-11A-11B-Dox-BLO/Hoechst-H2AX.2026-02-13-21-50-52","D:/2026-02-13_U2OS-Hoechst-H2AX_STC-11A-11B-Dox-BLO/Hoechst-H2AX.2026-02-13-21-50-52"
"608","D:/2026-02-13_U2OS-Hoechst-H2AX_STC-11A-11B-Dox-BLO/Hoechst-H2AX.2026-02-13-21-50-52/Hoechst-H2AX_Plate_R_p00_0_E09f15d0.TIF","D:/2026-02-13_U2OS-Hoechst-H2AX_STC-11A-11B-Dox-BLO/Hoechst-H2AX.2026-02-13-21-50-52/Hoechst-H2AX_Plate_R_p00_0_E09f15d1.TIF","KCB25-11B","0.1","E09","D:/2026-02-13_U2OS-Hoechst-H2AX_STC-11A-11B-Dox-BLO/Hoechst-H2AX.2026-02-13-21-50-52","D:/2026-02-13_U2OS-Hoechst-H2AX_STC-11A-11B-Dox-BLO/Hoechst-H2AX.2026-02-13-21-50-52"
"609","D:/2026-02-13_U2OS-Hoechst-H2AX_STC-11A-11B-Dox-BLO/Hoechst-H2AX.2026-02-13-21-50-52/Hoechst-H2AX_Plate_R_p00_0_E10f00d0.TIF","D:/2026-02-13_U2OS-Hoechst-H2AX_STC-11A-11B-Dox-BLO/Hoechst-H2AX.2026-02-13-21-50-52/Hoechst-H2AX_Plate_R_p00_0_E10f00d1.TIF","DMSO","0","E10","D:/2026-02-13_U2OS-Hoechst-H2AX_STC-11A-11B-Dox-BLO/Hoechst-H2AX.2026-02-13-21-50-52","D:/2026-02-13_U2OS-Hoechst-H2AX_STC-11A-11B-Dox-BLO/Hoechst-H2AX.2026-02-13-21-50-52"
"610","D:/2026-02-13_U2OS-Hoechst-H2AX_STC-11A-11B-Dox-BLO/Hoechst-H2AX.2026-02-13-21-50-52/Hoechst-H2AX_Plate_R_p00_0_E10f01d0.TIF","D:/2026-02-13_U2OS-Hoechst-H2AX_STC-11A-11B-Dox-BLO/Hoechst-H2AX.2026-02-13-21-50-52/Hoechst-H2AX_Plate_R_p00_0_E10f01d1.TIF","DMSO","0","E10","D:/2026-02-13_U2OS-Hoechst-H2AX_STC-11A-11B-Dox-BLO/Hoechst-H2AX.2026-02-13-21-50-52","D:/2026-02-13_U2OS-Hoechst-H2AX_STC-11A-11B-Dox-BLO/Hoechst-H2AX.2026-02-13-21-50-52"
"611","D:/2026-02-13_U2OS-Hoechst-H2AX_STC-11A-11B-Dox-BLO/Hoechst-H2AX.2026-02-13-21-50-52/Hoechst-H2AX_Plate_R_p00_0_E10f02d0.TIF","D:/2026-02-13_U2OS-Hoechst-H2AX_STC-11A-11B-Dox-BLO/Hoechst-H2AX.2026-02-13-21-50-52/Hoechst-H2AX_Plate_R_p00_0_E10f02d1.TIF","DMSO","0","E10","D:/2026-02-13_U2OS-Hoechst-H2AX_STC-11A-11B-Dox-BLO/Hoechst-H2AX.2026-02-13-21-50-52","D:/2026-02-13_U2OS-Hoechst-H2AX_STC-11A-11B-Dox-BLO/Hoechst-H2AX.2026-02-13-21-50-52"
"612","D:/2026-02-13_U2OS-Hoechst-H2AX_STC-11A-11B-Dox-BLO/Hoechst-H2AX.2026-02-13-21-50-52/Hoechst-H2AX_Plate_R_p00_0_E10f03d0.TIF","D:/2026-02-13_U2OS-Hoechst-H2AX_STC-11A-11B-Dox-BLO/Hoechst-H2AX.2026-02-13-21-50-52/Hoechst-H2AX_Plate_R_p00_0_E10f03d1.TIF","DMSO","0","E10","D:/2026-02-13_U2OS-Hoechst-H2AX_STC-11A-11B-Dox-BLO/Hoechst-H2AX.2026-02-13-21-50-52","D:/2026-02-13_U2OS-Hoechst-H2AX_STC-11A-11B-Dox-BLO/Hoechst-H2AX.2026-02-13-21-50-52"
"613","D:/2026-02-13_U2OS-Hoechst-H2AX_STC-11A-11B-Dox-BLO/Hoechst-H2AX.2026-02-13-21-50-52/Hoechst-H2AX_Plate_R_p00_0_E10f04d0.TIF","D:/2026-02-13_U2OS-Hoechst-H2AX_STC-11A-11B-Dox-BLO/Hoechst-H2AX.2026-02-13-21-50-52/Hoechst-H2AX_Plate_R_p00_0_E10f04d1.TIF","DMSO","0","E10","D:/2026-02-13_U2OS-Hoechst-H2AX_STC-11A-11B-Dox-BLO/Hoechst-H2AX.2026-02-13-21-50-52","D:/2026-02-13_U2OS-Hoechst-H2AX_STC-11A-11B-Dox-BLO/Hoechst-H2AX.2026-02-13-21-50-52"
"614","D:/2026-02-13_U2OS-Hoechst-H2AX_STC-11A-11B-Dox-BLO/Hoechst-H2AX.2026-02-13-21-50-52/Hoechst-H2AX_Plate_R_p00_0_E10f05d0.TIF","D:/2026-02-13_U2OS-Hoechst-H2AX_STC-11A-11B-Dox-BLO/Hoechst-H2AX.2026-02-13-21-50-52/Hoechst-H2AX_Plate_R_p00_0_E10f05d1.TIF","DMSO","0","E10","D:/2026-02-13_U2OS-Hoechst-H2AX_STC-11A-11B-Dox-BLO/Hoechst-H2AX.2026-02-13-21-50-52","D:/2026-02-13_U2OS-Hoechst-H2AX_STC-11A-11B-Dox-BLO/Hoechst-H2AX.2026-02-13-21-50-52"
"615","D:/2026-02-13_U2OS-Hoechst-H2AX_STC-11A-11B-Dox-BLO/Hoechst-H2AX.2026-02-13-21-50-52/Hoechst-H2AX_Plate_R_p00_0_E10f06d0.TIF","D:/2026-02-13_U2OS-Hoechst-H2AX_STC-11A-11B-Dox-BLO/Hoechst-H2AX.2026-02-13-21-50-52/Hoechst-H2AX_Plate_R_p00_0_E10f06d1.TIF","DMSO","0","E10","D:/2026-02-13_U2OS-Hoechst-H2AX_STC-11A-11B-Dox-BLO/Hoechst-H2AX.2026-02-13-21-50-52","D:/2026-02-13_U2OS-Hoechst-H2AX_STC-11A-11B-Dox-BLO/Hoechst-H2AX.2026-02-13-21-50-52"
"616","D:/2026-02-13_U2OS-Hoechst-H2AX_STC-11A-11B-Dox-BLO/Hoechst-H2AX.2026-02-13-21-50-52/Hoechst-H2AX_Plate_R_p00_0_E10f07d0.TIF","D:/2026-02-13_U2OS-Hoechst-H2AX_STC-11A-11B-Dox-BLO/Hoechst-H2AX.2026-02-13-21-50-52/Hoechst-H2AX_Plate_R_p00_0_E10f07d1.TIF","DMSO","0","E10","D:/2026-02-13_U2OS-Hoechst-H2AX_STC-11A-11B-Dox-BLO/Hoechst-H2AX.2026-02-13-21-50-52","D:/2026-02-13_U2OS-Hoechst-H2AX_STC-11A-11B-Dox-BLO/Hoechst-H2AX.2026-02-13-21-50-52"
"617","D:/2026-02-13_U2OS-Hoechst-H2AX_STC-11A-11B-Dox-BLO/Hoechst-H2AX.2026-02-13-21-50-52/Hoechst-H2AX_Plate_R_p00_0_E10f08d0.TIF","D:/2026-02-13_U2OS-Hoechst-H2AX_STC-11A-11B-Dox-BLO/Hoechst-H2AX.2026-02-13-21-50-52/Hoechst-H2AX_Plate_R_p00_0_E10f08d1.TIF","DMSO","0","E10","D:/2026-02-13_U2OS-Hoechst-H2AX_STC-11A-11B-Dox-BLO/Hoechst-H2AX.2026-02-13-21-50-52","D:/2026-02-13_U2OS-Hoechst-H2AX_STC-11A-11B-Dox-BLO/Hoechst-H2AX.2026-02-13-21-50-52"
"618","D:/2026-02-13_U2OS-Hoechst-H2AX_STC-11A-11B-Dox-BLO/Hoechst-H2AX.2026-02-13-21-50-52/Hoechst-H2AX_Plate_R_p00_0_E10f09d0.TIF","D:/2026-02-13_U2OS-Hoechst-H2AX_STC-11A-11B-Dox-BLO/Hoechst-H2AX.2026-02-13-21-50-52/Hoechst-H2AX_Plate_R_p00_0_E10f09d1.TIF","DMSO","0","E10","D:/2026-02-13_U2OS-Hoechst-H2AX_STC-11A-11B-Dox-BLO/Hoechst-H2AX.2026-02-13-21-50-52","D:/2026-02-13_U2OS-Hoechst-H2AX_STC-11A-11B-Dox-BLO/Hoechst-H2AX.2026-02-13-21-50-52"
"619","D:/2026-02-13_U2OS-Hoechst-H2AX_STC-11A-11B-Dox-BLO/Hoechst-H2AX.2026-02-13-21-50-52/Hoechst-H2AX_Plate_R_p00_0_E10f10d0.TIF","D:/2026-02-13_U2OS-Hoechst-H2AX_STC-11A-11B-Dox-BLO/Hoechst-H2AX.2026-02-13-21-50-52/Hoechst-H2AX_Plate_R_p00_0_E10f10d1.TIF","DMSO","0","E10","D:/2026-02-13_U2OS-Hoechst-H2AX_STC-11A-11B-Dox-BLO/Hoechst-H2AX.2026-02-13-21-50-52","D:/2026-02-13_U2OS-Hoechst-H2AX_STC-11A-11B-Dox-BLO/Hoechst-H2AX.2026-02-13-21-50-52"
"620","D:/2026-02-13_U2OS-Hoechst-H2AX_STC-11A-11B-Dox-BLO/Hoechst-H2AX.2026-02-13-21-50-52/Hoechst-H2AX_Plate_R_p00_0_E10f11d0.TIF","D:/2026-02-13_U2OS-Hoechst-H2AX_STC-11A-11B-Dox-BLO/Hoechst-H2AX.2026-02-13-21-50-52/Hoechst-H2AX_Plate_R_p00_0_E10f11d1.TIF","DMSO","0","E10","D:/2026-02-13_U2OS-Hoechst-H2AX_STC-11A-11B-Dox-BLO/Hoechst-H2AX.2026-02-13-21-50-52","D:/2026-02-13_U2OS-Hoechst-H2AX_STC-11A-11B-Dox-BLO/Hoechst-H2AX.2026-02-13-21-50-52"
"621","D:/2026-02-13_U2OS-Hoechst-H2AX_STC-11A-11B-Dox-BLO/Hoechst-H2AX.2026-02-13-21-50-52/Hoechst-H2AX_Plate_R_p00_0_E10f12d0.TIF","D:/2026-02-13_U2OS-Hoechst-H2AX_STC-11A-11B-Dox-BLO/Hoechst-H2AX.2026-02-13-21-50-52/Hoechst-H2AX_Plate_R_p00_0_E10f12d1.TIF","DMSO","0","E10","D:/2026-02-13_U2OS-Hoechst-H2AX_STC-11A-11B-Dox-BLO/Hoechst-H2AX.2026-02-13-21-50-52","D:/2026-02-13_U2OS-Hoechst-H2AX_STC-11A-11B-Dox-BLO/Hoechst-H2AX.2026-02-13-21-50-52"
"622","D:/2026-02-13_U2OS-Hoechst-H2AX_STC-11A-11B-Dox-BLO/Hoechst-H2AX.2026-02-13-21-50-52/Hoechst-H2AX_Plate_R_p00_0_E10f13d0.TIF","D:/2026-02-13_U2OS-Hoechst-H2AX_STC-11A-11B-Dox-BLO/Hoechst-H2AX.2026-02-13-21-50-52/Hoechst-H2AX_Plate_R_p00_0_E10f13d1.TIF","DMSO","0","E10","D:/2026-02-13_U2OS-Hoechst-H2AX_STC-11A-11B-Dox-BLO/Hoechst-H2AX.2026-02-13-21-50-52","D:/2026-02-13_U2OS-Hoechst-H2AX_STC-11A-11B-Dox-BLO/Hoechst-H2AX.2026-02-13-21-50-52"
"623","D:/2026-02-13_U2OS-Hoechst-H2AX_STC-11A-11B-Dox-BLO/Hoechst-H2AX.2026-02-13-21-50-52/Hoechst-H2AX_Plate_R_p00_0_E10f14d0.TIF","D:/2026-02-13_U2OS-Hoechst-H2AX_STC-11A-11B-Dox-BLO/Hoechst-H2AX.2026-02-13-21-50-52/Hoechst-H2AX_Plate_R_p00_0_E10f14d1.TIF","DMSO","0","E10","D:/2026-02-13_U2OS-Hoechst-H2AX_STC-11A-11B-Dox-BLO/Hoechst-H2AX.2026-02-13-21-50-52","D:/2026-02-13_U2OS-Hoechst-H2AX_STC-11A-11B-Dox-BLO/Hoechst-H2AX.2026-02-13-21-50-52"
"624","D:/2026-02-13_U2OS-Hoechst-H2AX_STC-11A-11B-Dox-BLO/Hoechst-H2AX.2026-02-13-21-50-52/Hoechst-H2AX_Plate_R_p00_0_E10f15d0.TIF","D:/2026-02-13_U2OS-Hoechst-H2AX_STC-11A-11B-Dox-BLO/Hoechst-H2AX.2026-02-13-21-50-52/Hoechst-H2AX_Plate_R_p00_0_E10f15d1.TIF","DMSO","0","E10","D:/2026-02-13_U2OS-Hoechst-H2AX_STC-11A-11B-Dox-BLO/Hoechst-H2AX.2026-02-13-21-50-52","D:/2026-02-13_U2OS-Hoechst-H2AX_STC-11A-11B-Dox-BLO/Hoechst-H2AX.2026-02-13-21-50-52"
"625","D:/2026-02-13_U2OS-Hoechst-H2AX_STC-11A-11B-Dox-BLO/Hoechst-H2AX.2026-02-13-21-50-52/Hoechst-H2AX_Plate_R_p00_0_E11f00d0.TIF","D:/2026-02-13_U2OS-Hoechst-H2AX_STC-11A-11B-Dox-BLO/Hoechst-H2AX.2026-02-13-21-50-52/Hoechst-H2AX_Plate_R_p00_0_E11f00d1.TIF","DMSO","0","E11","D:/2026-02-13_U2OS-Hoechst-H2AX_STC-11A-11B-Dox-BLO/Hoechst-H2AX.2026-02-13-21-50-52","D:/2026-02-13_U2OS-Hoechst-H2AX_STC-11A-11B-Dox-BLO/Hoechst-H2AX.2026-02-13-21-50-52"
"626","D:/2026-02-13_U2OS-Hoechst-H2AX_STC-11A-11B-Dox-BLO/Hoechst-H2AX.2026-02-13-21-50-52/Hoechst-H2AX_Plate_R_p00_0_E11f01d0.TIF","D:/2026-02-13_U2OS-Hoechst-H2AX_STC-11A-11B-Dox-BLO/Hoechst-H2AX.2026-02-13-21-50-52/Hoechst-H2AX_Plate_R_p00_0_E11f01d1.TIF","DMSO","0","E11","D:/2026-02-13_U2OS-Hoechst-H2AX_STC-11A-11B-Dox-BLO/Hoechst-H2AX.2026-02-13-21-50-52","D:/2026-02-13_U2OS-Hoechst-H2AX_STC-11A-11B-Dox-BLO/Hoechst-H2AX.2026-02-13-21-50-52"
"627","D:/2026-02-13_U2OS-Hoechst-H2AX_STC-11A-11B-Dox-BLO/Hoechst-H2AX.2026-02-13-21-50-52/Hoechst-H2AX_Plate_R_p00_0_E11f02d0.TIF","D:/2026-02-13_U2OS-Hoechst-H2AX_STC-11A-11B-Dox-BLO/Hoechst-H2AX.2026-02-13-21-50-52/Hoechst-H2AX_Plate_R_p00_0_E11f02d1.TIF","DMSO","0","E11","D:/2026-02-13_U2OS-Hoechst-H2AX_STC-11A-11B-Dox-BLO/Hoechst-H2AX.2026-02-13-21-50-52","D:/2026-02-13_U2OS-Hoechst-H2AX_STC-11A-11B-Dox-BLO/Hoechst-H2AX.2026-02-13-21-50-52"
"628","D:/2026-02-13_U2OS-Hoechst-H2AX_STC-11A-11B-Dox-BLO/Hoechst-H2AX.2026-02-13-21-50-52/Hoechst-H2AX_Plate_R_p00_0_E11f03d0.TIF","D:/2026-02-13_U2OS-Hoechst-H2AX_STC-11A-11B-Dox-BLO/Hoechst-H2AX.2026-02-13-21-50-52/Hoechst-H2AX_Plate_R_p00_0_E11f03d1.TIF","DMSO","0","E11","D:/2026-02-13_U2OS-Hoechst-H2AX_STC-11A-11B-Dox-BLO/Hoechst-H2AX.2026-02-13-21-50-52","D:/2026-02-13_U2OS-Hoechst-H2AX_STC-11A-11B-Dox-BLO/Hoechst-H2AX.2026-02-13-21-50-52"
"629","D:/2026-02-13_U2OS-Hoechst-H2AX_STC-11A-11B-Dox-BLO/Hoechst-H2AX.2026-02-13-21-50-52/Hoechst-H2AX_Plate_R_p00_0_E11f04d0.TIF","D:/2026-02-13_U2OS-Hoechst-H2AX_STC-11A-11B-Dox-BLO/Hoechst-H2AX.2026-02-13-21-50-52/Hoechst-H2AX_Plate_R_p00_0_E11f04d1.TIF","DMSO","0","E11","D:/2026-02-13_U2OS-Hoechst-H2AX_STC-11A-11B-Dox-BLO/Hoechst-H2AX.2026-02-13-21-50-52","D:/2026-02-13_U2OS-Hoechst-H2AX_STC-11A-11B-Dox-BLO/Hoechst-H2AX.2026-02-13-21-50-52"
"630","D:/2026-02-13_U2OS-Hoechst-H2AX_STC-11A-11B-Dox-BLO/Hoechst-H2AX.2026-02-13-21-50-52/Hoechst-H2AX_Plate_R_p00_0_E11f05d0.TIF","D:/2026-02-13_U2OS-Hoechst-H2AX_STC-11A-11B-Dox-BLO/Hoechst-H2AX.2026-02-13-21-50-52/Hoechst-H2AX_Plate_R_p00_0_E11f05d1.TIF","DMSO","0","E11","D:/2026-02-13_U2OS-Hoechst-H2AX_STC-11A-11B-Dox-BLO/Hoechst-H2AX.2026-02-13-21-50-52","D:/2026-02-13_U2OS-Hoechst-H2AX_STC-11A-11B-Dox-BLO/Hoechst-H2AX.2026-02-13-21-50-52"
"631","D:/2026-02-13_U2OS-Hoechst-H2AX_STC-11A-11B-Dox-BLO/Hoechst-H2AX.2026-02-13-21-50-52/Hoechst-H2AX_Plate_R_p00_0_E11f06d0.TIF","D:/2026-02-13_U2OS-Hoechst-H2AX_STC-11A-11B-Dox-BLO/Hoechst-H2AX.2026-02-13-21-50-52/Hoechst-H2AX_Plate_R_p00_0_E11f06d1.TIF","DMSO","0","E11","D:/2026-02-13_U2OS-Hoechst-H2AX_STC-11A-11B-Dox-BLO/Hoechst-H2AX.2026-02-13-21-50-52","D:/2026-02-13_U2OS-Hoechst-H2AX_STC-11A-11B-Dox-BLO/Hoechst-H2AX.2026-02-13-21-50-52"
"632","D:/2026-02-13_U2OS-Hoechst-H2AX_STC-11A-11B-Dox-BLO/Hoechst-H2AX.2026-02-13-21-50-52/Hoechst-H2AX_Plate_R_p00_0_E11f07d0.TIF","D:/2026-02-13_U2OS-Hoechst-H2AX_STC-11A-11B-Dox-BLO/Hoechst-H2AX.2026-02-13-21-50-52/Hoechst-H2AX_Plate_R_p00_0_E11f07d1.TIF","DMSO","0","E11","D:/2026-02-13_U2OS-Hoechst-H2AX_STC-11A-11B-Dox-BLO/Hoechst-H2AX.2026-02-13-21-50-52","D:/2026-02-13_U2OS-Hoechst-H2AX_STC-11A-11B-Dox-BLO/Hoechst-H2AX.2026-02-13-21-50-52"
"633","D:/2026-02-13_U2OS-Hoechst-H2AX_STC-11A-11B-Dox-BLO/Hoechst-H2AX.2026-02-13-21-50-52/Hoechst-H2AX_Plate_R_p00_0_E11f08d0.TIF","D:/2026-02-13_U2OS-Hoechst-H2AX_STC-11A-11B-Dox-BLO/Hoechst-H2AX.2026-02-13-21-50-52/Hoechst-H2AX_Plate_R_p00_0_E11f08d1.TIF","DMSO","0","E11","D:/2026-02-13_U2OS-Hoechst-H2AX_STC-11A-11B-Dox-BLO/Hoechst-H2AX.2026-02-13-21-50-52","D:/2026-02-13_U2OS-Hoechst-H2AX_STC-11A-11B-Dox-BLO/Hoechst-H2AX.2026-02-13-21-50-52"
"634","D:/2026-02-13_U2OS-Hoechst-H2AX_STC-11A-11B-Dox-BLO/Hoechst-H2AX.2026-02-13-21-50-52/Hoechst-H2AX_Plate_R_p00_0_E11f09d0.TIF","D:/2026-02-13_U2OS-Hoechst-H2AX_STC-11A-11B-Dox-BLO/Hoechst-H2AX.2026-02-13-21-50-52/Hoechst-H2AX_Plate_R_p00_0_E11f09d1.TIF","DMSO","0","E11","D:/2026-02-13_U2OS-Hoechst-H2AX_STC-11A-11B-Dox-BLO/Hoechst-H2AX.2026-02-13-21-50-52","D:/2026-02-13_U2OS-Hoechst-H2AX_STC-11A-11B-Dox-BLO/Hoechst-H2AX.2026-02-13-21-50-52"
"635","D:/2026-02-13_U2OS-Hoechst-H2AX_STC-11A-11B-Dox-BLO/Hoechst-H2AX.2026-02-13-21-50-52/Hoechst-H2AX_Plate_R_p00_0_E11f10d0.TIF","D:/2026-02-13_U2OS-Hoechst-H2AX_STC-11A-11B-Dox-BLO/Hoechst-H2AX.2026-02-13-21-50-52/Hoechst-H2AX_Plate_R_p00_0_E11f10d1.TIF","DMSO","0","E11","D:/2026-02-13_U2OS-Hoechst-H2AX_STC-11A-11B-Dox-BLO/Hoechst-H2AX.2026-02-13-21-50-52","D:/2026-02-13_U2OS-Hoechst-H2AX_STC-11A-11B-Dox-BLO/Hoechst-H2AX.2026-02-13-21-50-52"
"636","D:/2026-02-13_U2OS-Hoechst-H2AX_STC-11A-11B-Dox-BLO/Hoechst-H2AX.2026-02-13-21-50-52/Hoechst-H2AX_Plate_R_p00_0_E11f11d0.TIF","D:/2026-02-13_U2OS-Hoechst-H2AX_STC-11A-11B-Dox-BLO/Hoechst-H2AX.2026-02-13-21-50-52/Hoechst-H2AX_Plate_R_p00_0_E11f11d1.TIF","DMSO","0","E11","D:/2026-02-13_U2OS-Hoechst-H2AX_STC-11A-11B-Dox-BLO/Hoechst-H2AX.2026-02-13-21-50-52","D:/2026-02-13_U2OS-Hoechst-H2AX_STC-11A-11B-Dox-BLO/Hoechst-H2AX.2026-02-13-21-50-52"
"637","D:/2026-02-13_U2OS-Hoechst-H2AX_STC-11A-11B-Dox-BLO/Hoechst-H2AX.2026-02-13-21-50-52/Hoechst-H2AX_Plate_R_p00_0_E11f12d0.TIF","D:/2026-02-13_U2OS-Hoechst-H2AX_STC-11A-11B-Dox-BLO/Hoechst-H2AX.2026-02-13-21-50-52/Hoechst-H2AX_Plate_R_p00_0_E11f12d1.TIF","DMSO","0","E11","D:/2026-02-13_U2OS-Hoechst-H2AX_STC-11A-11B-Dox-BLO/Hoechst-H2AX.2026-02-13-21-50-52","D:/2026-02-13_U2OS-Hoechst-H2AX_STC-11A-11B-Dox-BLO/Hoechst-H2AX.2026-02-13-21-50-52"
"638","D:/2026-02-13_U2OS-Hoechst-H2AX_STC-11A-11B-Dox-BLO/Hoechst-H2AX.2026-02-13-21-50-52/Hoechst-H2AX_Plate_R_p00_0_E11f13d0.TIF","D:/2026-02-13_U2OS-Hoechst-H2AX_STC-11A-11B-Dox-BLO/Hoechst-H2AX.2026-02-13-21-50-52/Hoechst-H2AX_Plate_R_p00_0_E11f13d1.TIF","DMSO","0","E11","D:/2026-02-13_U2OS-Hoechst-H2AX_STC-11A-11B-Dox-BLO/Hoechst-H2AX.2026-02-13-21-50-52","D:/2026-02-13_U2OS-Hoechst-H2AX_STC-11A-11B-Dox-BLO/Hoechst-H2AX.2026-02-13-21-50-52"
"639","D:/2026-02-13_U2OS-Hoechst-H2AX_STC-11A-11B-Dox-BLO/Hoechst-H2AX.2026-02-13-21-50-52/Hoechst-H2AX_Plate_R_p00_0_E11f14d0.TIF","D:/2026-02-13_U2OS-Hoechst-H2AX_STC-11A-11B-Dox-BLO/Hoechst-H2AX.2026-02-13-21-50-52/Hoechst-H2AX_Plate_R_p00_0_E11f14d1.TIF","DMSO","0","E11","D:/2026-02-13_U2OS-Hoechst-H2AX_STC-11A-11B-Dox-BLO/Hoechst-H2AX.2026-02-13-21-50-52","D:/2026-02-13_U2OS-Hoechst-H2AX_STC-11A-11B-Dox-BLO/Hoechst-H2AX.2026-02-13-21-50-52"
"640","D:/2026-02-13_U2OS-Hoechst-H2AX_STC-11A-11B-Dox-BLO/Hoechst-H2AX.2026-02-13-21-50-52/Hoechst-H2AX_Plate_R_p00_0_E11f15d0.TIF","D:/2026-02-13_U2OS-Hoechst-H2AX_STC-11A-11B-Dox-BLO/Hoechst-H2AX.2026-02-13-21-50-52/Hoechst-H2AX_Plate_R_p00_0_E11f15d1.TIF","DMSO","0","E11","D:/2026-02-13_U2OS-Hoechst-H2AX_STC-11A-11B-Dox-BLO/Hoechst-H2AX.2026-02-13-21-50-52","D:/2026-02-13_U2OS-Hoechst-H2AX_STC-11A-11B-Dox-BLO/Hoechst-H2AX.2026-02-13-21-50-52"
"641","D:/2026-02-13_U2OS-Hoechst-H2AX_STC-11A-11B-Dox-BLO/Hoechst-H2AX.2026-02-13-21-50-52/Hoechst-H2AX_Plate_R_p00_0_F02f00d0.TIF","D:/2026-02-13_U2OS-Hoechst-H2AX_STC-11A-11B-Dox-BLO/Hoechst-H2AX.2026-02-13-21-50-52/Hoechst-H2AX_Plate_R_p00_0_F02f00d1.TIF","Doxorubicin","0.3","F02","D:/2026-02-13_U2OS-Hoechst-H2AX_STC-11A-11B-Dox-BLO/Hoechst-H2AX.2026-02-13-21-50-52","D:/2026-02-13_U2OS-Hoechst-H2AX_STC-11A-11B-Dox-BLO/Hoechst-H2AX.2026-02-13-21-50-52"
"642","D:/2026-02-13_U2OS-Hoechst-H2AX_STC-11A-11B-Dox-BLO/Hoechst-H2AX.2026-02-13-21-50-52/Hoechst-H2AX_Plate_R_p00_0_F02f01d0.TIF","D:/2026-02-13_U2OS-Hoechst-H2AX_STC-11A-11B-Dox-BLO/Hoechst-H2AX.2026-02-13-21-50-52/Hoechst-H2AX_Plate_R_p00_0_F02f01d1.TIF","Doxorubicin","0.3","F02","D:/2026-02-13_U2OS-Hoechst-H2AX_STC-11A-11B-Dox-BLO/Hoechst-H2AX.2026-02-13-21-50-52","D:/2026-02-13_U2OS-Hoechst-H2AX_STC-11A-11B-Dox-BLO/Hoechst-H2AX.2026-02-13-21-50-52"
"643","D:/2026-02-13_U2OS-Hoechst-H2AX_STC-11A-11B-Dox-BLO/Hoechst-H2AX.2026-02-13-21-50-52/Hoechst-H2AX_Plate_R_p00_0_F02f02d0.TIF","D:/2026-02-13_U2OS-Hoechst-H2AX_STC-11A-11B-Dox-BLO/Hoechst-H2AX.2026-02-13-21-50-52/Hoechst-H2AX_Plate_R_p00_0_F02f02d1.TIF","Doxorubicin","0.3","F02","D:/2026-02-13_U2OS-Hoechst-H2AX_STC-11A-11B-Dox-BLO/Hoechst-H2AX.2026-02-13-21-50-52","D:/2026-02-13_U2OS-Hoechst-H2AX_STC-11A-11B-Dox-BLO/Hoechst-H2AX.2026-02-13-21-50-52"
"644","D:/2026-02-13_U2OS-Hoechst-H2AX_STC-11A-11B-Dox-BLO/Hoechst-H2AX.2026-02-13-21-50-52/Hoechst-H2AX_Plate_R_p00_0_F02f03d0.TIF","D:/2026-02-13_U2OS-Hoechst-H2AX_STC-11A-11B-Dox-BLO/Hoechst-H2AX.2026-02-13-21-50-52/Hoechst-H2AX_Plate_R_p00_0_F02f03d1.TIF","Doxorubicin","0.3","F02","D:/2026-02-13_U2OS-Hoechst-H2AX_STC-11A-11B-Dox-BLO/Hoechst-H2AX.2026-02-13-21-50-52","D:/2026-02-13_U2OS-Hoechst-H2AX_STC-11A-11B-Dox-BLO/Hoechst-H2AX.2026-02-13-21-50-52"
"645","D:/2026-02-13_U2OS-Hoechst-H2AX_STC-11A-11B-Dox-BLO/Hoechst-H2AX.2026-02-13-21-50-52/Hoechst-H2AX_Plate_R_p00_0_F02f04d0.TIF","D:/2026-02-13_U2OS-Hoechst-H2AX_STC-11A-11B-Dox-BLO/Hoechst-H2AX.2026-02-13-21-50-52/Hoechst-H2AX_Plate_R_p00_0_F02f04d1.TIF","Doxorubicin","0.3","F02","D:/2026-02-13_U2OS-Hoechst-H2AX_STC-11A-11B-Dox-BLO/Hoechst-H2AX.2026-02-13-21-50-52","D:/2026-02-13_U2OS-Hoechst-H2AX_STC-11A-11B-Dox-BLO/Hoechst-H2AX.2026-02-13-21-50-52"
"646","D:/2026-02-13_U2OS-Hoechst-H2AX_STC-11A-11B-Dox-BLO/Hoechst-H2AX.2026-02-13-21-50-52/Hoechst-H2AX_Plate_R_p00_0_F02f05d0.TIF","D:/2026-02-13_U2OS-Hoechst-H2AX_STC-11A-11B-Dox-BLO/Hoechst-H2AX.2026-02-13-21-50-52/Hoechst-H2AX_Plate_R_p00_0_F02f05d1.TIF","Doxorubicin","0.3","F02","D:/2026-02-13_U2OS-Hoechst-H2AX_STC-11A-11B-Dox-BLO/Hoechst-H2AX.2026-02-13-21-50-52","D:/2026-02-13_U2OS-Hoechst-H2AX_STC-11A-11B-Dox-BLO/Hoechst-H2AX.2026-02-13-21-50-52"
"647","D:/2026-02-13_U2OS-Hoechst-H2AX_STC-11A-11B-Dox-BLO/Hoechst-H2AX.2026-02-13-21-50-52/Hoechst-H2AX_Plate_R_p00_0_F02f06d0.TIF","D:/2026-02-13_U2OS-Hoechst-H2AX_STC-11A-11B-Dox-BLO/Hoechst-H2AX.2026-02-13-21-50-52/Hoechst-H2AX_Plate_R_p00_0_F02f06d1.TIF","Doxorubicin","0.3","F02","D:/2026-02-13_U2OS-Hoechst-H2AX_STC-11A-11B-Dox-BLO/Hoechst-H2AX.2026-02-13-21-50-52","D:/2026-02-13_U2OS-Hoechst-H2AX_STC-11A-11B-Dox-BLO/Hoechst-H2AX.2026-02-13-21-50-52"
"648","D:/2026-02-13_U2OS-Hoechst-H2AX_STC-11A-11B-Dox-BLO/Hoechst-H2AX.2026-02-13-21-50-52/Hoechst-H2AX_Plate_R_p00_0_F02f07d0.TIF","D:/2026-02-13_U2OS-Hoechst-H2AX_STC-11A-11B-Dox-BLO/Hoechst-H2AX.2026-02-13-21-50-52/Hoechst-H2AX_Plate_R_p00_0_F02f07d1.TIF","Doxorubicin","0.3","F02","D:/2026-02-13_U2OS-Hoechst-H2AX_STC-11A-11B-Dox-BLO/Hoechst-H2AX.2026-02-13-21-50-52","D:/2026-02-13_U2OS-Hoechst-H2AX_STC-11A-11B-Dox-BLO/Hoechst-H2AX.2026-02-13-21-50-52"
"649","D:/2026-02-13_U2OS-Hoechst-H2AX_STC-11A-11B-Dox-BLO/Hoechst-H2AX.2026-02-13-21-50-52/Hoechst-H2AX_Plate_R_p00_0_F02f08d0.TIF","D:/2026-02-13_U2OS-Hoechst-H2AX_STC-11A-11B-Dox-BLO/Hoechst-H2AX.2026-02-13-21-50-52/Hoechst-H2AX_Plate_R_p00_0_F02f08d1.TIF","Doxorubicin","0.3","F02","D:/2026-02-13_U2OS-Hoechst-H2AX_STC-11A-11B-Dox-BLO/Hoechst-H2AX.2026-02-13-21-50-52","D:/2026-02-13_U2OS-Hoechst-H2AX_STC-11A-11B-Dox-BLO/Hoechst-H2AX.2026-02-13-21-50-52"
"650","D:/2026-02-13_U2OS-Hoechst-H2AX_STC-11A-11B-Dox-BLO/Hoechst-H2AX.2026-02-13-21-50-52/Hoechst-H2AX_Plate_R_p00_0_F02f09d0.TIF","D:/2026-02-13_U2OS-Hoechst-H2AX_STC-11A-11B-Dox-BLO/Hoechst-H2AX.2026-02-13-21-50-52/Hoechst-H2AX_Plate_R_p00_0_F02f09d1.TIF","Doxorubicin","0.3","F02","D:/2026-02-13_U2OS-Hoechst-H2AX_STC-11A-11B-Dox-BLO/Hoechst-H2AX.2026-02-13-21-50-52","D:/2026-02-13_U2OS-Hoechst-H2AX_STC-11A-11B-Dox-BLO/Hoechst-H2AX.2026-02-13-21-50-52"
"651","D:/2026-02-13_U2OS-Hoechst-H2AX_STC-11A-11B-Dox-BLO/Hoechst-H2AX.2026-02-13-21-50-52/Hoechst-H2AX_Plate_R_p00_0_F02f10d0.TIF","D:/2026-02-13_U2OS-Hoechst-H2AX_STC-11A-11B-Dox-BLO/Hoechst-H2AX.2026-02-13-21-50-52/Hoechst-H2AX_Plate_R_p00_0_F02f10d1.TIF","Doxorubicin","0.3","F02","D:/2026-02-13_U2OS-Hoechst-H2AX_STC-11A-11B-Dox-BLO/Hoechst-H2AX.2026-02-13-21-50-52","D:/2026-02-13_U2OS-Hoechst-H2AX_STC-11A-11B-Dox-BLO/Hoechst-H2AX.2026-02-13-21-50-52"
"652","D:/2026-02-13_U2OS-Hoechst-H2AX_STC-11A-11B-Dox-BLO/Hoechst-H2AX.2026-02-13-21-50-52/Hoechst-H2AX_Plate_R_p00_0_F02f11d0.TIF","D:/2026-02-13_U2OS-Hoechst-H2AX_STC-11A-11B-Dox-BLO/Hoechst-H2AX.2026-02-13-21-50-52/Hoechst-H2AX_Plate_R_p00_0_F02f11d1.TIF","Doxorubicin","0.3","F02","D:/2026-02-13_U2OS-Hoechst-H2AX_STC-11A-11B-Dox-BLO/Hoechst-H2AX.2026-02-13-21-50-52","D:/2026-02-13_U2OS-Hoechst-H2AX_STC-11A-11B-Dox-BLO/Hoechst-H2AX.2026-02-13-21-50-52"
"653","D:/2026-02-13_U2OS-Hoechst-H2AX_STC-11A-11B-Dox-BLO/Hoechst-H2AX.2026-02-13-21-50-52/Hoechst-H2AX_Plate_R_p00_0_F02f12d0.TIF","D:/2026-02-13_U2OS-Hoechst-H2AX_STC-11A-11B-Dox-BLO/Hoechst-H2AX.2026-02-13-21-50-52/Hoechst-H2AX_Plate_R_p00_0_F02f12d1.TIF","Doxorubicin","0.3","F02","D:/2026-02-13_U2OS-Hoechst-H2AX_STC-11A-11B-Dox-BLO/Hoechst-H2AX.2026-02-13-21-50-52","D:/2026-02-13_U2OS-Hoechst-H2AX_STC-11A-11B-Dox-BLO/Hoechst-H2AX.2026-02-13-21-50-52"
"654","D:/2026-02-13_U2OS-Hoechst-H2AX_STC-11A-11B-Dox-BLO/Hoechst-H2AX.2026-02-13-21-50-52/Hoechst-H2AX_Plate_R_p00_0_F02f13d0.TIF","D:/2026-02-13_U2OS-Hoechst-H2AX_STC-11A-11B-Dox-BLO/Hoechst-H2AX.2026-02-13-21-50-52/Hoechst-H2AX_Plate_R_p00_0_F02f13d1.TIF","Doxorubicin","0.3","F02","D:/2026-02-13_U2OS-Hoechst-H2AX_STC-11A-11B-Dox-BLO/Hoechst-H2AX.2026-02-13-21-50-52","D:/2026-02-13_U2OS-Hoechst-H2AX_STC-11A-11B-Dox-BLO/Hoechst-H2AX.2026-02-13-21-50-52"
"655","D:/2026-02-13_U2OS-Hoechst-H2AX_STC-11A-11B-Dox-BLO/Hoechst-H2AX.2026-02-13-21-50-52/Hoechst-H2AX_Plate_R_p00_0_F02f14d0.TIF","D:/2026-02-13_U2OS-Hoechst-H2AX_STC-11A-11B-Dox-BLO/Hoechst-H2AX.2026-02-13-21-50-52/Hoechst-H2AX_Plate_R_p00_0_F02f14d1.TIF","Doxorubicin","0.3","F02","D:/2026-02-13_U2OS-Hoechst-H2AX_STC-11A-11B-Dox-BLO/Hoechst-H2AX.2026-02-13-21-50-52","D:/2026-02-13_U2OS-Hoechst-H2AX_STC-11A-11B-Dox-BLO/Hoechst-H2AX.2026-02-13-21-50-52"
"656","D:/2026-02-13_U2OS-Hoechst-H2AX_STC-11A-11B-Dox-BLO/Hoechst-H2AX.2026-02-13-21-50-52/Hoechst-H2AX_Plate_R_p00_0_F02f15d0.TIF","D:/2026-02-13_U2OS-Hoechst-H2AX_STC-11A-11B-Dox-BLO/Hoechst-H2AX.2026-02-13-21-50-52/Hoechst-H2AX_Plate_R_p00_0_F02f15d1.TIF","Doxorubicin","0.3","F02","D:/2026-02-13_U2OS-Hoechst-H2AX_STC-11A-11B-Dox-BLO/Hoechst-H2AX.2026-02-13-21-50-52","D:/2026-02-13_U2OS-Hoechst-H2AX_STC-11A-11B-Dox-BLO/Hoechst-H2AX.2026-02-13-21-50-52"
"657","D:/2026-02-13_U2OS-Hoechst-H2AX_STC-11A-11B-Dox-BLO/Hoechst-H2AX.2026-02-13-21-50-52/Hoechst-H2AX_Plate_R_p00_0_F03f00d0.TIF","D:/2026-02-13_U2OS-Hoechst-H2AX_STC-11A-11B-Dox-BLO/Hoechst-H2AX.2026-02-13-21-50-52/Hoechst-H2AX_Plate_R_p00_0_F03f00d1.TIF","Doxorubicin","0.1","F03","D:/2026-02-13_U2OS-Hoechst-H2AX_STC-11A-11B-Dox-BLO/Hoechst-H2AX.2026-02-13-21-50-52","D:/2026-02-13_U2OS-Hoechst-H2AX_STC-11A-11B-Dox-BLO/Hoechst-H2AX.2026-02-13-21-50-52"
"658","D:/2026-02-13_U2OS-Hoechst-H2AX_STC-11A-11B-Dox-BLO/Hoechst-H2AX.2026-02-13-21-50-52/Hoechst-H2AX_Plate_R_p00_0_F03f01d0.TIF","D:/2026-02-13_U2OS-Hoechst-H2AX_STC-11A-11B-Dox-BLO/Hoechst-H2AX.2026-02-13-21-50-52/Hoechst-H2AX_Plate_R_p00_0_F03f01d1.TIF","Doxorubicin","0.1","F03","D:/2026-02-13_U2OS-Hoechst-H2AX_STC-11A-11B-Dox-BLO/Hoechst-H2AX.2026-02-13-21-50-52","D:/2026-02-13_U2OS-Hoechst-H2AX_STC-11A-11B-Dox-BLO/Hoechst-H2AX.2026-02-13-21-50-52"
"659","D:/2026-02-13_U2OS-Hoechst-H2AX_STC-11A-11B-Dox-BLO/Hoechst-H2AX.2026-02-13-21-50-52/Hoechst-H2AX_Plate_R_p00_0_F03f02d0.TIF","D:/2026-02-13_U2OS-Hoechst-H2AX_STC-11A-11B-Dox-BLO/Hoechst-H2AX.2026-02-13-21-50-52/Hoechst-H2AX_Plate_R_p00_0_F03f02d1.TIF","Doxorubicin","0.1","F03","D:/2026-02-13_U2OS-Hoechst-H2AX_STC-11A-11B-Dox-BLO/Hoechst-H2AX.2026-02-13-21-50-52","D:/2026-02-13_U2OS-Hoechst-H2AX_STC-11A-11B-Dox-BLO/Hoechst-H2AX.2026-02-13-21-50-52"
"660","D:/2026-02-13_U2OS-Hoechst-H2AX_STC-11A-11B-Dox-BLO/Hoechst-H2AX.2026-02-13-21-50-52/Hoechst-H2AX_Plate_R_p00_0_F03f03d0.TIF","D:/2026-02-13_U2OS-Hoechst-H2AX_STC-11A-11B-Dox-BLO/Hoechst-H2AX.2026-02-13-21-50-52/Hoechst-H2AX_Plate_R_p00_0_F03f03d1.TIF","Doxorubicin","0.1","F03","D:/2026-02-13_U2OS-Hoechst-H2AX_STC-11A-11B-Dox-BLO/Hoechst-H2AX.2026-02-13-21-50-52","D:/2026-02-13_U2OS-Hoechst-H2AX_STC-11A-11B-Dox-BLO/Hoechst-H2AX.2026-02-13-21-50-52"
"661","D:/2026-02-13_U2OS-Hoechst-H2AX_STC-11A-11B-Dox-BLO/Hoechst-H2AX.2026-02-13-21-50-52/Hoechst-H2AX_Plate_R_p00_0_F03f04d0.TIF","D:/2026-02-13_U2OS-Hoechst-H2AX_STC-11A-11B-Dox-BLO/Hoechst-H2AX.2026-02-13-21-50-52/Hoechst-H2AX_Plate_R_p00_0_F03f04d1.TIF","Doxorubicin","0.1","F03","D:/2026-02-13_U2OS-Hoechst-H2AX_STC-11A-11B-Dox-BLO/Hoechst-H2AX.2026-02-13-21-50-52","D:/2026-02-13_U2OS-Hoechst-H2AX_STC-11A-11B-Dox-BLO/Hoechst-H2AX.2026-02-13-21-50-52"
"662","D:/2026-02-13_U2OS-Hoechst-H2AX_STC-11A-11B-Dox-BLO/Hoechst-H2AX.2026-02-13-21-50-52/Hoechst-H2AX_Plate_R_p00_0_F03f05d0.TIF","D:/2026-02-13_U2OS-Hoechst-H2AX_STC-11A-11B-Dox-BLO/Hoechst-H2AX.2026-02-13-21-50-52/Hoechst-H2AX_Plate_R_p00_0_F03f05d1.TIF","Doxorubicin","0.1","F03","D:/2026-02-13_U2OS-Hoechst-H2AX_STC-11A-11B-Dox-BLO/Hoechst-H2AX.2026-02-13-21-50-52","D:/2026-02-13_U2OS-Hoechst-H2AX_STC-11A-11B-Dox-BLO/Hoechst-H2AX.2026-02-13-21-50-52"
"663","D:/2026-02-13_U2OS-Hoechst-H2AX_STC-11A-11B-Dox-BLO/Hoechst-H2AX.2026-02-13-21-50-52/Hoechst-H2AX_Plate_R_p00_0_F03f06d0.TIF","D:/2026-02-13_U2OS-Hoechst-H2AX_STC-11A-11B-Dox-BLO/Hoechst-H2AX.2026-02-13-21-50-52/Hoechst-H2AX_Plate_R_p00_0_F03f06d1.TIF","Doxorubicin","0.1","F03","D:/2026-02-13_U2OS-Hoechst-H2AX_STC-11A-11B-Dox-BLO/Hoechst-H2AX.2026-02-13-21-50-52","D:/2026-02-13_U2OS-Hoechst-H2AX_STC-11A-11B-Dox-BLO/Hoechst-H2AX.2026-02-13-21-50-52"
"664","D:/2026-02-13_U2OS-Hoechst-H2AX_STC-11A-11B-Dox-BLO/Hoechst-H2AX.2026-02-13-21-50-52/Hoechst-H2AX_Plate_R_p00_0_F03f07d0.TIF","D:/2026-02-13_U2OS-Hoechst-H2AX_STC-11A-11B-Dox-BLO/Hoechst-H2AX.2026-02-13-21-50-52/Hoechst-H2AX_Plate_R_p00_0_F03f07d1.TIF","Doxorubicin","0.1","F03","D:/2026-02-13_U2OS-Hoechst-H2AX_STC-11A-11B-Dox-BLO/Hoechst-H2AX.2026-02-13-21-50-52","D:/2026-02-13_U2OS-Hoechst-H2AX_STC-11A-11B-Dox-BLO/Hoechst-H2AX.2026-02-13-21-50-52"
"665","D:/2026-02-13_U2OS-Hoechst-H2AX_STC-11A-11B-Dox-BLO/Hoechst-H2AX.2026-02-13-21-50-52/Hoechst-H2AX_Plate_R_p00_0_F03f08d0.TIF","D:/2026-02-13_U2OS-Hoechst-H2AX_STC-11A-11B-Dox-BLO/Hoechst-H2AX.2026-02-13-21-50-52/Hoechst-H2AX_Plate_R_p00_0_F03f08d1.TIF","Doxorubicin","0.1","F03","D:/2026-02-13_U2OS-Hoechst-H2AX_STC-11A-11B-Dox-BLO/Hoechst-H2AX.2026-02-13-21-50-52","D:/2026-02-13_U2OS-Hoechst-H2AX_STC-11A-11B-Dox-BLO/Hoechst-H2AX.2026-02-13-21-50-52"
"666","D:/2026-02-13_U2OS-Hoechst-H2AX_STC-11A-11B-Dox-BLO/Hoechst-H2AX.2026-02-13-21-50-52/Hoechst-H2AX_Plate_R_p00_0_F03f09d0.TIF","D:/2026-02-13_U2OS-Hoechst-H2AX_STC-11A-11B-Dox-BLO/Hoechst-H2AX.2026-02-13-21-50-52/Hoechst-H2AX_Plate_R_p00_0_F03f09d1.TIF","Doxorubicin","0.1","F03","D:/2026-02-13_U2OS-Hoechst-H2AX_STC-11A-11B-Dox-BLO/Hoechst-H2AX.2026-02-13-21-50-52","D:/2026-02-13_U2OS-Hoechst-H2AX_STC-11A-11B-Dox-BLO/Hoechst-H2AX.2026-02-13-21-50-52"
"667","D:/2026-02-13_U2OS-Hoechst-H2AX_STC-11A-11B-Dox-BLO/Hoechst-H2AX.2026-02-13-21-50-52/Hoechst-H2AX_Plate_R_p00_0_F03f10d0.TIF","D:/2026-02-13_U2OS-Hoechst-H2AX_STC-11A-11B-Dox-BLO/Hoechst-H2AX.2026-02-13-21-50-52/Hoechst-H2AX_Plate_R_p00_0_F03f10d1.TIF","Doxorubicin","0.1","F03","D:/2026-02-13_U2OS-Hoechst-H2AX_STC-11A-11B-Dox-BLO/Hoechst-H2AX.2026-02-13-21-50-52","D:/2026-02-13_U2OS-Hoechst-H2AX_STC-11A-11B-Dox-BLO/Hoechst-H2AX.2026-02-13-21-50-52"
"668","D:/2026-02-13_U2OS-Hoechst-H2AX_STC-11A-11B-Dox-BLO/Hoechst-H2AX.2026-02-13-21-50-52/Hoechst-H2AX_Plate_R_p00_0_F03f11d0.TIF","D:/2026-02-13_U2OS-Hoechst-H2AX_STC-11A-11B-Dox-BLO/Hoechst-H2AX.2026-02-13-21-50-52/Hoechst-H2AX_Plate_R_p00_0_F03f11d1.TIF","Doxorubicin","0.1","F03","D:/2026-02-13_U2OS-Hoechst-H2AX_STC-11A-11B-Dox-BLO/Hoechst-H2AX.2026-02-13-21-50-52","D:/2026-02-13_U2OS-Hoechst-H2AX_STC-11A-11B-Dox-BLO/Hoechst-H2AX.2026-02-13-21-50-52"
"669","D:/2026-02-13_U2OS-Hoechst-H2AX_STC-11A-11B-Dox-BLO/Hoechst-H2AX.2026-02-13-21-50-52/Hoechst-H2AX_Plate_R_p00_0_F03f12d0.TIF","D:/2026-02-13_U2OS-Hoechst-H2AX_STC-11A-11B-Dox-BLO/Hoechst-H2AX.2026-02-13-21-50-52/Hoechst-H2AX_Plate_R_p00_0_F03f12d1.TIF","Doxorubicin","0.1","F03","D:/2026-02-13_U2OS-Hoechst-H2AX_STC-11A-11B-Dox-BLO/Hoechst-H2AX.2026-02-13-21-50-52","D:/2026-02-13_U2OS-Hoechst-H2AX_STC-11A-11B-Dox-BLO/Hoechst-H2AX.2026-02-13-21-50-52"
"670","D:/2026-02-13_U2OS-Hoechst-H2AX_STC-11A-11B-Dox-BLO/Hoechst-H2AX.2026-02-13-21-50-52/Hoechst-H2AX_Plate_R_p00_0_F03f13d0.TIF","D:/2026-02-13_U2OS-Hoechst-H2AX_STC-11A-11B-Dox-BLO/Hoechst-H2AX.2026-02-13-21-50-52/Hoechst-H2AX_Plate_R_p00_0_F03f13d1.TIF","Doxorubicin","0.1","F03","D:/2026-02-13_U2OS-Hoechst-H2AX_STC-11A-11B-Dox-BLO/Hoechst-H2AX.2026-02-13-21-50-52","D:/2026-02-13_U2OS-Hoechst-H2AX_STC-11A-11B-Dox-BLO/Hoechst-H2AX.2026-02-13-21-50-52"
"671","D:/2026-02-13_U2OS-Hoechst-H2AX_STC-11A-11B-Dox-BLO/Hoechst-H2AX.2026-02-13-21-50-52/Hoechst-H2AX_Plate_R_p00_0_F03f14d0.TIF","D:/2026-02-13_U2OS-Hoechst-H2AX_STC-11A-11B-Dox-BLO/Hoechst-H2AX.2026-02-13-21-50-52/Hoechst-H2AX_Plate_R_p00_0_F03f14d1.TIF","Doxorubicin","0.1","F03","D:/2026-02-13_U2OS-Hoechst-H2AX_STC-11A-11B-Dox-BLO/Hoechst-H2AX.2026-02-13-21-50-52","D:/2026-02-13_U2OS-Hoechst-H2AX_STC-11A-11B-Dox-BLO/Hoechst-H2AX.2026-02-13-21-50-52"
"672","D:/2026-02-13_U2OS-Hoechst-H2AX_STC-11A-11B-Dox-BLO/Hoechst-H2AX.2026-02-13-21-50-52/Hoechst-H2AX_Plate_R_p00_0_F03f15d0.TIF","D:/2026-02-13_U2OS-Hoechst-H2AX_STC-11A-11B-Dox-BLO/Hoechst-H2AX.2026-02-13-21-50-52/Hoechst-H2AX_Plate_R_p00_0_F03f15d1.TIF","Doxorubicin","0.1","F03","D:/2026-02-13_U2OS-Hoechst-H2AX_STC-11A-11B-Dox-BLO/Hoechst-H2AX.2026-02-13-21-50-52","D:/2026-02-13_U2OS-Hoechst-H2AX_STC-11A-11B-Dox-BLO/Hoechst-H2AX.2026-02-13-21-50-52"
"673","D:/2026-02-13_U2OS-Hoechst-H2AX_STC-11A-11B-Dox-BLO/Hoechst-H2AX.2026-02-13-21-50-52/Hoechst-H2AX_Plate_R_p00_0_F04f00d0.TIF","D:/2026-02-13_U2OS-Hoechst-H2AX_STC-11A-11B-Dox-BLO/Hoechst-H2AX.2026-02-13-21-50-52/Hoechst-H2AX_Plate_R_p00_0_F04f00d1.TIF","Doxorubicin","0.03","F04","D:/2026-02-13_U2OS-Hoechst-H2AX_STC-11A-11B-Dox-BLO/Hoechst-H2AX.2026-02-13-21-50-52","D:/2026-02-13_U2OS-Hoechst-H2AX_STC-11A-11B-Dox-BLO/Hoechst-H2AX.2026-02-13-21-50-52"
"674","D:/2026-02-13_U2OS-Hoechst-H2AX_STC-11A-11B-Dox-BLO/Hoechst-H2AX.2026-02-13-21-50-52/Hoechst-H2AX_Plate_R_p00_0_F04f01d0.TIF","D:/2026-02-13_U2OS-Hoechst-H2AX_STC-11A-11B-Dox-BLO/Hoechst-H2AX.2026-02-13-21-50-52/Hoechst-H2AX_Plate_R_p00_0_F04f01d1.TIF","Doxorubicin","0.03","F04","D:/2026-02-13_U2OS-Hoechst-H2AX_STC-11A-11B-Dox-BLO/Hoechst-H2AX.2026-02-13-21-50-52","D:/2026-02-13_U2OS-Hoechst-H2AX_STC-11A-11B-Dox-BLO/Hoechst-H2AX.2026-02-13-21-50-52"
"675","D:/2026-02-13_U2OS-Hoechst-H2AX_STC-11A-11B-Dox-BLO/Hoechst-H2AX.2026-02-13-21-50-52/Hoechst-H2AX_Plate_R_p00_0_F04f02d0.TIF","D:/2026-02-13_U2OS-Hoechst-H2AX_STC-11A-11B-Dox-BLO/Hoechst-H2AX.2026-02-13-21-50-52/Hoechst-H2AX_Plate_R_p00_0_F04f02d1.TIF","Doxorubicin","0.03","F04","D:/2026-02-13_U2OS-Hoechst-H2AX_STC-11A-11B-Dox-BLO/Hoechst-H2AX.2026-02-13-21-50-52","D:/2026-02-13_U2OS-Hoechst-H2AX_STC-11A-11B-Dox-BLO/Hoechst-H2AX.2026-02-13-21-50-52"
"676","D:/2026-02-13_U2OS-Hoechst-H2AX_STC-11A-11B-Dox-BLO/Hoechst-H2AX.2026-02-13-21-50-52/Hoechst-H2AX_Plate_R_p00_0_F04f03d0.TIF","D:/2026-02-13_U2OS-Hoechst-H2AX_STC-11A-11B-Dox-BLO/Hoechst-H2AX.2026-02-13-21-50-52/Hoechst-H2AX_Plate_R_p00_0_F04f03d1.TIF","Doxorubicin","0.03","F04","D:/2026-02-13_U2OS-Hoechst-H2AX_STC-11A-11B-Dox-BLO/Hoechst-H2AX.2026-02-13-21-50-52","D:/2026-02-13_U2OS-Hoechst-H2AX_STC-11A-11B-Dox-BLO/Hoechst-H2AX.2026-02-13-21-50-52"
"677","D:/2026-02-13_U2OS-Hoechst-H2AX_STC-11A-11B-Dox-BLO/Hoechst-H2AX.2026-02-13-21-50-52/Hoechst-H2AX_Plate_R_p00_0_F04f04d0.TIF","D:/2026-02-13_U2OS-Hoechst-H2AX_STC-11A-11B-Dox-BLO/Hoechst-H2AX.2026-02-13-21-50-52/Hoechst-H2AX_Plate_R_p00_0_F04f04d1.TIF","Doxorubicin","0.03","F04","D:/2026-02-13_U2OS-Hoechst-H2AX_STC-11A-11B-Dox-BLO/Hoechst-H2AX.2026-02-13-21-50-52","D:/2026-02-13_U2OS-Hoechst-H2AX_STC-11A-11B-Dox-BLO/Hoechst-H2AX.2026-02-13-21-50-52"
"678","D:/2026-02-13_U2OS-Hoechst-H2AX_STC-11A-11B-Dox-BLO/Hoechst-H2AX.2026-02-13-21-50-52/Hoechst-H2AX_Plate_R_p00_0_F04f05d0.TIF","D:/2026-02-13_U2OS-Hoechst-H2AX_STC-11A-11B-Dox-BLO/Hoechst-H2AX.2026-02-13-21-50-52/Hoechst-H2AX_Plate_R_p00_0_F04f05d1.TIF","Doxorubicin","0.03","F04","D:/2026-02-13_U2OS-Hoechst-H2AX_STC-11A-11B-Dox-BLO/Hoechst-H2AX.2026-02-13-21-50-52","D:/2026-02-13_U2OS-Hoechst-H2AX_STC-11A-11B-Dox-BLO/Hoechst-H2AX.2026-02-13-21-50-52"
"679","D:/2026-02-13_U2OS-Hoechst-H2AX_STC-11A-11B-Dox-BLO/Hoechst-H2AX.2026-02-13-21-50-52/Hoechst-H2AX_Plate_R_p00_0_F04f06d0.TIF","D:/2026-02-13_U2OS-Hoechst-H2AX_STC-11A-11B-Dox-BLO/Hoechst-H2AX.2026-02-13-21-50-52/Hoechst-H2AX_Plate_R_p00_0_F04f06d1.TIF","Doxorubicin","0.03","F04","D:/2026-02-13_U2OS-Hoechst-H2AX_STC-11A-11B-Dox-BLO/Hoechst-H2AX.2026-02-13-21-50-52","D:/2026-02-13_U2OS-Hoechst-H2AX_STC-11A-11B-Dox-BLO/Hoechst-H2AX.2026-02-13-21-50-52"
"680","D:/2026-02-13_U2OS-Hoechst-H2AX_STC-11A-11B-Dox-BLO/Hoechst-H2AX.2026-02-13-21-50-52/Hoechst-H2AX_Plate_R_p00_0_F04f07d0.TIF","D:/2026-02-13_U2OS-Hoechst-H2AX_STC-11A-11B-Dox-BLO/Hoechst-H2AX.2026-02-13-21-50-52/Hoechst-H2AX_Plate_R_p00_0_F04f07d1.TIF","Doxorubicin","0.03","F04","D:/2026-02-13_U2OS-Hoechst-H2AX_STC-11A-11B-Dox-BLO/Hoechst-H2AX.2026-02-13-21-50-52","D:/2026-02-13_U2OS-Hoechst-H2AX_STC-11A-11B-Dox-BLO/Hoechst-H2AX.2026-02-13-21-50-52"
"681","D:/2026-02-13_U2OS-Hoechst-H2AX_STC-11A-11B-Dox-BLO/Hoechst-H2AX.2026-02-13-21-50-52/Hoechst-H2AX_Plate_R_p00_0_F04f08d0.TIF","D:/2026-02-13_U2OS-Hoechst-H2AX_STC-11A-11B-Dox-BLO/Hoechst-H2AX.2026-02-13-21-50-52/Hoechst-H2AX_Plate_R_p00_0_F04f08d1.TIF","Doxorubicin","0.03","F04","D:/2026-02-13_U2OS-Hoechst-H2AX_STC-11A-11B-Dox-BLO/Hoechst-H2AX.2026-02-13-21-50-52","D:/2026-02-13_U2OS-Hoechst-H2AX_STC-11A-11B-Dox-BLO/Hoechst-H2AX.2026-02-13-21-50-52"
"682","D:/2026-02-13_U2OS-Hoechst-H2AX_STC-11A-11B-Dox-BLO/Hoechst-H2AX.2026-02-13-21-50-52/Hoechst-H2AX_Plate_R_p00_0_F04f09d0.TIF","D:/2026-02-13_U2OS-Hoechst-H2AX_STC-11A-11B-Dox-BLO/Hoechst-H2AX.2026-02-13-21-50-52/Hoechst-H2AX_Plate_R_p00_0_F04f09d1.TIF","Doxorubicin","0.03","F04","D:/2026-02-13_U2OS-Hoechst-H2AX_STC-11A-11B-Dox-BLO/Hoechst-H2AX.2026-02-13-21-50-52","D:/2026-02-13_U2OS-Hoechst-H2AX_STC-11A-11B-Dox-BLO/Hoechst-H2AX.2026-02-13-21-50-52"
"683","D:/2026-02-13_U2OS-Hoechst-H2AX_STC-11A-11B-Dox-BLO/Hoechst-H2AX.2026-02-13-21-50-52/Hoechst-H2AX_Plate_R_p00_0_F04f10d0.TIF","D:/2026-02-13_U2OS-Hoechst-H2AX_STC-11A-11B-Dox-BLO/Hoechst-H2AX.2026-02-13-21-50-52/Hoechst-H2AX_Plate_R_p00_0_F04f10d1.TIF","Doxorubicin","0.03","F04","D:/2026-02-13_U2OS-Hoechst-H2AX_STC-11A-11B-Dox-BLO/Hoechst-H2AX.2026-02-13-21-50-52","D:/2026-02-13_U2OS-Hoechst-H2AX_STC-11A-11B-Dox-BLO/Hoechst-H2AX.2026-02-13-21-50-52"
"684","D:/2026-02-13_U2OS-Hoechst-H2AX_STC-11A-11B-Dox-BLO/Hoechst-H2AX.2026-02-13-21-50-52/Hoechst-H2AX_Plate_R_p00_0_F04f11d0.TIF","D:/2026-02-13_U2OS-Hoechst-H2AX_STC-11A-11B-Dox-BLO/Hoechst-H2AX.2026-02-13-21-50-52/Hoechst-H2AX_Plate_R_p00_0_F04f11d1.TIF","Doxorubicin","0.03","F04","D:/2026-02-13_U2OS-Hoechst-H2AX_STC-11A-11B-Dox-BLO/Hoechst-H2AX.2026-02-13-21-50-52","D:/2026-02-13_U2OS-Hoechst-H2AX_STC-11A-11B-Dox-BLO/Hoechst-H2AX.2026-02-13-21-50-52"
"685","D:/2026-02-13_U2OS-Hoechst-H2AX_STC-11A-11B-Dox-BLO/Hoechst-H2AX.2026-02-13-21-50-52/Hoechst-H2AX_Plate_R_p00_0_F04f12d0.TIF","D:/2026-02-13_U2OS-Hoechst-H2AX_STC-11A-11B-Dox-BLO/Hoechst-H2AX.2026-02-13-21-50-52/Hoechst-H2AX_Plate_R_p00_0_F04f12d1.TIF","Doxorubicin","0.03","F04","D:/2026-02-13_U2OS-Hoechst-H2AX_STC-11A-11B-Dox-BLO/Hoechst-H2AX.2026-02-13-21-50-52","D:/2026-02-13_U2OS-Hoechst-H2AX_STC-11A-11B-Dox-BLO/Hoechst-H2AX.2026-02-13-21-50-52"
"686","D:/2026-02-13_U2OS-Hoechst-H2AX_STC-11A-11B-Dox-BLO/Hoechst-H2AX.2026-02-13-21-50-52/Hoechst-H2AX_Plate_R_p00_0_F04f13d0.TIF","D:/2026-02-13_U2OS-Hoechst-H2AX_STC-11A-11B-Dox-BLO/Hoechst-H2AX.2026-02-13-21-50-52/Hoechst-H2AX_Plate_R_p00_0_F04f13d1.TIF","Doxorubicin","0.03","F04","D:/2026-02-13_U2OS-Hoechst-H2AX_STC-11A-11B-Dox-BLO/Hoechst-H2AX.2026-02-13-21-50-52","D:/2026-02-13_U2OS-Hoechst-H2AX_STC-11A-11B-Dox-BLO/Hoechst-H2AX.2026-02-13-21-50-52"
"687","D:/2026-02-13_U2OS-Hoechst-H2AX_STC-11A-11B-Dox-BLO/Hoechst-H2AX.2026-02-13-21-50-52/Hoechst-H2AX_Plate_R_p00_0_F04f14d0.TIF","D:/2026-02-13_U2OS-Hoechst-H2AX_STC-11A-11B-Dox-BLO/Hoechst-H2AX.2026-02-13-21-50-52/Hoechst-H2AX_Plate_R_p00_0_F04f14d1.TIF","Doxorubicin","0.03","F04","D:/2026-02-13_U2OS-Hoechst-H2AX_STC-11A-11B-Dox-BLO/Hoechst-H2AX.2026-02-13-21-50-52","D:/2026-02-13_U2OS-Hoechst-H2AX_STC-11A-11B-Dox-BLO/Hoechst-H2AX.2026-02-13-21-50-52"
"688","D:/2026-02-13_U2OS-Hoechst-H2AX_STC-11A-11B-Dox-BLO/Hoechst-H2AX.2026-02-13-21-50-52/Hoechst-H2AX_Plate_R_p00_0_F04f15d0.TIF","D:/2026-02-13_U2OS-Hoechst-H2AX_STC-11A-11B-Dox-BLO/Hoechst-H2AX.2026-02-13-21-50-52/Hoechst-H2AX_Plate_R_p00_0_F04f15d1.TIF","Doxorubicin","0.03","F04","D:/2026-02-13_U2OS-Hoechst-H2AX_STC-11A-11B-Dox-BLO/Hoechst-H2AX.2026-02-13-21-50-52","D:/2026-02-13_U2OS-Hoechst-H2AX_STC-11A-11B-Dox-BLO/Hoechst-H2AX.2026-02-13-21-50-52"
"689","D:/2026-02-13_U2OS-Hoechst-H2AX_STC-11A-11B-Dox-BLO/Hoechst-H2AX.2026-02-13-21-50-52/Hoechst-H2AX_Plate_R_p00_0_F05f00d0.TIF","D:/2026-02-13_U2OS-Hoechst-H2AX_STC-11A-11B-Dox-BLO/Hoechst-H2AX.2026-02-13-21-50-52/Hoechst-H2AX_Plate_R_p00_0_F05f00d1.TIF","KCB25-11B","10","F05","D:/2026-02-13_U2OS-Hoechst-H2AX_STC-11A-11B-Dox-BLO/Hoechst-H2AX.2026-02-13-21-50-52","D:/2026-02-13_U2OS-Hoechst-H2AX_STC-11A-11B-Dox-BLO/Hoechst-H2AX.2026-02-13-21-50-52"
"690","D:/2026-02-13_U2OS-Hoechst-H2AX_STC-11A-11B-Dox-BLO/Hoechst-H2AX.2026-02-13-21-50-52/Hoechst-H2AX_Plate_R_p00_0_F05f01d0.TIF","D:/2026-02-13_U2OS-Hoechst-H2AX_STC-11A-11B-Dox-BLO/Hoechst-H2AX.2026-02-13-21-50-52/Hoechst-H2AX_Plate_R_p00_0_F05f01d1.TIF","KCB25-11B","10","F05","D:/2026-02-13_U2OS-Hoechst-H2AX_STC-11A-11B-Dox-BLO/Hoechst-H2AX.2026-02-13-21-50-52","D:/2026-02-13_U2OS-Hoechst-H2AX_STC-11A-11B-Dox-BLO/Hoechst-H2AX.2026-02-13-21-50-52"
"691","D:/2026-02-13_U2OS-Hoechst-H2AX_STC-11A-11B-Dox-BLO/Hoechst-H2AX.2026-02-13-21-50-52/Hoechst-H2AX_Plate_R_p00_0_F05f02d0.TIF","D:/2026-02-13_U2OS-Hoechst-H2AX_STC-11A-11B-Dox-BLO/Hoechst-H2AX.2026-02-13-21-50-52/Hoechst-H2AX_Plate_R_p00_0_F05f02d1.TIF","KCB25-11B","10","F05","D:/2026-02-13_U2OS-Hoechst-H2AX_STC-11A-11B-Dox-BLO/Hoechst-H2AX.2026-02-13-21-50-52","D:/2026-02-13_U2OS-Hoechst-H2AX_STC-11A-11B-Dox-BLO/Hoechst-H2AX.2026-02-13-21-50-52"
"692","D:/2026-02-13_U2OS-Hoechst-H2AX_STC-11A-11B-Dox-BLO/Hoechst-H2AX.2026-02-13-21-50-52/Hoechst-H2AX_Plate_R_p00_0_F05f03d0.TIF","D:/2026-02-13_U2OS-Hoechst-H2AX_STC-11A-11B-Dox-BLO/Hoechst-H2AX.2026-02-13-21-50-52/Hoechst-H2AX_Plate_R_p00_0_F05f03d1.TIF","KCB25-11B","10","F05","D:/2026-02-13_U2OS-Hoechst-H2AX_STC-11A-11B-Dox-BLO/Hoechst-H2AX.2026-02-13-21-50-52","D:/2026-02-13_U2OS-Hoechst-H2AX_STC-11A-11B-Dox-BLO/Hoechst-H2AX.2026-02-13-21-50-52"
"693","D:/2026-02-13_U2OS-Hoechst-H2AX_STC-11A-11B-Dox-BLO/Hoechst-H2AX.2026-02-13-21-50-52/Hoechst-H2AX_Plate_R_p00_0_F05f04d0.TIF","D:/2026-02-13_U2OS-Hoechst-H2AX_STC-11A-11B-Dox-BLO/Hoechst-H2AX.2026-02-13-21-50-52/Hoechst-H2AX_Plate_R_p00_0_F05f04d1.TIF","KCB25-11B","10","F05","D:/2026-02-13_U2OS-Hoechst-H2AX_STC-11A-11B-Dox-BLO/Hoechst-H2AX.2026-02-13-21-50-52","D:/2026-02-13_U2OS-Hoechst-H2AX_STC-11A-11B-Dox-BLO/Hoechst-H2AX.2026-02-13-21-50-52"
"694","D:/2026-02-13_U2OS-Hoechst-H2AX_STC-11A-11B-Dox-BLO/Hoechst-H2AX.2026-02-13-21-50-52/Hoechst-H2AX_Plate_R_p00_0_F05f05d0.TIF","D:/2026-02-13_U2OS-Hoechst-H2AX_STC-11A-11B-Dox-BLO/Hoechst-H2AX.2026-02-13-21-50-52/Hoechst-H2AX_Plate_R_p00_0_F05f05d1.TIF","KCB25-11B","10","F05","D:/2026-02-13_U2OS-Hoechst-H2AX_STC-11A-11B-Dox-BLO/Hoechst-H2AX.2026-02-13-21-50-52","D:/2026-02-13_U2OS-Hoechst-H2AX_STC-11A-11B-Dox-BLO/Hoechst-H2AX.2026-02-13-21-50-52"
"695","D:/2026-02-13_U2OS-Hoechst-H2AX_STC-11A-11B-Dox-BLO/Hoechst-H2AX.2026-02-13-21-50-52/Hoechst-H2AX_Plate_R_p00_0_F05f06d0.TIF","D:/2026-02-13_U2OS-Hoechst-H2AX_STC-11A-11B-Dox-BLO/Hoechst-H2AX.2026-02-13-21-50-52/Hoechst-H2AX_Plate_R_p00_0_F05f06d1.TIF","KCB25-11B","10","F05","D:/2026-02-13_U2OS-Hoechst-H2AX_STC-11A-11B-Dox-BLO/Hoechst-H2AX.2026-02-13-21-50-52","D:/2026-02-13_U2OS-Hoechst-H2AX_STC-11A-11B-Dox-BLO/Hoechst-H2AX.2026-02-13-21-50-52"
"696","D:/2026-02-13_U2OS-Hoechst-H2AX_STC-11A-11B-Dox-BLO/Hoechst-H2AX.2026-02-13-21-50-52/Hoechst-H2AX_Plate_R_p00_0_F05f07d0.TIF","D:/2026-02-13_U2OS-Hoechst-H2AX_STC-11A-11B-Dox-BLO/Hoechst-H2AX.2026-02-13-21-50-52/Hoechst-H2AX_Plate_R_p00_0_F05f07d1.TIF","KCB25-11B","10","F05","D:/2026-02-13_U2OS-Hoechst-H2AX_STC-11A-11B-Dox-BLO/Hoechst-H2AX.2026-02-13-21-50-52","D:/2026-02-13_U2OS-Hoechst-H2AX_STC-11A-11B-Dox-BLO/Hoechst-H2AX.2026-02-13-21-50-52"
"697","D:/2026-02-13_U2OS-Hoechst-H2AX_STC-11A-11B-Dox-BLO/Hoechst-H2AX.2026-02-13-21-50-52/Hoechst-H2AX_Plate_R_p00_0_F05f08d0.TIF","D:/2026-02-13_U2OS-Hoechst-H2AX_STC-11A-11B-Dox-BLO/Hoechst-H2AX.2026-02-13-21-50-52/Hoechst-H2AX_Plate_R_p00_0_F05f08d1.TIF","KCB25-11B","10","F05","D:/2026-02-13_U2OS-Hoechst-H2AX_STC-11A-11B-Dox-BLO/Hoechst-H2AX.2026-02-13-21-50-52","D:/2026-02-13_U2OS-Hoechst-H2AX_STC-11A-11B-Dox-BLO/Hoechst-H2AX.2026-02-13-21-50-52"
"698","D:/2026-02-13_U2OS-Hoechst-H2AX_STC-11A-11B-Dox-BLO/Hoechst-H2AX.2026-02-13-21-50-52/Hoechst-H2AX_Plate_R_p00_0_F05f09d0.TIF","D:/2026-02-13_U2OS-Hoechst-H2AX_STC-11A-11B-Dox-BLO/Hoechst-H2AX.2026-02-13-21-50-52/Hoechst-H2AX_Plate_R_p00_0_F05f09d1.TIF","KCB25-11B","10","F05","D:/2026-02-13_U2OS-Hoechst-H2AX_STC-11A-11B-Dox-BLO/Hoechst-H2AX.2026-02-13-21-50-52","D:/2026-02-13_U2OS-Hoechst-H2AX_STC-11A-11B-Dox-BLO/Hoechst-H2AX.2026-02-13-21-50-52"
"699","D:/2026-02-13_U2OS-Hoechst-H2AX_STC-11A-11B-Dox-BLO/Hoechst-H2AX.2026-02-13-21-50-52/Hoechst-H2AX_Plate_R_p00_0_F05f10d0.TIF","D:/2026-02-13_U2OS-Hoechst-H2AX_STC-11A-11B-Dox-BLO/Hoechst-H2AX.2026-02-13-21-50-52/Hoechst-H2AX_Plate_R_p00_0_F05f10d1.TIF","KCB25-11B","10","F05","D:/2026-02-13_U2OS-Hoechst-H2AX_STC-11A-11B-Dox-BLO/Hoechst-H2AX.2026-02-13-21-50-52","D:/2026-02-13_U2OS-Hoechst-H2AX_STC-11A-11B-Dox-BLO/Hoechst-H2AX.2026-02-13-21-50-52"
"700","D:/2026-02-13_U2OS-Hoechst-H2AX_STC-11A-11B-Dox-BLO/Hoechst-H2AX.2026-02-13-21-50-52/Hoechst-H2AX_Plate_R_p00_0_F05f11d0.TIF","D:/2026-02-13_U2OS-Hoechst-H2AX_STC-11A-11B-Dox-BLO/Hoechst-H2AX.2026-02-13-21-50-52/Hoechst-H2AX_Plate_R_p00_0_F05f11d1.TIF","KCB25-11B","10","F05","D:/2026-02-13_U2OS-Hoechst-H2AX_STC-11A-11B-Dox-BLO/Hoechst-H2AX.2026-02-13-21-50-52","D:/2026-02-13_U2OS-Hoechst-H2AX_STC-11A-11B-Dox-BLO/Hoechst-H2AX.2026-02-13-21-50-52"
"701","D:/2026-02-13_U2OS-Hoechst-H2AX_STC-11A-11B-Dox-BLO/Hoechst-H2AX.2026-02-13-21-50-52/Hoechst-H2AX_Plate_R_p00_0_F05f12d0.TIF","D:/2026-02-13_U2OS-Hoechst-H2AX_STC-11A-11B-Dox-BLO/Hoechst-H2AX.2026-02-13-21-50-52/Hoechst-H2AX_Plate_R_p00_0_F05f12d1.TIF","KCB25-11B","10","F05","D:/2026-02-13_U2OS-Hoechst-H2AX_STC-11A-11B-Dox-BLO/Hoechst-H2AX.2026-02-13-21-50-52","D:/2026-02-13_U2OS-Hoechst-H2AX_STC-11A-11B-Dox-BLO/Hoechst-H2AX.2026-02-13-21-50-52"
"702","D:/2026-02-13_U2OS-Hoechst-H2AX_STC-11A-11B-Dox-BLO/Hoechst-H2AX.2026-02-13-21-50-52/Hoechst-H2AX_Plate_R_p00_0_F05f13d0.TIF","D:/2026-02-13_U2OS-Hoechst-H2AX_STC-11A-11B-Dox-BLO/Hoechst-H2AX.2026-02-13-21-50-52/Hoechst-H2AX_Plate_R_p00_0_F05f13d1.TIF","KCB25-11B","10","F05","D:/2026-02-13_U2OS-Hoechst-H2AX_STC-11A-11B-Dox-BLO/Hoechst-H2AX.2026-02-13-21-50-52","D:/2026-02-13_U2OS-Hoechst-H2AX_STC-11A-11B-Dox-BLO/Hoechst-H2AX.2026-02-13-21-50-52"
"703","D:/2026-02-13_U2OS-Hoechst-H2AX_STC-11A-11B-Dox-BLO/Hoechst-H2AX.2026-02-13-21-50-52/Hoechst-H2AX_Plate_R_p00_0_F05f14d0.TIF","D:/2026-02-13_U2OS-Hoechst-H2AX_STC-11A-11B-Dox-BLO/Hoechst-H2AX.2026-02-13-21-50-52/Hoechst-H2AX_Plate_R_p00_0_F05f14d1.TIF","KCB25-11B","10","F05","D:/2026-02-13_U2OS-Hoechst-H2AX_STC-11A-11B-Dox-BLO/Hoechst-H2AX.2026-02-13-21-50-52","D:/2026-02-13_U2OS-Hoechst-H2AX_STC-11A-11B-Dox-BLO/Hoechst-H2AX.2026-02-13-21-50-52"
"704","D:/2026-02-13_U2OS-Hoechst-H2AX_STC-11A-11B-Dox-BLO/Hoechst-H2AX.2026-02-13-21-50-52/Hoechst-H2AX_Plate_R_p00_0_F05f15d0.TIF","D:/2026-02-13_U2OS-Hoechst-H2AX_STC-11A-11B-Dox-BLO/Hoechst-H2AX.2026-02-13-21-50-52/Hoechst-H2AX_Plate_R_p00_0_F05f15d1.TIF","KCB25-11B","10","F05","D:/2026-02-13_U2OS-Hoechst-H2AX_STC-11A-11B-Dox-BLO/Hoechst-H2AX.2026-02-13-21-50-52","D:/2026-02-13_U2OS-Hoechst-H2AX_STC-11A-11B-Dox-BLO/Hoechst-H2AX.2026-02-13-21-50-52"
"705","D:/2026-02-13_U2OS-Hoechst-H2AX_STC-11A-11B-Dox-BLO/Hoechst-H2AX.2026-02-13-21-50-52/Hoechst-H2AX_Plate_R_p00_0_F06f00d0.TIF","D:/2026-02-13_U2OS-Hoechst-H2AX_STC-11A-11B-Dox-BLO/Hoechst-H2AX.2026-02-13-21-50-52/Hoechst-H2AX_Plate_R_p00_0_F06f00d1.TIF","KCB25-11B","3","F06","D:/2026-02-13_U2OS-Hoechst-H2AX_STC-11A-11B-Dox-BLO/Hoechst-H2AX.2026-02-13-21-50-52","D:/2026-02-13_U2OS-Hoechst-H2AX_STC-11A-11B-Dox-BLO/Hoechst-H2AX.2026-02-13-21-50-52"
"706","D:/2026-02-13_U2OS-Hoechst-H2AX_STC-11A-11B-Dox-BLO/Hoechst-H2AX.2026-02-13-21-50-52/Hoechst-H2AX_Plate_R_p00_0_F06f01d0.TIF","D:/2026-02-13_U2OS-Hoechst-H2AX_STC-11A-11B-Dox-BLO/Hoechst-H2AX.2026-02-13-21-50-52/Hoechst-H2AX_Plate_R_p00_0_F06f01d1.TIF","KCB25-11B","3","F06","D:/2026-02-13_U2OS-Hoechst-H2AX_STC-11A-11B-Dox-BLO/Hoechst-H2AX.2026-02-13-21-50-52","D:/2026-02-13_U2OS-Hoechst-H2AX_STC-11A-11B-Dox-BLO/Hoechst-H2AX.2026-02-13-21-50-52"
"707","D:/2026-02-13_U2OS-Hoechst-H2AX_STC-11A-11B-Dox-BLO/Hoechst-H2AX.2026-02-13-21-50-52/Hoechst-H2AX_Plate_R_p00_0_F06f02d0.TIF","D:/2026-02-13_U2OS-Hoechst-H2AX_STC-11A-11B-Dox-BLO/Hoechst-H2AX.2026-02-13-21-50-52/Hoechst-H2AX_Plate_R_p00_0_F06f02d1.TIF","KCB25-11B","3","F06","D:/2026-02-13_U2OS-Hoechst-H2AX_STC-11A-11B-Dox-BLO/Hoechst-H2AX.2026-02-13-21-50-52","D:/2026-02-13_U2OS-Hoechst-H2AX_STC-11A-11B-Dox-BLO/Hoechst-H2AX.2026-02-13-21-50-52"
"708","D:/2026-02-13_U2OS-Hoechst-H2AX_STC-11A-11B-Dox-BLO/Hoechst-H2AX.2026-02-13-21-50-52/Hoechst-H2AX_Plate_R_p00_0_F06f03d0.TIF","D:/2026-02-13_U2OS-Hoechst-H2AX_STC-11A-11B-Dox-BLO/Hoechst-H2AX.2026-02-13-21-50-52/Hoechst-H2AX_Plate_R_p00_0_F06f03d1.TIF","KCB25-11B","3","F06","D:/2026-02-13_U2OS-Hoechst-H2AX_STC-11A-11B-Dox-BLO/Hoechst-H2AX.2026-02-13-21-50-52","D:/2026-02-13_U2OS-Hoechst-H2AX_STC-11A-11B-Dox-BLO/Hoechst-H2AX.2026-02-13-21-50-52"
"709","D:/2026-02-13_U2OS-Hoechst-H2AX_STC-11A-11B-Dox-BLO/Hoechst-H2AX.2026-02-13-21-50-52/Hoechst-H2AX_Plate_R_p00_0_F06f04d0.TIF","D:/2026-02-13_U2OS-Hoechst-H2AX_STC-11A-11B-Dox-BLO/Hoechst-H2AX.2026-02-13-21-50-52/Hoechst-H2AX_Plate_R_p00_0_F06f04d1.TIF","KCB25-11B","3","F06","D:/2026-02-13_U2OS-Hoechst-H2AX_STC-11A-11B-Dox-BLO/Hoechst-H2AX.2026-02-13-21-50-52","D:/2026-02-13_U2OS-Hoechst-H2AX_STC-11A-11B-Dox-BLO/Hoechst-H2AX.2026-02-13-21-50-52"
"710","D:/2026-02-13_U2OS-Hoechst-H2AX_STC-11A-11B-Dox-BLO/Hoechst-H2AX.2026-02-13-21-50-52/Hoechst-H2AX_Plate_R_p00_0_F06f05d0.TIF","D:/2026-02-13_U2OS-Hoechst-H2AX_STC-11A-11B-Dox-BLO/Hoechst-H2AX.2026-02-13-21-50-52/Hoechst-H2AX_Plate_R_p00_0_F06f05d1.TIF","KCB25-11B","3","F06","D:/2026-02-13_U2OS-Hoechst-H2AX_STC-11A-11B-Dox-BLO/Hoechst-H2AX.2026-02-13-21-50-52","D:/2026-02-13_U2OS-Hoechst-H2AX_STC-11A-11B-Dox-BLO/Hoechst-H2AX.2026-02-13-21-50-52"
"711","D:/2026-02-13_U2OS-Hoechst-H2AX_STC-11A-11B-Dox-BLO/Hoechst-H2AX.2026-02-13-21-50-52/Hoechst-H2AX_Plate_R_p00_0_F06f06d0.TIF","D:/2026-02-13_U2OS-Hoechst-H2AX_STC-11A-11B-Dox-BLO/Hoechst-H2AX.2026-02-13-21-50-52/Hoechst-H2AX_Plate_R_p00_0_F06f06d1.TIF","KCB25-11B","3","F06","D:/2026-02-13_U2OS-Hoechst-H2AX_STC-11A-11B-Dox-BLO/Hoechst-H2AX.2026-02-13-21-50-52","D:/2026-02-13_U2OS-Hoechst-H2AX_STC-11A-11B-Dox-BLO/Hoechst-H2AX.2026-02-13-21-50-52"
"712","D:/2026-02-13_U2OS-Hoechst-H2AX_STC-11A-11B-Dox-BLO/Hoechst-H2AX.2026-02-13-21-50-52/Hoechst-H2AX_Plate_R_p00_0_F06f07d0.TIF","D:/2026-02-13_U2OS-Hoechst-H2AX_STC-11A-11B-Dox-BLO/Hoechst-H2AX.2026-02-13-21-50-52/Hoechst-H2AX_Plate_R_p00_0_F06f07d1.TIF","KCB25-11B","3","F06","D:/2026-02-13_U2OS-Hoechst-H2AX_STC-11A-11B-Dox-BLO/Hoechst-H2AX.2026-02-13-21-50-52","D:/2026-02-13_U2OS-Hoechst-H2AX_STC-11A-11B-Dox-BLO/Hoechst-H2AX.2026-02-13-21-50-52"
"713","D:/2026-02-13_U2OS-Hoechst-H2AX_STC-11A-11B-Dox-BLO/Hoechst-H2AX.2026-02-13-21-50-52/Hoechst-H2AX_Plate_R_p00_0_F06f08d0.TIF","D:/2026-02-13_U2OS-Hoechst-H2AX_STC-11A-11B-Dox-BLO/Hoechst-H2AX.2026-02-13-21-50-52/Hoechst-H2AX_Plate_R_p00_0_F06f08d1.TIF","KCB25-11B","3","F06","D:/2026-02-13_U2OS-Hoechst-H2AX_STC-11A-11B-Dox-BLO/Hoechst-H2AX.2026-02-13-21-50-52","D:/2026-02-13_U2OS-Hoechst-H2AX_STC-11A-11B-Dox-BLO/Hoechst-H2AX.2026-02-13-21-50-52"
"714","D:/2026-02-13_U2OS-Hoechst-H2AX_STC-11A-11B-Dox-BLO/Hoechst-H2AX.2026-02-13-21-50-52/Hoechst-H2AX_Plate_R_p00_0_F06f09d0.TIF","D:/2026-02-13_U2OS-Hoechst-H2AX_STC-11A-11B-Dox-BLO/Hoechst-H2AX.2026-02-13-21-50-52/Hoechst-H2AX_Plate_R_p00_0_F06f09d1.TIF","KCB25-11B","3","F06","D:/2026-02-13_U2OS-Hoechst-H2AX_STC-11A-11B-Dox-BLO/Hoechst-H2AX.2026-02-13-21-50-52","D:/2026-02-13_U2OS-Hoechst-H2AX_STC-11A-11B-Dox-BLO/Hoechst-H2AX.2026-02-13-21-50-52"
"715","D:/2026-02-13_U2OS-Hoechst-H2AX_STC-11A-11B-Dox-BLO/Hoechst-H2AX.2026-02-13-21-50-52/Hoechst-H2AX_Plate_R_p00_0_F06f10d0.TIF","D:/2026-02-13_U2OS-Hoechst-H2AX_STC-11A-11B-Dox-BLO/Hoechst-H2AX.2026-02-13-21-50-52/Hoechst-H2AX_Plate_R_p00_0_F06f10d1.TIF","KCB25-11B","3","F06","D:/2026-02-13_U2OS-Hoechst-H2AX_STC-11A-11B-Dox-BLO/Hoechst-H2AX.2026-02-13-21-50-52","D:/2026-02-13_U2OS-Hoechst-H2AX_STC-11A-11B-Dox-BLO/Hoechst-H2AX.2026-02-13-21-50-52"
"716","D:/2026-02-13_U2OS-Hoechst-H2AX_STC-11A-11B-Dox-BLO/Hoechst-H2AX.2026-02-13-21-50-52/Hoechst-H2AX_Plate_R_p00_0_F06f11d0.TIF","D:/2026-02-13_U2OS-Hoechst-H2AX_STC-11A-11B-Dox-BLO/Hoechst-H2AX.2026-02-13-21-50-52/Hoechst-H2AX_Plate_R_p00_0_F06f11d1.TIF","KCB25-11B","3","F06","D:/2026-02-13_U2OS-Hoechst-H2AX_STC-11A-11B-Dox-BLO/Hoechst-H2AX.2026-02-13-21-50-52","D:/2026-02-13_U2OS-Hoechst-H2AX_STC-11A-11B-Dox-BLO/Hoechst-H2AX.2026-02-13-21-50-52"
"717","D:/2026-02-13_U2OS-Hoechst-H2AX_STC-11A-11B-Dox-BLO/Hoechst-H2AX.2026-02-13-21-50-52/Hoechst-H2AX_Plate_R_p00_0_F06f12d0.TIF","D:/2026-02-13_U2OS-Hoechst-H2AX_STC-11A-11B-Dox-BLO/Hoechst-H2AX.2026-02-13-21-50-52/Hoechst-H2AX_Plate_R_p00_0_F06f12d1.TIF","KCB25-11B","3","F06","D:/2026-02-13_U2OS-Hoechst-H2AX_STC-11A-11B-Dox-BLO/Hoechst-H2AX.2026-02-13-21-50-52","D:/2026-02-13_U2OS-Hoechst-H2AX_STC-11A-11B-Dox-BLO/Hoechst-H2AX.2026-02-13-21-50-52"
"718","D:/2026-02-13_U2OS-Hoechst-H2AX_STC-11A-11B-Dox-BLO/Hoechst-H2AX.2026-02-13-21-50-52/Hoechst-H2AX_Plate_R_p00_0_F06f13d0.TIF","D:/2026-02-13_U2OS-Hoechst-H2AX_STC-11A-11B-Dox-BLO/Hoechst-H2AX.2026-02-13-21-50-52/Hoechst-H2AX_Plate_R_p00_0_F06f13d1.TIF","KCB25-11B","3","F06","D:/2026-02-13_U2OS-Hoechst-H2AX_STC-11A-11B-Dox-BLO/Hoechst-H2AX.2026-02-13-21-50-52","D:/2026-02-13_U2OS-Hoechst-H2AX_STC-11A-11B-Dox-BLO/Hoechst-H2AX.2026-02-13-21-50-52"
"719","D:/2026-02-13_U2OS-Hoechst-H2AX_STC-11A-11B-Dox-BLO/Hoechst-H2AX.2026-02-13-21-50-52/Hoechst-H2AX_Plate_R_p00_0_F06f14d0.TIF","D:/2026-02-13_U2OS-Hoechst-H2AX_STC-11A-11B-Dox-BLO/Hoechst-H2AX.2026-02-13-21-50-52/Hoechst-H2AX_Plate_R_p00_0_F06f14d1.TIF","KCB25-11B","3","F06","D:/2026-02-13_U2OS-Hoechst-H2AX_STC-11A-11B-Dox-BLO/Hoechst-H2AX.2026-02-13-21-50-52","D:/2026-02-13_U2OS-Hoechst-H2AX_STC-11A-11B-Dox-BLO/Hoechst-H2AX.2026-02-13-21-50-52"
"720","D:/2026-02-13_U2OS-Hoechst-H2AX_STC-11A-11B-Dox-BLO/Hoechst-H2AX.2026-02-13-21-50-52/Hoechst-H2AX_Plate_R_p00_0_F06f15d0.TIF","D:/2026-02-13_U2OS-Hoechst-H2AX_STC-11A-11B-Dox-BLO/Hoechst-H2AX.2026-02-13-21-50-52/Hoechst-H2AX_Plate_R_p00_0_F06f15d1.TIF","KCB25-11B","3","F06","D:/2026-02-13_U2OS-Hoechst-H2AX_STC-11A-11B-Dox-BLO/Hoechst-H2AX.2026-02-13-21-50-52","D:/2026-02-13_U2OS-Hoechst-H2AX_STC-11A-11B-Dox-BLO/Hoechst-H2AX.2026-02-13-21-50-52"
"721","D:/2026-02-13_U2OS-Hoechst-H2AX_STC-11A-11B-Dox-BLO/Hoechst-H2AX.2026-02-13-21-50-52/Hoechst-H2AX_Plate_R_p00_0_F07f00d0.TIF","D:/2026-02-13_U2OS-Hoechst-H2AX_STC-11A-11B-Dox-BLO/Hoechst-H2AX.2026-02-13-21-50-52/Hoechst-H2AX_Plate_R_p00_0_F07f00d1.TIF","KCB25-11B","1","F07","D:/2026-02-13_U2OS-Hoechst-H2AX_STC-11A-11B-Dox-BLO/Hoechst-H2AX.2026-02-13-21-50-52","D:/2026-02-13_U2OS-Hoechst-H2AX_STC-11A-11B-Dox-BLO/Hoechst-H2AX.2026-02-13-21-50-52"
"722","D:/2026-02-13_U2OS-Hoechst-H2AX_STC-11A-11B-Dox-BLO/Hoechst-H2AX.2026-02-13-21-50-52/Hoechst-H2AX_Plate_R_p00_0_F07f01d0.TIF","D:/2026-02-13_U2OS-Hoechst-H2AX_STC-11A-11B-Dox-BLO/Hoechst-H2AX.2026-02-13-21-50-52/Hoechst-H2AX_Plate_R_p00_0_F07f01d1.TIF","KCB25-11B","1","F07","D:/2026-02-13_U2OS-Hoechst-H2AX_STC-11A-11B-Dox-BLO/Hoechst-H2AX.2026-02-13-21-50-52","D:/2026-02-13_U2OS-Hoechst-H2AX_STC-11A-11B-Dox-BLO/Hoechst-H2AX.2026-02-13-21-50-52"
"723","D:/2026-02-13_U2OS-Hoechst-H2AX_STC-11A-11B-Dox-BLO/Hoechst-H2AX.2026-02-13-21-50-52/Hoechst-H2AX_Plate_R_p00_0_F07f02d0.TIF","D:/2026-02-13_U2OS-Hoechst-H2AX_STC-11A-11B-Dox-BLO/Hoechst-H2AX.2026-02-13-21-50-52/Hoechst-H2AX_Plate_R_p00_0_F07f02d1.TIF","KCB25-11B","1","F07","D:/2026-02-13_U2OS-Hoechst-H2AX_STC-11A-11B-Dox-BLO/Hoechst-H2AX.2026-02-13-21-50-52","D:/2026-02-13_U2OS-Hoechst-H2AX_STC-11A-11B-Dox-BLO/Hoechst-H2AX.2026-02-13-21-50-52"
"724","D:/2026-02-13_U2OS-Hoechst-H2AX_STC-11A-11B-Dox-BLO/Hoechst-H2AX.2026-02-13-21-50-52/Hoechst-H2AX_Plate_R_p00_0_F07f03d0.TIF","D:/2026-02-13_U2OS-Hoechst-H2AX_STC-11A-11B-Dox-BLO/Hoechst-H2AX.2026-02-13-21-50-52/Hoechst-H2AX_Plate_R_p00_0_F07f03d1.TIF","KCB25-11B","1","F07","D:/2026-02-13_U2OS-Hoechst-H2AX_STC-11A-11B-Dox-BLO/Hoechst-H2AX.2026-02-13-21-50-52","D:/2026-02-13_U2OS-Hoechst-H2AX_STC-11A-11B-Dox-BLO/Hoechst-H2AX.2026-02-13-21-50-52"
"725","D:/2026-02-13_U2OS-Hoechst-H2AX_STC-11A-11B-Dox-BLO/Hoechst-H2AX.2026-02-13-21-50-52/Hoechst-H2AX_Plate_R_p00_0_F07f04d0.TIF","D:/2026-02-13_U2OS-Hoechst-H2AX_STC-11A-11B-Dox-BLO/Hoechst-H2AX.2026-02-13-21-50-52/Hoechst-H2AX_Plate_R_p00_0_F07f04d1.TIF","KCB25-11B","1","F07","D:/2026-02-13_U2OS-Hoechst-H2AX_STC-11A-11B-Dox-BLO/Hoechst-H2AX.2026-02-13-21-50-52","D:/2026-02-13_U2OS-Hoechst-H2AX_STC-11A-11B-Dox-BLO/Hoechst-H2AX.2026-02-13-21-50-52"
"726","D:/2026-02-13_U2OS-Hoechst-H2AX_STC-11A-11B-Dox-BLO/Hoechst-H2AX.2026-02-13-21-50-52/Hoechst-H2AX_Plate_R_p00_0_F07f05d0.TIF","D:/2026-02-13_U2OS-Hoechst-H2AX_STC-11A-11B-Dox-BLO/Hoechst-H2AX.2026-02-13-21-50-52/Hoechst-H2AX_Plate_R_p00_0_F07f05d1.TIF","KCB25-11B","1","F07","D:/2026-02-13_U2OS-Hoechst-H2AX_STC-11A-11B-Dox-BLO/Hoechst-H2AX.2026-02-13-21-50-52","D:/2026-02-13_U2OS-Hoechst-H2AX_STC-11A-11B-Dox-BLO/Hoechst-H2AX.2026-02-13-21-50-52"
"727","D:/2026-02-13_U2OS-Hoechst-H2AX_STC-11A-11B-Dox-BLO/Hoechst-H2AX.2026-02-13-21-50-52/Hoechst-H2AX_Plate_R_p00_0_F07f06d0.TIF","D:/2026-02-13_U2OS-Hoechst-H2AX_STC-11A-11B-Dox-BLO/Hoechst-H2AX.2026-02-13-21-50-52/Hoechst-H2AX_Plate_R_p00_0_F07f06d1.TIF","KCB25-11B","1","F07","D:/2026-02-13_U2OS-Hoechst-H2AX_STC-11A-11B-Dox-BLO/Hoechst-H2AX.2026-02-13-21-50-52","D:/2026-02-13_U2OS-Hoechst-H2AX_STC-11A-11B-Dox-BLO/Hoechst-H2AX.2026-02-13-21-50-52"
"728","D:/2026-02-13_U2OS-Hoechst-H2AX_STC-11A-11B-Dox-BLO/Hoechst-H2AX.2026-02-13-21-50-52/Hoechst-H2AX_Plate_R_p00_0_F07f07d0.TIF","D:/2026-02-13_U2OS-Hoechst-H2AX_STC-11A-11B-Dox-BLO/Hoechst-H2AX.2026-02-13-21-50-52/Hoechst-H2AX_Plate_R_p00_0_F07f07d1.TIF","KCB25-11B","1","F07","D:/2026-02-13_U2OS-Hoechst-H2AX_STC-11A-11B-Dox-BLO/Hoechst-H2AX.2026-02-13-21-50-52","D:/2026-02-13_U2OS-Hoechst-H2AX_STC-11A-11B-Dox-BLO/Hoechst-H2AX.2026-02-13-21-50-52"
"729","D:/2026-02-13_U2OS-Hoechst-H2AX_STC-11A-11B-Dox-BLO/Hoechst-H2AX.2026-02-13-21-50-52/Hoechst-H2AX_Plate_R_p00_0_F07f08d0.TIF","D:/2026-02-13_U2OS-Hoechst-H2AX_STC-11A-11B-Dox-BLO/Hoechst-H2AX.2026-02-13-21-50-52/Hoechst-H2AX_Plate_R_p00_0_F07f08d1.TIF","KCB25-11B","1","F07","D:/2026-02-13_U2OS-Hoechst-H2AX_STC-11A-11B-Dox-BLO/Hoechst-H2AX.2026-02-13-21-50-52","D:/2026-02-13_U2OS-Hoechst-H2AX_STC-11A-11B-Dox-BLO/Hoechst-H2AX.2026-02-13-21-50-52"
"730","D:/2026-02-13_U2OS-Hoechst-H2AX_STC-11A-11B-Dox-BLO/Hoechst-H2AX.2026-02-13-21-50-52/Hoechst-H2AX_Plate_R_p00_0_F07f09d0.TIF","D:/2026-02-13_U2OS-Hoechst-H2AX_STC-11A-11B-Dox-BLO/Hoechst-H2AX.2026-02-13-21-50-52/Hoechst-H2AX_Plate_R_p00_0_F07f09d1.TIF","KCB25-11B","1","F07","D:/2026-02-13_U2OS-Hoechst-H2AX_STC-11A-11B-Dox-BLO/Hoechst-H2AX.2026-02-13-21-50-52","D:/2026-02-13_U2OS-Hoechst-H2AX_STC-11A-11B-Dox-BLO/Hoechst-H2AX.2026-02-13-21-50-52"
"731","D:/2026-02-13_U2OS-Hoechst-H2AX_STC-11A-11B-Dox-BLO/Hoechst-H2AX.2026-02-13-21-50-52/Hoechst-H2AX_Plate_R_p00_0_F07f10d0.TIF","D:/2026-02-13_U2OS-Hoechst-H2AX_STC-11A-11B-Dox-BLO/Hoechst-H2AX.2026-02-13-21-50-52/Hoechst-H2AX_Plate_R_p00_0_F07f10d1.TIF","KCB25-11B","1","F07","D:/2026-02-13_U2OS-Hoechst-H2AX_STC-11A-11B-Dox-BLO/Hoechst-H2AX.2026-02-13-21-50-52","D:/2026-02-13_U2OS-Hoechst-H2AX_STC-11A-11B-Dox-BLO/Hoechst-H2AX.2026-02-13-21-50-52"
"732","D:/2026-02-13_U2OS-Hoechst-H2AX_STC-11A-11B-Dox-BLO/Hoechst-H2AX.2026-02-13-21-50-52/Hoechst-H2AX_Plate_R_p00_0_F07f11d0.TIF","D:/2026-02-13_U2OS-Hoechst-H2AX_STC-11A-11B-Dox-BLO/Hoechst-H2AX.2026-02-13-21-50-52/Hoechst-H2AX_Plate_R_p00_0_F07f11d1.TIF","KCB25-11B","1","F07","D:/2026-02-13_U2OS-Hoechst-H2AX_STC-11A-11B-Dox-BLO/Hoechst-H2AX.2026-02-13-21-50-52","D:/2026-02-13_U2OS-Hoechst-H2AX_STC-11A-11B-Dox-BLO/Hoechst-H2AX.2026-02-13-21-50-52"
"733","D:/2026-02-13_U2OS-Hoechst-H2AX_STC-11A-11B-Dox-BLO/Hoechst-H2AX.2026-02-13-21-50-52/Hoechst-H2AX_Plate_R_p00_0_F07f12d0.TIF","D:/2026-02-13_U2OS-Hoechst-H2AX_STC-11A-11B-Dox-BLO/Hoechst-H2AX.2026-02-13-21-50-52/Hoechst-H2AX_Plate_R_p00_0_F07f12d1.TIF","KCB25-11B","1","F07","D:/2026-02-13_U2OS-Hoechst-H2AX_STC-11A-11B-Dox-BLO/Hoechst-H2AX.2026-02-13-21-50-52","D:/2026-02-13_U2OS-Hoechst-H2AX_STC-11A-11B-Dox-BLO/Hoechst-H2AX.2026-02-13-21-50-52"
"734","D:/2026-02-13_U2OS-Hoechst-H2AX_STC-11A-11B-Dox-BLO/Hoechst-H2AX.2026-02-13-21-50-52/Hoechst-H2AX_Plate_R_p00_0_F07f13d0.TIF","D:/2026-02-13_U2OS-Hoechst-H2AX_STC-11A-11B-Dox-BLO/Hoechst-H2AX.2026-02-13-21-50-52/Hoechst-H2AX_Plate_R_p00_0_F07f13d1.TIF","KCB25-11B","1","F07","D:/2026-02-13_U2OS-Hoechst-H2AX_STC-11A-11B-Dox-BLO/Hoechst-H2AX.2026-02-13-21-50-52","D:/2026-02-13_U2OS-Hoechst-H2AX_STC-11A-11B-Dox-BLO/Hoechst-H2AX.2026-02-13-21-50-52"
"735","D:/2026-02-13_U2OS-Hoechst-H2AX_STC-11A-11B-Dox-BLO/Hoechst-H2AX.2026-02-13-21-50-52/Hoechst-H2AX_Plate_R_p00_0_F07f14d0.TIF","D:/2026-02-13_U2OS-Hoechst-H2AX_STC-11A-11B-Dox-BLO/Hoechst-H2AX.2026-02-13-21-50-52/Hoechst-H2AX_Plate_R_p00_0_F07f14d1.TIF","KCB25-11B","1","F07","D:/2026-02-13_U2OS-Hoechst-H2AX_STC-11A-11B-Dox-BLO/Hoechst-H2AX.2026-02-13-21-50-52","D:/2026-02-13_U2OS-Hoechst-H2AX_STC-11A-11B-Dox-BLO/Hoechst-H2AX.2026-02-13-21-50-52"
"736","D:/2026-02-13_U2OS-Hoechst-H2AX_STC-11A-11B-Dox-BLO/Hoechst-H2AX.2026-02-13-21-50-52/Hoechst-H2AX_Plate_R_p00_0_F07f15d0.TIF","D:/2026-02-13_U2OS-Hoechst-H2AX_STC-11A-11B-Dox-BLO/Hoechst-H2AX.2026-02-13-21-50-52/Hoechst-H2AX_Plate_R_p00_0_F07f15d1.TIF","KCB25-11B","1","F07","D:/2026-02-13_U2OS-Hoechst-H2AX_STC-11A-11B-Dox-BLO/Hoechst-H2AX.2026-02-13-21-50-52","D:/2026-02-13_U2OS-Hoechst-H2AX_STC-11A-11B-Dox-BLO/Hoechst-H2AX.2026-02-13-21-50-52"
"737","D:/2026-02-13_U2OS-Hoechst-H2AX_STC-11A-11B-Dox-BLO/Hoechst-H2AX.2026-02-13-21-50-52/Hoechst-H2AX_Plate_R_p00_0_F08f00d0.TIF","D:/2026-02-13_U2OS-Hoechst-H2AX_STC-11A-11B-Dox-BLO/Hoechst-H2AX.2026-02-13-21-50-52/Hoechst-H2AX_Plate_R_p00_0_F08f00d1.TIF","KCB25-11B","0.3","F08","D:/2026-02-13_U2OS-Hoechst-H2AX_STC-11A-11B-Dox-BLO/Hoechst-H2AX.2026-02-13-21-50-52","D:/2026-02-13_U2OS-Hoechst-H2AX_STC-11A-11B-Dox-BLO/Hoechst-H2AX.2026-02-13-21-50-52"
"738","D:/2026-02-13_U2OS-Hoechst-H2AX_STC-11A-11B-Dox-BLO/Hoechst-H2AX.2026-02-13-21-50-52/Hoechst-H2AX_Plate_R_p00_0_F08f01d0.TIF","D:/2026-02-13_U2OS-Hoechst-H2AX_STC-11A-11B-Dox-BLO/Hoechst-H2AX.2026-02-13-21-50-52/Hoechst-H2AX_Plate_R_p00_0_F08f01d1.TIF","KCB25-11B","0.3","F08","D:/2026-02-13_U2OS-Hoechst-H2AX_STC-11A-11B-Dox-BLO/Hoechst-H2AX.2026-02-13-21-50-52","D:/2026-02-13_U2OS-Hoechst-H2AX_STC-11A-11B-Dox-BLO/Hoechst-H2AX.2026-02-13-21-50-52"
"739","D:/2026-02-13_U2OS-Hoechst-H2AX_STC-11A-11B-Dox-BLO/Hoechst-H2AX.2026-02-13-21-50-52/Hoechst-H2AX_Plate_R_p00_0_F08f02d0.TIF","D:/2026-02-13_U2OS-Hoechst-H2AX_STC-11A-11B-Dox-BLO/Hoechst-H2AX.2026-02-13-21-50-52/Hoechst-H2AX_Plate_R_p00_0_F08f02d1.TIF","KCB25-11B","0.3","F08","D:/2026-02-13_U2OS-Hoechst-H2AX_STC-11A-11B-Dox-BLO/Hoechst-H2AX.2026-02-13-21-50-52","D:/2026-02-13_U2OS-Hoechst-H2AX_STC-11A-11B-Dox-BLO/Hoechst-H2AX.2026-02-13-21-50-52"
"740","D:/2026-02-13_U2OS-Hoechst-H2AX_STC-11A-11B-Dox-BLO/Hoechst-H2AX.2026-02-13-21-50-52/Hoechst-H2AX_Plate_R_p00_0_F08f03d0.TIF","D:/2026-02-13_U2OS-Hoechst-H2AX_STC-11A-11B-Dox-BLO/Hoechst-H2AX.2026-02-13-21-50-52/Hoechst-H2AX_Plate_R_p00_0_F08f03d1.TIF","KCB25-11B","0.3","F08","D:/2026-02-13_U2OS-Hoechst-H2AX_STC-11A-11B-Dox-BLO/Hoechst-H2AX.2026-02-13-21-50-52","D:/2026-02-13_U2OS-Hoechst-H2AX_STC-11A-11B-Dox-BLO/Hoechst-H2AX.2026-02-13-21-50-52"
"741","D:/2026-02-13_U2OS-Hoechst-H2AX_STC-11A-11B-Dox-BLO/Hoechst-H2AX.2026-02-13-21-50-52/Hoechst-H2AX_Plate_R_p00_0_F08f04d0.TIF","D:/2026-02-13_U2OS-Hoechst-H2AX_STC-11A-11B-Dox-BLO/Hoechst-H2AX.2026-02-13-21-50-52/Hoechst-H2AX_Plate_R_p00_0_F08f04d1.TIF","KCB25-11B","0.3","F08","D:/2026-02-13_U2OS-Hoechst-H2AX_STC-11A-11B-Dox-BLO/Hoechst-H2AX.2026-02-13-21-50-52","D:/2026-02-13_U2OS-Hoechst-H2AX_STC-11A-11B-Dox-BLO/Hoechst-H2AX.2026-02-13-21-50-52"
"742","D:/2026-02-13_U2OS-Hoechst-H2AX_STC-11A-11B-Dox-BLO/Hoechst-H2AX.2026-02-13-21-50-52/Hoechst-H2AX_Plate_R_p00_0_F08f05d0.TIF","D:/2026-02-13_U2OS-Hoechst-H2AX_STC-11A-11B-Dox-BLO/Hoechst-H2AX.2026-02-13-21-50-52/Hoechst-H2AX_Plate_R_p00_0_F08f05d1.TIF","KCB25-11B","0.3","F08","D:/2026-02-13_U2OS-Hoechst-H2AX_STC-11A-11B-Dox-BLO/Hoechst-H2AX.2026-02-13-21-50-52","D:/2026-02-13_U2OS-Hoechst-H2AX_STC-11A-11B-Dox-BLO/Hoechst-H2AX.2026-02-13-21-50-52"
"743","D:/2026-02-13_U2OS-Hoechst-H2AX_STC-11A-11B-Dox-BLO/Hoechst-H2AX.2026-02-13-21-50-52/Hoechst-H2AX_Plate_R_p00_0_F08f06d0.TIF","D:/2026-02-13_U2OS-Hoechst-H2AX_STC-11A-11B-Dox-BLO/Hoechst-H2AX.2026-02-13-21-50-52/Hoechst-H2AX_Plate_R_p00_0_F08f06d1.TIF","KCB25-11B","0.3","F08","D:/2026-02-13_U2OS-Hoechst-H2AX_STC-11A-11B-Dox-BLO/Hoechst-H2AX.2026-02-13-21-50-52","D:/2026-02-13_U2OS-Hoechst-H2AX_STC-11A-11B-Dox-BLO/Hoechst-H2AX.2026-02-13-21-50-52"
"744","D:/2026-02-13_U2OS-Hoechst-H2AX_STC-11A-11B-Dox-BLO/Hoechst-H2AX.2026-02-13-21-50-52/Hoechst-H2AX_Plate_R_p00_0_F08f07d0.TIF","D:/2026-02-13_U2OS-Hoechst-H2AX_STC-11A-11B-Dox-BLO/Hoechst-H2AX.2026-02-13-21-50-52/Hoechst-H2AX_Plate_R_p00_0_F08f07d1.TIF","KCB25-11B","0.3","F08","D:/2026-02-13_U2OS-Hoechst-H2AX_STC-11A-11B-Dox-BLO/Hoechst-H2AX.2026-02-13-21-50-52","D:/2026-02-13_U2OS-Hoechst-H2AX_STC-11A-11B-Dox-BLO/Hoechst-H2AX.2026-02-13-21-50-52"
"745","D:/2026-02-13_U2OS-Hoechst-H2AX_STC-11A-11B-Dox-BLO/Hoechst-H2AX.2026-02-13-21-50-52/Hoechst-H2AX_Plate_R_p00_0_F08f08d0.TIF","D:/2026-02-13_U2OS-Hoechst-H2AX_STC-11A-11B-Dox-BLO/Hoechst-H2AX.2026-02-13-21-50-52/Hoechst-H2AX_Plate_R_p00_0_F08f08d1.TIF","KCB25-11B","0.3","F08","D:/2026-02-13_U2OS-Hoechst-H2AX_STC-11A-11B-Dox-BLO/Hoechst-H2AX.2026-02-13-21-50-52","D:/2026-02-13_U2OS-Hoechst-H2AX_STC-11A-11B-Dox-BLO/Hoechst-H2AX.2026-02-13-21-50-52"
"746","D:/2026-02-13_U2OS-Hoechst-H2AX_STC-11A-11B-Dox-BLO/Hoechst-H2AX.2026-02-13-21-50-52/Hoechst-H2AX_Plate_R_p00_0_F08f09d0.TIF","D:/2026-02-13_U2OS-Hoechst-H2AX_STC-11A-11B-Dox-BLO/Hoechst-H2AX.2026-02-13-21-50-52/Hoechst-H2AX_Plate_R_p00_0_F08f09d1.TIF","KCB25-11B","0.3","F08","D:/2026-02-13_U2OS-Hoechst-H2AX_STC-11A-11B-Dox-BLO/Hoechst-H2AX.2026-02-13-21-50-52","D:/2026-02-13_U2OS-Hoechst-H2AX_STC-11A-11B-Dox-BLO/Hoechst-H2AX.2026-02-13-21-50-52"
"747","D:/2026-02-13_U2OS-Hoechst-H2AX_STC-11A-11B-Dox-BLO/Hoechst-H2AX.2026-02-13-21-50-52/Hoechst-H2AX_Plate_R_p00_0_F08f10d0.TIF","D:/2026-02-13_U2OS-Hoechst-H2AX_STC-11A-11B-Dox-BLO/Hoechst-H2AX.2026-02-13-21-50-52/Hoechst-H2AX_Plate_R_p00_0_F08f10d1.TIF","KCB25-11B","0.3","F08","D:/2026-02-13_U2OS-Hoechst-H2AX_STC-11A-11B-Dox-BLO/Hoechst-H2AX.2026-02-13-21-50-52","D:/2026-02-13_U2OS-Hoechst-H2AX_STC-11A-11B-Dox-BLO/Hoechst-H2AX.2026-02-13-21-50-52"
"748","D:/2026-02-13_U2OS-Hoechst-H2AX_STC-11A-11B-Dox-BLO/Hoechst-H2AX.2026-02-13-21-50-52/Hoechst-H2AX_Plate_R_p00_0_F08f11d0.TIF","D:/2026-02-13_U2OS-Hoechst-H2AX_STC-11A-11B-Dox-BLO/Hoechst-H2AX.2026-02-13-21-50-52/Hoechst-H2AX_Plate_R_p00_0_F08f11d1.TIF","KCB25-11B","0.3","F08","D:/2026-02-13_U2OS-Hoechst-H2AX_STC-11A-11B-Dox-BLO/Hoechst-H2AX.2026-02-13-21-50-52","D:/2026-02-13_U2OS-Hoechst-H2AX_STC-11A-11B-Dox-BLO/Hoechst-H2AX.2026-02-13-21-50-52"
"749","D:/2026-02-13_U2OS-Hoechst-H2AX_STC-11A-11B-Dox-BLO/Hoechst-H2AX.2026-02-13-21-50-52/Hoechst-H2AX_Plate_R_p00_0_F08f12d0.TIF","D:/2026-02-13_U2OS-Hoechst-H2AX_STC-11A-11B-Dox-BLO/Hoechst-H2AX.2026-02-13-21-50-52/Hoechst-H2AX_Plate_R_p00_0_F08f12d1.TIF","KCB25-11B","0.3","F08","D:/2026-02-13_U2OS-Hoechst-H2AX_STC-11A-11B-Dox-BLO/Hoechst-H2AX.2026-02-13-21-50-52","D:/2026-02-13_U2OS-Hoechst-H2AX_STC-11A-11B-Dox-BLO/Hoechst-H2AX.2026-02-13-21-50-52"
"750","D:/2026-02-13_U2OS-Hoechst-H2AX_STC-11A-11B-Dox-BLO/Hoechst-H2AX.2026-02-13-21-50-52/Hoechst-H2AX_Plate_R_p00_0_F08f13d0.TIF","D:/2026-02-13_U2OS-Hoechst-H2AX_STC-11A-11B-Dox-BLO/Hoechst-H2AX.2026-02-13-21-50-52/Hoechst-H2AX_Plate_R_p00_0_F08f13d1.TIF","KCB25-11B","0.3","F08","D:/2026-02-13_U2OS-Hoechst-H2AX_STC-11A-11B-Dox-BLO/Hoechst-H2AX.2026-02-13-21-50-52","D:/2026-02-13_U2OS-Hoechst-H2AX_STC-11A-11B-Dox-BLO/Hoechst-H2AX.2026-02-13-21-50-52"
"751","D:/2026-02-13_U2OS-Hoechst-H2AX_STC-11A-11B-Dox-BLO/Hoechst-H2AX.2026-02-13-21-50-52/Hoechst-H2AX_Plate_R_p00_0_F08f14d0.TIF","D:/2026-02-13_U2OS-Hoechst-H2AX_STC-11A-11B-Dox-BLO/Hoechst-H2AX.2026-02-13-21-50-52/Hoechst-H2AX_Plate_R_p00_0_F08f14d1.TIF","KCB25-11B","0.3","F08","D:/2026-02-13_U2OS-Hoechst-H2AX_STC-11A-11B-Dox-BLO/Hoechst-H2AX.2026-02-13-21-50-52","D:/2026-02-13_U2OS-Hoechst-H2AX_STC-11A-11B-Dox-BLO/Hoechst-H2AX.2026-02-13-21-50-52"
"752","D:/2026-02-13_U2OS-Hoechst-H2AX_STC-11A-11B-Dox-BLO/Hoechst-H2AX.2026-02-13-21-50-52/Hoechst-H2AX_Plate_R_p00_0_F08f15d0.TIF","D:/2026-02-13_U2OS-Hoechst-H2AX_STC-11A-11B-Dox-BLO/Hoechst-H2AX.2026-02-13-21-50-52/Hoechst-H2AX_Plate_R_p00_0_F08f15d1.TIF","KCB25-11B","0.3","F08","D:/2026-02-13_U2OS-Hoechst-H2AX_STC-11A-11B-Dox-BLO/Hoechst-H2AX.2026-02-13-21-50-52","D:/2026-02-13_U2OS-Hoechst-H2AX_STC-11A-11B-Dox-BLO/Hoechst-H2AX.2026-02-13-21-50-52"
"753","D:/2026-02-13_U2OS-Hoechst-H2AX_STC-11A-11B-Dox-BLO/Hoechst-H2AX.2026-02-13-21-50-52/Hoechst-H2AX_Plate_R_p00_0_F09f00d0.TIF","D:/2026-02-13_U2OS-Hoechst-H2AX_STC-11A-11B-Dox-BLO/Hoechst-H2AX.2026-02-13-21-50-52/Hoechst-H2AX_Plate_R_p00_0_F09f00d1.TIF","KCB25-11B","0.1","F09","D:/2026-02-13_U2OS-Hoechst-H2AX_STC-11A-11B-Dox-BLO/Hoechst-H2AX.2026-02-13-21-50-52","D:/2026-02-13_U2OS-Hoechst-H2AX_STC-11A-11B-Dox-BLO/Hoechst-H2AX.2026-02-13-21-50-52"
"754","D:/2026-02-13_U2OS-Hoechst-H2AX_STC-11A-11B-Dox-BLO/Hoechst-H2AX.2026-02-13-21-50-52/Hoechst-H2AX_Plate_R_p00_0_F09f01d0.TIF","D:/2026-02-13_U2OS-Hoechst-H2AX_STC-11A-11B-Dox-BLO/Hoechst-H2AX.2026-02-13-21-50-52/Hoechst-H2AX_Plate_R_p00_0_F09f01d1.TIF","KCB25-11B","0.1","F09","D:/2026-02-13_U2OS-Hoechst-H2AX_STC-11A-11B-Dox-BLO/Hoechst-H2AX.2026-02-13-21-50-52","D:/2026-02-13_U2OS-Hoechst-H2AX_STC-11A-11B-Dox-BLO/Hoechst-H2AX.2026-02-13-21-50-52"
"755","D:/2026-02-13_U2OS-Hoechst-H2AX_STC-11A-11B-Dox-BLO/Hoechst-H2AX.2026-02-13-21-50-52/Hoechst-H2AX_Plate_R_p00_0_F09f02d0.TIF","D:/2026-02-13_U2OS-Hoechst-H2AX_STC-11A-11B-Dox-BLO/Hoechst-H2AX.2026-02-13-21-50-52/Hoechst-H2AX_Plate_R_p00_0_F09f02d1.TIF","KCB25-11B","0.1","F09","D:/2026-02-13_U2OS-Hoechst-H2AX_STC-11A-11B-Dox-BLO/Hoechst-H2AX.2026-02-13-21-50-52","D:/2026-02-13_U2OS-Hoechst-H2AX_STC-11A-11B-Dox-BLO/Hoechst-H2AX.2026-02-13-21-50-52"
"756","D:/2026-02-13_U2OS-Hoechst-H2AX_STC-11A-11B-Dox-BLO/Hoechst-H2AX.2026-02-13-21-50-52/Hoechst-H2AX_Plate_R_p00_0_F09f03d0.TIF","D:/2026-02-13_U2OS-Hoechst-H2AX_STC-11A-11B-Dox-BLO/Hoechst-H2AX.2026-02-13-21-50-52/Hoechst-H2AX_Plate_R_p00_0_F09f03d1.TIF","KCB25-11B","0.1","F09","D:/2026-02-13_U2OS-Hoechst-H2AX_STC-11A-11B-Dox-BLO/Hoechst-H2AX.2026-02-13-21-50-52","D:/2026-02-13_U2OS-Hoechst-H2AX_STC-11A-11B-Dox-BLO/Hoechst-H2AX.2026-02-13-21-50-52"
"757","D:/2026-02-13_U2OS-Hoechst-H2AX_STC-11A-11B-Dox-BLO/Hoechst-H2AX.2026-02-13-21-50-52/Hoechst-H2AX_Plate_R_p00_0_F09f04d0.TIF","D:/2026-02-13_U2OS-Hoechst-H2AX_STC-11A-11B-Dox-BLO/Hoechst-H2AX.2026-02-13-21-50-52/Hoechst-H2AX_Plate_R_p00_0_F09f04d1.TIF","KCB25-11B","0.1","F09","D:/2026-02-13_U2OS-Hoechst-H2AX_STC-11A-11B-Dox-BLO/Hoechst-H2AX.2026-02-13-21-50-52","D:/2026-02-13_U2OS-Hoechst-H2AX_STC-11A-11B-Dox-BLO/Hoechst-H2AX.2026-02-13-21-50-52"
"758","D:/2026-02-13_U2OS-Hoechst-H2AX_STC-11A-11B-Dox-BLO/Hoechst-H2AX.2026-02-13-21-50-52/Hoechst-H2AX_Plate_R_p00_0_F09f05d0.TIF","D:/2026-02-13_U2OS-Hoechst-H2AX_STC-11A-11B-Dox-BLO/Hoechst-H2AX.2026-02-13-21-50-52/Hoechst-H2AX_Plate_R_p00_0_F09f05d1.TIF","KCB25-11B","0.1","F09","D:/2026-02-13_U2OS-Hoechst-H2AX_STC-11A-11B-Dox-BLO/Hoechst-H2AX.2026-02-13-21-50-52","D:/2026-02-13_U2OS-Hoechst-H2AX_STC-11A-11B-Dox-BLO/Hoechst-H2AX.2026-02-13-21-50-52"
"759","D:/2026-02-13_U2OS-Hoechst-H2AX_STC-11A-11B-Dox-BLO/Hoechst-H2AX.2026-02-13-21-50-52/Hoechst-H2AX_Plate_R_p00_0_F09f06d0.TIF","D:/2026-02-13_U2OS-Hoechst-H2AX_STC-11A-11B-Dox-BLO/Hoechst-H2AX.2026-02-13-21-50-52/Hoechst-H2AX_Plate_R_p00_0_F09f06d1.TIF","KCB25-11B","0.1","F09","D:/2026-02-13_U2OS-Hoechst-H2AX_STC-11A-11B-Dox-BLO/Hoechst-H2AX.2026-02-13-21-50-52","D:/2026-02-13_U2OS-Hoechst-H2AX_STC-11A-11B-Dox-BLO/Hoechst-H2AX.2026-02-13-21-50-52"
"760","D:/2026-02-13_U2OS-Hoechst-H2AX_STC-11A-11B-Dox-BLO/Hoechst-H2AX.2026-02-13-21-50-52/Hoechst-H2AX_Plate_R_p00_0_F09f07d0.TIF","D:/2026-02-13_U2OS-Hoechst-H2AX_STC-11A-11B-Dox-BLO/Hoechst-H2AX.2026-02-13-21-50-52/Hoechst-H2AX_Plate_R_p00_0_F09f07d1.TIF","KCB25-11B","0.1","F09","D:/2026-02-13_U2OS-Hoechst-H2AX_STC-11A-11B-Dox-BLO/Hoechst-H2AX.2026-02-13-21-50-52","D:/2026-02-13_U2OS-Hoechst-H2AX_STC-11A-11B-Dox-BLO/Hoechst-H2AX.2026-02-13-21-50-52"
"761","D:/2026-02-13_U2OS-Hoechst-H2AX_STC-11A-11B-Dox-BLO/Hoechst-H2AX.2026-02-13-21-50-52/Hoechst-H2AX_Plate_R_p00_0_F09f08d0.TIF","D:/2026-02-13_U2OS-Hoechst-H2AX_STC-11A-11B-Dox-BLO/Hoechst-H2AX.2026-02-13-21-50-52/Hoechst-H2AX_Plate_R_p00_0_F09f08d1.TIF","KCB25-11B","0.1","F09","D:/2026-02-13_U2OS-Hoechst-H2AX_STC-11A-11B-Dox-BLO/Hoechst-H2AX.2026-02-13-21-50-52","D:/2026-02-13_U2OS-Hoechst-H2AX_STC-11A-11B-Dox-BLO/Hoechst-H2AX.2026-02-13-21-50-52"
"762","D:/2026-02-13_U2OS-Hoechst-H2AX_STC-11A-11B-Dox-BLO/Hoechst-H2AX.2026-02-13-21-50-52/Hoechst-H2AX_Plate_R_p00_0_F09f09d0.TIF","D:/2026-02-13_U2OS-Hoechst-H2AX_STC-11A-11B-Dox-BLO/Hoechst-H2AX.2026-02-13-21-50-52/Hoechst-H2AX_Plate_R_p00_0_F09f09d1.TIF","KCB25-11B","0.1","F09","D:/2026-02-13_U2OS-Hoechst-H2AX_STC-11A-11B-Dox-BLO/Hoechst-H2AX.2026-02-13-21-50-52","D:/2026-02-13_U2OS-Hoechst-H2AX_STC-11A-11B-Dox-BLO/Hoechst-H2AX.2026-02-13-21-50-52"
"763","D:/2026-02-13_U2OS-Hoechst-H2AX_STC-11A-11B-Dox-BLO/Hoechst-H2AX.2026-02-13-21-50-52/Hoechst-H2AX_Plate_R_p00_0_F09f10d0.TIF","D:/2026-02-13_U2OS-Hoechst-H2AX_STC-11A-11B-Dox-BLO/Hoechst-H2AX.2026-02-13-21-50-52/Hoechst-H2AX_Plate_R_p00_0_F09f10d1.TIF","KCB25-11B","0.1","F09","D:/2026-02-13_U2OS-Hoechst-H2AX_STC-11A-11B-Dox-BLO/Hoechst-H2AX.2026-02-13-21-50-52","D:/2026-02-13_U2OS-Hoechst-H2AX_STC-11A-11B-Dox-BLO/Hoechst-H2AX.2026-02-13-21-50-52"
"764","D:/2026-02-13_U2OS-Hoechst-H2AX_STC-11A-11B-Dox-BLO/Hoechst-H2AX.2026-02-13-21-50-52/Hoechst-H2AX_Plate_R_p00_0_F09f11d0.TIF","D:/2026-02-13_U2OS-Hoechst-H2AX_STC-11A-11B-Dox-BLO/Hoechst-H2AX.2026-02-13-21-50-52/Hoechst-H2AX_Plate_R_p00_0_F09f11d1.TIF","KCB25-11B","0.1","F09","D:/2026-02-13_U2OS-Hoechst-H2AX_STC-11A-11B-Dox-BLO/Hoechst-H2AX.2026-02-13-21-50-52","D:/2026-02-13_U2OS-Hoechst-H2AX_STC-11A-11B-Dox-BLO/Hoechst-H2AX.2026-02-13-21-50-52"
"765","D:/2026-02-13_U2OS-Hoechst-H2AX_STC-11A-11B-Dox-BLO/Hoechst-H2AX.2026-02-13-21-50-52/Hoechst-H2AX_Plate_R_p00_0_F09f12d0.TIF","D:/2026-02-13_U2OS-Hoechst-H2AX_STC-11A-11B-Dox-BLO/Hoechst-H2AX.2026-02-13-21-50-52/Hoechst-H2AX_Plate_R_p00_0_F09f12d1.TIF","KCB25-11B","0.1","F09","D:/2026-02-13_U2OS-Hoechst-H2AX_STC-11A-11B-Dox-BLO/Hoechst-H2AX.2026-02-13-21-50-52","D:/2026-02-13_U2OS-Hoechst-H2AX_STC-11A-11B-Dox-BLO/Hoechst-H2AX.2026-02-13-21-50-52"
"766","D:/2026-02-13_U2OS-Hoechst-H2AX_STC-11A-11B-Dox-BLO/Hoechst-H2AX.2026-02-13-21-50-52/Hoechst-H2AX_Plate_R_p00_0_F09f13d0.TIF","D:/2026-02-13_U2OS-Hoechst-H2AX_STC-11A-11B-Dox-BLO/Hoechst-H2AX.2026-02-13-21-50-52/Hoechst-H2AX_Plate_R_p00_0_F09f13d1.TIF","KCB25-11B","0.1","F09","D:/2026-02-13_U2OS-Hoechst-H2AX_STC-11A-11B-Dox-BLO/Hoechst-H2AX.2026-02-13-21-50-52","D:/2026-02-13_U2OS-Hoechst-H2AX_STC-11A-11B-Dox-BLO/Hoechst-H2AX.2026-02-13-21-50-52"
"767","D:/2026-02-13_U2OS-Hoechst-H2AX_STC-11A-11B-Dox-BLO/Hoechst-H2AX.2026-02-13-21-50-52/Hoechst-H2AX_Plate_R_p00_0_F09f14d0.TIF","D:/2026-02-13_U2OS-Hoechst-H2AX_STC-11A-11B-Dox-BLO/Hoechst-H2AX.2026-02-13-21-50-52/Hoechst-H2AX_Plate_R_p00_0_F09f14d1.TIF","KCB25-11B","0.1","F09","D:/2026-02-13_U2OS-Hoechst-H2AX_STC-11A-11B-Dox-BLO/Hoechst-H2AX.2026-02-13-21-50-52","D:/2026-02-13_U2OS-Hoechst-H2AX_STC-11A-11B-Dox-BLO/Hoechst-H2AX.2026-02-13-21-50-52"
"768","D:/2026-02-13_U2OS-Hoechst-H2AX_STC-11A-11B-Dox-BLO/Hoechst-H2AX.2026-02-13-21-50-52/Hoechst-H2AX_Plate_R_p00_0_F09f15d0.TIF","D:/2026-02-13_U2OS-Hoechst-H2AX_STC-11A-11B-Dox-BLO/Hoechst-H2AX.2026-02-13-21-50-52/Hoechst-H2AX_Plate_R_p00_0_F09f15d1.TIF","KCB25-11B","0.1","F09","D:/2026-02-13_U2OS-Hoechst-H2AX_STC-11A-11B-Dox-BLO/Hoechst-H2AX.2026-02-13-21-50-52","D:/2026-02-13_U2OS-Hoechst-H2AX_STC-11A-11B-Dox-BLO/Hoechst-H2AX.2026-02-13-21-50-52"
"769","D:/2026-02-13_U2OS-Hoechst-H2AX_STC-11A-11B-Dox-BLO/Hoechst-H2AX.2026-02-13-21-50-52/Hoechst-H2AX_Plate_R_p00_0_F10f00d0.TIF","D:/2026-02-13_U2OS-Hoechst-H2AX_STC-11A-11B-Dox-BLO/Hoechst-H2AX.2026-02-13-21-50-52/Hoechst-H2AX_Plate_R_p00_0_F10f00d1.TIF","DMSO","0","F10","D:/2026-02-13_U2OS-Hoechst-H2AX_STC-11A-11B-Dox-BLO/Hoechst-H2AX.2026-02-13-21-50-52","D:/2026-02-13_U2OS-Hoechst-H2AX_STC-11A-11B-Dox-BLO/Hoechst-H2AX.2026-02-13-21-50-52"
"770","D:/2026-02-13_U2OS-Hoechst-H2AX_STC-11A-11B-Dox-BLO/Hoechst-H2AX.2026-02-13-21-50-52/Hoechst-H2AX_Plate_R_p00_0_F10f01d0.TIF","D:/2026-02-13_U2OS-Hoechst-H2AX_STC-11A-11B-Dox-BLO/Hoechst-H2AX.2026-02-13-21-50-52/Hoechst-H2AX_Plate_R_p00_0_F10f01d1.TIF","DMSO","0","F10","D:/2026-02-13_U2OS-Hoechst-H2AX_STC-11A-11B-Dox-BLO/Hoechst-H2AX.2026-02-13-21-50-52","D:/2026-02-13_U2OS-Hoechst-H2AX_STC-11A-11B-Dox-BLO/Hoechst-H2AX.2026-02-13-21-50-52"
"771","D:/2026-02-13_U2OS-Hoechst-H2AX_STC-11A-11B-Dox-BLO/Hoechst-H2AX.2026-02-13-21-50-52/Hoechst-H2AX_Plate_R_p00_0_F10f02d0.TIF","D:/2026-02-13_U2OS-Hoechst-H2AX_STC-11A-11B-Dox-BLO/Hoechst-H2AX.2026-02-13-21-50-52/Hoechst-H2AX_Plate_R_p00_0_F10f02d1.TIF","DMSO","0","F10","D:/2026-02-13_U2OS-Hoechst-H2AX_STC-11A-11B-Dox-BLO/Hoechst-H2AX.2026-02-13-21-50-52","D:/2026-02-13_U2OS-Hoechst-H2AX_STC-11A-11B-Dox-BLO/Hoechst-H2AX.2026-02-13-21-50-52"
"772","D:/2026-02-13_U2OS-Hoechst-H2AX_STC-11A-11B-Dox-BLO/Hoechst-H2AX.2026-02-13-21-50-52/Hoechst-H2AX_Plate_R_p00_0_F10f03d0.TIF","D:/2026-02-13_U2OS-Hoechst-H2AX_STC-11A-11B-Dox-BLO/Hoechst-H2AX.2026-02-13-21-50-52/Hoechst-H2AX_Plate_R_p00_0_F10f03d1.TIF","DMSO","0","F10","D:/2026-02-13_U2OS-Hoechst-H2AX_STC-11A-11B-Dox-BLO/Hoechst-H2AX.2026-02-13-21-50-52","D:/2026-02-13_U2OS-Hoechst-H2AX_STC-11A-11B-Dox-BLO/Hoechst-H2AX.2026-02-13-21-50-52"
"773","D:/2026-02-13_U2OS-Hoechst-H2AX_STC-11A-11B-Dox-BLO/Hoechst-H2AX.2026-02-13-21-50-52/Hoechst-H2AX_Plate_R_p00_0_F10f04d0.TIF","D:/2026-02-13_U2OS-Hoechst-H2AX_STC-11A-11B-Dox-BLO/Hoechst-H2AX.2026-02-13-21-50-52/Hoechst-H2AX_Plate_R_p00_0_F10f04d1.TIF","DMSO","0","F10","D:/2026-02-13_U2OS-Hoechst-H2AX_STC-11A-11B-Dox-BLO/Hoechst-H2AX.2026-02-13-21-50-52","D:/2026-02-13_U2OS-Hoechst-H2AX_STC-11A-11B-Dox-BLO/Hoechst-H2AX.2026-02-13-21-50-52"
"774","D:/2026-02-13_U2OS-Hoechst-H2AX_STC-11A-11B-Dox-BLO/Hoechst-H2AX.2026-02-13-21-50-52/Hoechst-H2AX_Plate_R_p00_0_F10f05d0.TIF","D:/2026-02-13_U2OS-Hoechst-H2AX_STC-11A-11B-Dox-BLO/Hoechst-H2AX.2026-02-13-21-50-52/Hoechst-H2AX_Plate_R_p00_0_F10f05d1.TIF","DMSO","0","F10","D:/2026-02-13_U2OS-Hoechst-H2AX_STC-11A-11B-Dox-BLO/Hoechst-H2AX.2026-02-13-21-50-52","D:/2026-02-13_U2OS-Hoechst-H2AX_STC-11A-11B-Dox-BLO/Hoechst-H2AX.2026-02-13-21-50-52"
"775","D:/2026-02-13_U2OS-Hoechst-H2AX_STC-11A-11B-Dox-BLO/Hoechst-H2AX.2026-02-13-21-50-52/Hoechst-H2AX_Plate_R_p00_0_F10f06d0.TIF","D:/2026-02-13_U2OS-Hoechst-H2AX_STC-11A-11B-Dox-BLO/Hoechst-H2AX.2026-02-13-21-50-52/Hoechst-H2AX_Plate_R_p00_0_F10f06d1.TIF","DMSO","0","F10","D:/2026-02-13_U2OS-Hoechst-H2AX_STC-11A-11B-Dox-BLO/Hoechst-H2AX.2026-02-13-21-50-52","D:/2026-02-13_U2OS-Hoechst-H2AX_STC-11A-11B-Dox-BLO/Hoechst-H2AX.2026-02-13-21-50-52"
"776","D:/2026-02-13_U2OS-Hoechst-H2AX_STC-11A-11B-Dox-BLO/Hoechst-H2AX.2026-02-13-21-50-52/Hoechst-H2AX_Plate_R_p00_0_F10f07d0.TIF","D:/2026-02-13_U2OS-Hoechst-H2AX_STC-11A-11B-Dox-BLO/Hoechst-H2AX.2026-02-13-21-50-52/Hoechst-H2AX_Plate_R_p00_0_F10f07d1.TIF","DMSO","0","F10","D:/2026-02-13_U2OS-Hoechst-H2AX_STC-11A-11B-Dox-BLO/Hoechst-H2AX.2026-02-13-21-50-52","D:/2026-02-13_U2OS-Hoechst-H2AX_STC-11A-11B-Dox-BLO/Hoechst-H2AX.2026-02-13-21-50-52"
"777","D:/2026-02-13_U2OS-Hoechst-H2AX_STC-11A-11B-Dox-BLO/Hoechst-H2AX.2026-02-13-21-50-52/Hoechst-H2AX_Plate_R_p00_0_F10f08d0.TIF","D:/2026-02-13_U2OS-Hoechst-H2AX_STC-11A-11B-Dox-BLO/Hoechst-H2AX.2026-02-13-21-50-52/Hoechst-H2AX_Plate_R_p00_0_F10f08d1.TIF","DMSO","0","F10","D:/2026-02-13_U2OS-Hoechst-H2AX_STC-11A-11B-Dox-BLO/Hoechst-H2AX.2026-02-13-21-50-52","D:/2026-02-13_U2OS-Hoechst-H2AX_STC-11A-11B-Dox-BLO/Hoechst-H2AX.2026-02-13-21-50-52"
"778","D:/2026-02-13_U2OS-Hoechst-H2AX_STC-11A-11B-Dox-BLO/Hoechst-H2AX.2026-02-13-21-50-52/Hoechst-H2AX_Plate_R_p00_0_F10f09d0.TIF","D:/2026-02-13_U2OS-Hoechst-H2AX_STC-11A-11B-Dox-BLO/Hoechst-H2AX.2026-02-13-21-50-52/Hoechst-H2AX_Plate_R_p00_0_F10f09d1.TIF","DMSO","0","F10","D:/2026-02-13_U2OS-Hoechst-H2AX_STC-11A-11B-Dox-BLO/Hoechst-H2AX.2026-02-13-21-50-52","D:/2026-02-13_U2OS-Hoechst-H2AX_STC-11A-11B-Dox-BLO/Hoechst-H2AX.2026-02-13-21-50-52"
"779","D:/2026-02-13_U2OS-Hoechst-H2AX_STC-11A-11B-Dox-BLO/Hoechst-H2AX.2026-02-13-21-50-52/Hoechst-H2AX_Plate_R_p00_0_F10f10d0.TIF","D:/2026-02-13_U2OS-Hoechst-H2AX_STC-11A-11B-Dox-BLO/Hoechst-H2AX.2026-02-13-21-50-52/Hoechst-H2AX_Plate_R_p00_0_F10f10d1.TIF","DMSO","0","F10","D:/2026-02-13_U2OS-Hoechst-H2AX_STC-11A-11B-Dox-BLO/Hoechst-H2AX.2026-02-13-21-50-52","D:/2026-02-13_U2OS-Hoechst-H2AX_STC-11A-11B-Dox-BLO/Hoechst-H2AX.2026-02-13-21-50-52"
"780","D:/2026-02-13_U2OS-Hoechst-H2AX_STC-11A-11B-Dox-BLO/Hoechst-H2AX.2026-02-13-21-50-52/Hoechst-H2AX_Plate_R_p00_0_F10f11d0.TIF","D:/2026-02-13_U2OS-Hoechst-H2AX_STC-11A-11B-Dox-BLO/Hoechst-H2AX.2026-02-13-21-50-52/Hoechst-H2AX_Plate_R_p00_0_F10f11d1.TIF","DMSO","0","F10","D:/2026-02-13_U2OS-Hoechst-H2AX_STC-11A-11B-Dox-BLO/Hoechst-H2AX.2026-02-13-21-50-52","D:/2026-02-13_U2OS-Hoechst-H2AX_STC-11A-11B-Dox-BLO/Hoechst-H2AX.2026-02-13-21-50-52"
"781","D:/2026-02-13_U2OS-Hoechst-H2AX_STC-11A-11B-Dox-BLO/Hoechst-H2AX.2026-02-13-21-50-52/Hoechst-H2AX_Plate_R_p00_0_F10f12d0.TIF","D:/2026-02-13_U2OS-Hoechst-H2AX_STC-11A-11B-Dox-BLO/Hoechst-H2AX.2026-02-13-21-50-52/Hoechst-H2AX_Plate_R_p00_0_F10f12d1.TIF","DMSO","0","F10","D:/2026-02-13_U2OS-Hoechst-H2AX_STC-11A-11B-Dox-BLO/Hoechst-H2AX.2026-02-13-21-50-52","D:/2026-02-13_U2OS-Hoechst-H2AX_STC-11A-11B-Dox-BLO/Hoechst-H2AX.2026-02-13-21-50-52"
"782","D:/2026-02-13_U2OS-Hoechst-H2AX_STC-11A-11B-Dox-BLO/Hoechst-H2AX.2026-02-13-21-50-52/Hoechst-H2AX_Plate_R_p00_0_F10f13d0.TIF","D:/2026-02-13_U2OS-Hoechst-H2AX_STC-11A-11B-Dox-BLO/Hoechst-H2AX.2026-02-13-21-50-52/Hoechst-H2AX_Plate_R_p00_0_F10f13d1.TIF","DMSO","0","F10","D:/2026-02-13_U2OS-Hoechst-H2AX_STC-11A-11B-Dox-BLO/Hoechst-H2AX.2026-02-13-21-50-52","D:/2026-02-13_U2OS-Hoechst-H2AX_STC-11A-11B-Dox-BLO/Hoechst-H2AX.2026-02-13-21-50-52"
"783","D:/2026-02-13_U2OS-Hoechst-H2AX_STC-11A-11B-Dox-BLO/Hoechst-H2AX.2026-02-13-21-50-52/Hoechst-H2AX_Plate_R_p00_0_F10f14d0.TIF","D:/2026-02-13_U2OS-Hoechst-H2AX_STC-11A-11B-Dox-BLO/Hoechst-H2AX.2026-02-13-21-50-52/Hoechst-H2AX_Plate_R_p00_0_F10f14d1.TIF","DMSO","0","F10","D:/2026-02-13_U2OS-Hoechst-H2AX_STC-11A-11B-Dox-BLO/Hoechst-H2AX.2026-02-13-21-50-52","D:/2026-02-13_U2OS-Hoechst-H2AX_STC-11A-11B-Dox-BLO/Hoechst-H2AX.2026-02-13-21-50-52"
"784","D:/2026-02-13_U2OS-Hoechst-H2AX_STC-11A-11B-Dox-BLO/Hoechst-H2AX.2026-02-13-21-50-52/Hoechst-H2AX_Plate_R_p00_0_F10f15d0.TIF","D:/2026-02-13_U2OS-Hoechst-H2AX_STC-11A-11B-Dox-BLO/Hoechst-H2AX.2026-02-13-21-50-52/Hoechst-H2AX_Plate_R_p00_0_F10f15d1.TIF","DMSO","0","F10","D:/2026-02-13_U2OS-Hoechst-H2AX_STC-11A-11B-Dox-BLO/Hoechst-H2AX.2026-02-13-21-50-52","D:/2026-02-13_U2OS-Hoechst-H2AX_STC-11A-11B-Dox-BLO/Hoechst-H2AX.2026-02-13-21-50-52"
"785","D:/2026-02-13_U2OS-Hoechst-H2AX_STC-11A-11B-Dox-BLO/Hoechst-H2AX.2026-02-13-21-50-52/Hoechst-H2AX_Plate_R_p00_0_F11f00d0.TIF","D:/2026-02-13_U2OS-Hoechst-H2AX_STC-11A-11B-Dox-BLO/Hoechst-H2AX.2026-02-13-21-50-52/Hoechst-H2AX_Plate_R_p00_0_F11f00d1.TIF","DMSO","0","F11","D:/2026-02-13_U2OS-Hoechst-H2AX_STC-11A-11B-Dox-BLO/Hoechst-H2AX.2026-02-13-21-50-52","D:/2026-02-13_U2OS-Hoechst-H2AX_STC-11A-11B-Dox-BLO/Hoechst-H2AX.2026-02-13-21-50-52"
"786","D:/2026-02-13_U2OS-Hoechst-H2AX_STC-11A-11B-Dox-BLO/Hoechst-H2AX.2026-02-13-21-50-52/Hoechst-H2AX_Plate_R_p00_0_F11f01d0.TIF","D:/2026-02-13_U2OS-Hoechst-H2AX_STC-11A-11B-Dox-BLO/Hoechst-H2AX.2026-02-13-21-50-52/Hoechst-H2AX_Plate_R_p00_0_F11f01d1.TIF","DMSO","0","F11","D:/2026-02-13_U2OS-Hoechst-H2AX_STC-11A-11B-Dox-BLO/Hoechst-H2AX.2026-02-13-21-50-52","D:/2026-02-13_U2OS-Hoechst-H2AX_STC-11A-11B-Dox-BLO/Hoechst-H2AX.2026-02-13-21-50-52"
"787","D:/2026-02-13_U2OS-Hoechst-H2AX_STC-11A-11B-Dox-BLO/Hoechst-H2AX.2026-02-13-21-50-52/Hoechst-H2AX_Plate_R_p00_0_F11f02d0.TIF","D:/2026-02-13_U2OS-Hoechst-H2AX_STC-11A-11B-Dox-BLO/Hoechst-H2AX.2026-02-13-21-50-52/Hoechst-H2AX_Plate_R_p00_0_F11f02d1.TIF","DMSO","0","F11","D:/2026-02-13_U2OS-Hoechst-H2AX_STC-11A-11B-Dox-BLO/Hoechst-H2AX.2026-02-13-21-50-52","D:/2026-02-13_U2OS-Hoechst-H2AX_STC-11A-11B-Dox-BLO/Hoechst-H2AX.2026-02-13-21-50-52"
"788","D:/2026-02-13_U2OS-Hoechst-H2AX_STC-11A-11B-Dox-BLO/Hoechst-H2AX.2026-02-13-21-50-52/Hoechst-H2AX_Plate_R_p00_0_F11f03d0.TIF","D:/2026-02-13_U2OS-Hoechst-H2AX_STC-11A-11B-Dox-BLO/Hoechst-H2AX.2026-02-13-21-50-52/Hoechst-H2AX_Plate_R_p00_0_F11f03d1.TIF","DMSO","0","F11","D:/2026-02-13_U2OS-Hoechst-H2AX_STC-11A-11B-Dox-BLO/Hoechst-H2AX.2026-02-13-21-50-52","D:/2026-02-13_U2OS-Hoechst-H2AX_STC-11A-11B-Dox-BLO/Hoechst-H2AX.2026-02-13-21-50-52"
"789","D:/2026-02-13_U2OS-Hoechst-H2AX_STC-11A-11B-Dox-BLO/Hoechst-H2AX.2026-02-13-21-50-52/Hoechst-H2AX_Plate_R_p00_0_F11f04d0.TIF","D:/2026-02-13_U2OS-Hoechst-H2AX_STC-11A-11B-Dox-BLO/Hoechst-H2AX.2026-02-13-21-50-52/Hoechst-H2AX_Plate_R_p00_0_F11f04d1.TIF","DMSO","0","F11","D:/2026-02-13_U2OS-Hoechst-H2AX_STC-11A-11B-Dox-BLO/Hoechst-H2AX.2026-02-13-21-50-52","D:/2026-02-13_U2OS-Hoechst-H2AX_STC-11A-11B-Dox-BLO/Hoechst-H2AX.2026-02-13-21-50-52"
"790","D:/2026-02-13_U2OS-Hoechst-H2AX_STC-11A-11B-Dox-BLO/Hoechst-H2AX.2026-02-13-21-50-52/Hoechst-H2AX_Plate_R_p00_0_F11f05d0.TIF","D:/2026-02-13_U2OS-Hoechst-H2AX_STC-11A-11B-Dox-BLO/Hoechst-H2AX.2026-02-13-21-50-52/Hoechst-H2AX_Plate_R_p00_0_F11f05d1.TIF","DMSO","0","F11","D:/2026-02-13_U2OS-Hoechst-H2AX_STC-11A-11B-Dox-BLO/Hoechst-H2AX.2026-02-13-21-50-52","D:/2026-02-13_U2OS-Hoechst-H2AX_STC-11A-11B-Dox-BLO/Hoechst-H2AX.2026-02-13-21-50-52"
"791","D:/2026-02-13_U2OS-Hoechst-H2AX_STC-11A-11B-Dox-BLO/Hoechst-H2AX.2026-02-13-21-50-52/Hoechst-H2AX_Plate_R_p00_0_F11f06d0.TIF","D:/2026-02-13_U2OS-Hoechst-H2AX_STC-11A-11B-Dox-BLO/Hoechst-H2AX.2026-02-13-21-50-52/Hoechst-H2AX_Plate_R_p00_0_F11f06d1.TIF","DMSO","0","F11","D:/2026-02-13_U2OS-Hoechst-H2AX_STC-11A-11B-Dox-BLO/Hoechst-H2AX.2026-02-13-21-50-52","D:/2026-02-13_U2OS-Hoechst-H2AX_STC-11A-11B-Dox-BLO/Hoechst-H2AX.2026-02-13-21-50-52"
"792","D:/2026-02-13_U2OS-Hoechst-H2AX_STC-11A-11B-Dox-BLO/Hoechst-H2AX.2026-02-13-21-50-52/Hoechst-H2AX_Plate_R_p00_0_F11f07d0.TIF","D:/2026-02-13_U2OS-Hoechst-H2AX_STC-11A-11B-Dox-BLO/Hoechst-H2AX.2026-02-13-21-50-52/Hoechst-H2AX_Plate_R_p00_0_F11f07d1.TIF","DMSO","0","F11","D:/2026-02-13_U2OS-Hoechst-H2AX_STC-11A-11B-Dox-BLO/Hoechst-H2AX.2026-02-13-21-50-52","D:/2026-02-13_U2OS-Hoechst-H2AX_STC-11A-11B-Dox-BLO/Hoechst-H2AX.2026-02-13-21-50-52"
"793","D:/2026-02-13_U2OS-Hoechst-H2AX_STC-11A-11B-Dox-BLO/Hoechst-H2AX.2026-02-13-21-50-52/Hoechst-H2AX_Plate_R_p00_0_F11f08d0.TIF","D:/2026-02-13_U2OS-Hoechst-H2AX_STC-11A-11B-Dox-BLO/Hoechst-H2AX.2026-02-13-21-50-52/Hoechst-H2AX_Plate_R_p00_0_F11f08d1.TIF","DMSO","0","F11","D:/2026-02-13_U2OS-Hoechst-H2AX_STC-11A-11B-Dox-BLO/Hoechst-H2AX.2026-02-13-21-50-52","D:/2026-02-13_U2OS-Hoechst-H2AX_STC-11A-11B-Dox-BLO/Hoechst-H2AX.2026-02-13-21-50-52"
"794","D:/2026-02-13_U2OS-Hoechst-H2AX_STC-11A-11B-Dox-BLO/Hoechst-H2AX.2026-02-13-21-50-52/Hoechst-H2AX_Plate_R_p00_0_F11f09d0.TIF","D:/2026-02-13_U2OS-Hoechst-H2AX_STC-11A-11B-Dox-BLO/Hoechst-H2AX.2026-02-13-21-50-52/Hoechst-H2AX_Plate_R_p00_0_F11f09d1.TIF","DMSO","0","F11","D:/2026-02-13_U2OS-Hoechst-H2AX_STC-11A-11B-Dox-BLO/Hoechst-H2AX.2026-02-13-21-50-52","D:/2026-02-13_U2OS-Hoechst-H2AX_STC-11A-11B-Dox-BLO/Hoechst-H2AX.2026-02-13-21-50-52"
"795","D:/2026-02-13_U2OS-Hoechst-H2AX_STC-11A-11B-Dox-BLO/Hoechst-H2AX.2026-02-13-21-50-52/Hoechst-H2AX_Plate_R_p00_0_F11f10d0.TIF","D:/2026-02-13_U2OS-Hoechst-H2AX_STC-11A-11B-Dox-BLO/Hoechst-H2AX.2026-02-13-21-50-52/Hoechst-H2AX_Plate_R_p00_0_F11f10d1.TIF","DMSO","0","F11","D:/2026-02-13_U2OS-Hoechst-H2AX_STC-11A-11B-Dox-BLO/Hoechst-H2AX.2026-02-13-21-50-52","D:/2026-02-13_U2OS-Hoechst-H2AX_STC-11A-11B-Dox-BLO/Hoechst-H2AX.2026-02-13-21-50-52"
"796","D:/2026-02-13_U2OS-Hoechst-H2AX_STC-11A-11B-Dox-BLO/Hoechst-H2AX.2026-02-13-21-50-52/Hoechst-H2AX_Plate_R_p00_0_F11f11d0.TIF","D:/2026-02-13_U2OS-Hoechst-H2AX_STC-11A-11B-Dox-BLO/Hoechst-H2AX.2026-02-13-21-50-52/Hoechst-H2AX_Plate_R_p00_0_F11f11d1.TIF","DMSO","0","F11","D:/2026-02-13_U2OS-Hoechst-H2AX_STC-11A-11B-Dox-BLO/Hoechst-H2AX.2026-02-13-21-50-52","D:/2026-02-13_U2OS-Hoechst-H2AX_STC-11A-11B-Dox-BLO/Hoechst-H2AX.2026-02-13-21-50-52"
"797","D:/2026-02-13_U2OS-Hoechst-H2AX_STC-11A-11B-Dox-BLO/Hoechst-H2AX.2026-02-13-21-50-52/Hoechst-H2AX_Plate_R_p00_0_F11f12d0.TIF","D:/2026-02-13_U2OS-Hoechst-H2AX_STC-11A-11B-Dox-BLO/Hoechst-H2AX.2026-02-13-21-50-52/Hoechst-H2AX_Plate_R_p00_0_F11f12d1.TIF","DMSO","0","F11","D:/2026-02-13_U2OS-Hoechst-H2AX_STC-11A-11B-Dox-BLO/Hoechst-H2AX.2026-02-13-21-50-52","D:/2026-02-13_U2OS-Hoechst-H2AX_STC-11A-11B-Dox-BLO/Hoechst-H2AX.2026-02-13-21-50-52"
"798","D:/2026-02-13_U2OS-Hoechst-H2AX_STC-11A-11B-Dox-BLO/Hoechst-H2AX.2026-02-13-21-50-52/Hoechst-H2AX_Plate_R_p00_0_F11f13d0.TIF","D:/2026-02-13_U2OS-Hoechst-H2AX_STC-11A-11B-Dox-BLO/Hoechst-H2AX.2026-02-13-21-50-52/Hoechst-H2AX_Plate_R_p00_0_F11f13d1.TIF","DMSO","0","F11","D:/2026-02-13_U2OS-Hoechst-H2AX_STC-11A-11B-Dox-BLO/Hoechst-H2AX.2026-02-13-21-50-52","D:/2026-02-13_U2OS-Hoechst-H2AX_STC-11A-11B-Dox-BLO/Hoechst-H2AX.2026-02-13-21-50-52"
"799","D:/2026-02-13_U2OS-Hoechst-H2AX_STC-11A-11B-Dox-BLO/Hoechst-H2AX.2026-02-13-21-50-52/Hoechst-H2AX_Plate_R_p00_0_F11f14d0.TIF","D:/2026-02-13_U2OS-Hoechst-H2AX_STC-11A-11B-Dox-BLO/Hoechst-H2AX.2026-02-13-21-50-52/Hoechst-H2AX_Plate_R_p00_0_F11f14d1.TIF","DMSO","0","F11","D:/2026-02-13_U2OS-Hoechst-H2AX_STC-11A-11B-Dox-BLO/Hoechst-H2AX.2026-02-13-21-50-52","D:/2026-02-13_U2OS-Hoechst-H2AX_STC-11A-11B-Dox-BLO/Hoechst-H2AX.2026-02-13-21-50-52"
"800","D:/2026-02-13_U2OS-Hoechst-H2AX_STC-11A-11B-Dox-BLO/Hoechst-H2AX.2026-02-13-21-50-52/Hoechst-H2AX_Plate_R_p00_0_F11f15d0.TIF","D:/2026-02-13_U2OS-Hoechst-H2AX_STC-11A-11B-Dox-BLO/Hoechst-H2AX.2026-02-13-21-50-52/Hoechst-H2AX_Plate_R_p00_0_F11f15d1.TIF","DMSO","0","F11","D:/2026-02-13_U2OS-Hoechst-H2AX_STC-11A-11B-Dox-BLO/Hoechst-H2AX.2026-02-13-21-50-52","D:/2026-02-13_U2OS-Hoechst-H2AX_STC-11A-11B-Dox-BLO/Hoechst-H2AX.2026-02-13-21-50-52"
"801","D:/2026-02-13_U2OS-Hoechst-H2AX_STC-11A-11B-Dox-BLO/Hoechst-H2AX.2026-02-13-21-50-52/Hoechst-H2AX_Plate_R_p00_0_G02f00d0.TIF","D:/2026-02-13_U2OS-Hoechst-H2AX_STC-11A-11B-Dox-BLO/Hoechst-H2AX.2026-02-13-21-50-52/Hoechst-H2AX_Plate_R_p00_0_G02f00d1.TIF","Doxorubicin","0.3","G02","D:/2026-02-13_U2OS-Hoechst-H2AX_STC-11A-11B-Dox-BLO/Hoechst-H2AX.2026-02-13-21-50-52","D:/2026-02-13_U2OS-Hoechst-H2AX_STC-11A-11B-Dox-BLO/Hoechst-H2AX.2026-02-13-21-50-52"
"802","D:/2026-02-13_U2OS-Hoechst-H2AX_STC-11A-11B-Dox-BLO/Hoechst-H2AX.2026-02-13-21-50-52/Hoechst-H2AX_Plate_R_p00_0_G02f01d0.TIF","D:/2026-02-13_U2OS-Hoechst-H2AX_STC-11A-11B-Dox-BLO/Hoechst-H2AX.2026-02-13-21-50-52/Hoechst-H2AX_Plate_R_p00_0_G02f01d1.TIF","Doxorubicin","0.3","G02","D:/2026-02-13_U2OS-Hoechst-H2AX_STC-11A-11B-Dox-BLO/Hoechst-H2AX.2026-02-13-21-50-52","D:/2026-02-13_U2OS-Hoechst-H2AX_STC-11A-11B-Dox-BLO/Hoechst-H2AX.2026-02-13-21-50-52"
"803","D:/2026-02-13_U2OS-Hoechst-H2AX_STC-11A-11B-Dox-BLO/Hoechst-H2AX.2026-02-13-21-50-52/Hoechst-H2AX_Plate_R_p00_0_G02f02d0.TIF","D:/2026-02-13_U2OS-Hoechst-H2AX_STC-11A-11B-Dox-BLO/Hoechst-H2AX.2026-02-13-21-50-52/Hoechst-H2AX_Plate_R_p00_0_G02f02d1.TIF","Doxorubicin","0.3","G02","D:/2026-02-13_U2OS-Hoechst-H2AX_STC-11A-11B-Dox-BLO/Hoechst-H2AX.2026-02-13-21-50-52","D:/2026-02-13_U2OS-Hoechst-H2AX_STC-11A-11B-Dox-BLO/Hoechst-H2AX.2026-02-13-21-50-52"
"804","D:/2026-02-13_U2OS-Hoechst-H2AX_STC-11A-11B-Dox-BLO/Hoechst-H2AX.2026-02-13-21-50-52/Hoechst-H2AX_Plate_R_p00_0_G02f03d0.TIF","D:/2026-02-13_U2OS-Hoechst-H2AX_STC-11A-11B-Dox-BLO/Hoechst-H2AX.2026-02-13-21-50-52/Hoechst-H2AX_Plate_R_p00_0_G02f03d1.TIF","Doxorubicin","0.3","G02","D:/2026-02-13_U2OS-Hoechst-H2AX_STC-11A-11B-Dox-BLO/Hoechst-H2AX.2026-02-13-21-50-52","D:/2026-02-13_U2OS-Hoechst-H2AX_STC-11A-11B-Dox-BLO/Hoechst-H2AX.2026-02-13-21-50-52"
"805","D:/2026-02-13_U2OS-Hoechst-H2AX_STC-11A-11B-Dox-BLO/Hoechst-H2AX.2026-02-13-21-50-52/Hoechst-H2AX_Plate_R_p00_0_G02f04d0.TIF","D:/2026-02-13_U2OS-Hoechst-H2AX_STC-11A-11B-Dox-BLO/Hoechst-H2AX.2026-02-13-21-50-52/Hoechst-H2AX_Plate_R_p00_0_G02f04d1.TIF","Doxorubicin","0.3","G02","D:/2026-02-13_U2OS-Hoechst-H2AX_STC-11A-11B-Dox-BLO/Hoechst-H2AX.2026-02-13-21-50-52","D:/2026-02-13_U2OS-Hoechst-H2AX_STC-11A-11B-Dox-BLO/Hoechst-H2AX.2026-02-13-21-50-52"
"806","D:/2026-02-13_U2OS-Hoechst-H2AX_STC-11A-11B-Dox-BLO/Hoechst-H2AX.2026-02-13-21-50-52/Hoechst-H2AX_Plate_R_p00_0_G02f05d0.TIF","D:/2026-02-13_U2OS-Hoechst-H2AX_STC-11A-11B-Dox-BLO/Hoechst-H2AX.2026-02-13-21-50-52/Hoechst-H2AX_Plate_R_p00_0_G02f05d1.TIF","Doxorubicin","0.3","G02","D:/2026-02-13_U2OS-Hoechst-H2AX_STC-11A-11B-Dox-BLO/Hoechst-H2AX.2026-02-13-21-50-52","D:/2026-02-13_U2OS-Hoechst-H2AX_STC-11A-11B-Dox-BLO/Hoechst-H2AX.2026-02-13-21-50-52"
"807","D:/2026-02-13_U2OS-Hoechst-H2AX_STC-11A-11B-Dox-BLO/Hoechst-H2AX.2026-02-13-21-50-52/Hoechst-H2AX_Plate_R_p00_0_G02f06d0.TIF","D:/2026-02-13_U2OS-Hoechst-H2AX_STC-11A-11B-Dox-BLO/Hoechst-H2AX.2026-02-13-21-50-52/Hoechst-H2AX_Plate_R_p00_0_G02f06d1.TIF","Doxorubicin","0.3","G02","D:/2026-02-13_U2OS-Hoechst-H2AX_STC-11A-11B-Dox-BLO/Hoechst-H2AX.2026-02-13-21-50-52","D:/2026-02-13_U2OS-Hoechst-H2AX_STC-11A-11B-Dox-BLO/Hoechst-H2AX.2026-02-13-21-50-52"
"808","D:/2026-02-13_U2OS-Hoechst-H2AX_STC-11A-11B-Dox-BLO/Hoechst-H2AX.2026-02-13-21-50-52/Hoechst-H2AX_Plate_R_p00_0_G02f07d0.TIF","D:/2026-02-13_U2OS-Hoechst-H2AX_STC-11A-11B-Dox-BLO/Hoechst-H2AX.2026-02-13-21-50-52/Hoechst-H2AX_Plate_R_p00_0_G02f07d1.TIF","Doxorubicin","0.3","G02","D:/2026-02-13_U2OS-Hoechst-H2AX_STC-11A-11B-Dox-BLO/Hoechst-H2AX.2026-02-13-21-50-52","D:/2026-02-13_U2OS-Hoechst-H2AX_STC-11A-11B-Dox-BLO/Hoechst-H2AX.2026-02-13-21-50-52"
"809","D:/2026-02-13_U2OS-Hoechst-H2AX_STC-11A-11B-Dox-BLO/Hoechst-H2AX.2026-02-13-21-50-52/Hoechst-H2AX_Plate_R_p00_0_G02f08d0.TIF","D:/2026-02-13_U2OS-Hoechst-H2AX_STC-11A-11B-Dox-BLO/Hoechst-H2AX.2026-02-13-21-50-52/Hoechst-H2AX_Plate_R_p00_0_G02f08d1.TIF","Doxorubicin","0.3","G02","D:/2026-02-13_U2OS-Hoechst-H2AX_STC-11A-11B-Dox-BLO/Hoechst-H2AX.2026-02-13-21-50-52","D:/2026-02-13_U2OS-Hoechst-H2AX_STC-11A-11B-Dox-BLO/Hoechst-H2AX.2026-02-13-21-50-52"
"810","D:/2026-02-13_U2OS-Hoechst-H2AX_STC-11A-11B-Dox-BLO/Hoechst-H2AX.2026-02-13-21-50-52/Hoechst-H2AX_Plate_R_p00_0_G02f09d0.TIF","D:/2026-02-13_U2OS-Hoechst-H2AX_STC-11A-11B-Dox-BLO/Hoechst-H2AX.2026-02-13-21-50-52/Hoechst-H2AX_Plate_R_p00_0_G02f09d1.TIF","Doxorubicin","0.3","G02","D:/2026-02-13_U2OS-Hoechst-H2AX_STC-11A-11B-Dox-BLO/Hoechst-H2AX.2026-02-13-21-50-52","D:/2026-02-13_U2OS-Hoechst-H2AX_STC-11A-11B-Dox-BLO/Hoechst-H2AX.2026-02-13-21-50-52"
"811","D:/2026-02-13_U2OS-Hoechst-H2AX_STC-11A-11B-Dox-BLO/Hoechst-H2AX.2026-02-13-21-50-52/Hoechst-H2AX_Plate_R_p00_0_G02f10d0.TIF","D:/2026-02-13_U2OS-Hoechst-H2AX_STC-11A-11B-Dox-BLO/Hoechst-H2AX.2026-02-13-21-50-52/Hoechst-H2AX_Plate_R_p00_0_G02f10d1.TIF","Doxorubicin","0.3","G02","D:/2026-02-13_U2OS-Hoechst-H2AX_STC-11A-11B-Dox-BLO/Hoechst-H2AX.2026-02-13-21-50-52","D:/2026-02-13_U2OS-Hoechst-H2AX_STC-11A-11B-Dox-BLO/Hoechst-H2AX.2026-02-13-21-50-52"
"812","D:/2026-02-13_U2OS-Hoechst-H2AX_STC-11A-11B-Dox-BLO/Hoechst-H2AX.2026-02-13-21-50-52/Hoechst-H2AX_Plate_R_p00_0_G02f11d0.TIF","D:/2026-02-13_U2OS-Hoechst-H2AX_STC-11A-11B-Dox-BLO/Hoechst-H2AX.2026-02-13-21-50-52/Hoechst-H2AX_Plate_R_p00_0_G02f11d1.TIF","Doxorubicin","0.3","G02","D:/2026-02-13_U2OS-Hoechst-H2AX_STC-11A-11B-Dox-BLO/Hoechst-H2AX.2026-02-13-21-50-52","D:/2026-02-13_U2OS-Hoechst-H2AX_STC-11A-11B-Dox-BLO/Hoechst-H2AX.2026-02-13-21-50-52"
"813","D:/2026-02-13_U2OS-Hoechst-H2AX_STC-11A-11B-Dox-BLO/Hoechst-H2AX.2026-02-13-21-50-52/Hoechst-H2AX_Plate_R_p00_0_G02f12d0.TIF","D:/2026-02-13_U2OS-Hoechst-H2AX_STC-11A-11B-Dox-BLO/Hoechst-H2AX.2026-02-13-21-50-52/Hoechst-H2AX_Plate_R_p00_0_G02f12d1.TIF","Doxorubicin","0.3","G02","D:/2026-02-13_U2OS-Hoechst-H2AX_STC-11A-11B-Dox-BLO/Hoechst-H2AX.2026-02-13-21-50-52","D:/2026-02-13_U2OS-Hoechst-H2AX_STC-11A-11B-Dox-BLO/Hoechst-H2AX.2026-02-13-21-50-52"
"814","D:/2026-02-13_U2OS-Hoechst-H2AX_STC-11A-11B-Dox-BLO/Hoechst-H2AX.2026-02-13-21-50-52/Hoechst-H2AX_Plate_R_p00_0_G02f13d0.TIF","D:/2026-02-13_U2OS-Hoechst-H2AX_STC-11A-11B-Dox-BLO/Hoechst-H2AX.2026-02-13-21-50-52/Hoechst-H2AX_Plate_R_p00_0_G02f13d1.TIF","Doxorubicin","0.3","G02","D:/2026-02-13_U2OS-Hoechst-H2AX_STC-11A-11B-Dox-BLO/Hoechst-H2AX.2026-02-13-21-50-52","D:/2026-02-13_U2OS-Hoechst-H2AX_STC-11A-11B-Dox-BLO/Hoechst-H2AX.2026-02-13-21-50-52"
"815","D:/2026-02-13_U2OS-Hoechst-H2AX_STC-11A-11B-Dox-BLO/Hoechst-H2AX.2026-02-13-21-50-52/Hoechst-H2AX_Plate_R_p00_0_G02f14d0.TIF","D:/2026-02-13_U2OS-Hoechst-H2AX_STC-11A-11B-Dox-BLO/Hoechst-H2AX.2026-02-13-21-50-52/Hoechst-H2AX_Plate_R_p00_0_G02f14d1.TIF","Doxorubicin","0.3","G02","D:/2026-02-13_U2OS-Hoechst-H2AX_STC-11A-11B-Dox-BLO/Hoechst-H2AX.2026-02-13-21-50-52","D:/2026-02-13_U2OS-Hoechst-H2AX_STC-11A-11B-Dox-BLO/Hoechst-H2AX.2026-02-13-21-50-52"
"816","D:/2026-02-13_U2OS-Hoechst-H2AX_STC-11A-11B-Dox-BLO/Hoechst-H2AX.2026-02-13-21-50-52/Hoechst-H2AX_Plate_R_p00_0_G02f15d0.TIF","D:/2026-02-13_U2OS-Hoechst-H2AX_STC-11A-11B-Dox-BLO/Hoechst-H2AX.2026-02-13-21-50-52/Hoechst-H2AX_Plate_R_p00_0_G02f15d1.TIF","Doxorubicin","0.3","G02","D:/2026-02-13_U2OS-Hoechst-H2AX_STC-11A-11B-Dox-BLO/Hoechst-H2AX.2026-02-13-21-50-52","D:/2026-02-13_U2OS-Hoechst-H2AX_STC-11A-11B-Dox-BLO/Hoechst-H2AX.2026-02-13-21-50-52"
"817","D:/2026-02-13_U2OS-Hoechst-H2AX_STC-11A-11B-Dox-BLO/Hoechst-H2AX.2026-02-13-21-50-52/Hoechst-H2AX_Plate_R_p00_0_G03f00d0.TIF","D:/2026-02-13_U2OS-Hoechst-H2AX_STC-11A-11B-Dox-BLO/Hoechst-H2AX.2026-02-13-21-50-52/Hoechst-H2AX_Plate_R_p00_0_G03f00d1.TIF","Doxorubicin","0.1","G03","D:/2026-02-13_U2OS-Hoechst-H2AX_STC-11A-11B-Dox-BLO/Hoechst-H2AX.2026-02-13-21-50-52","D:/2026-02-13_U2OS-Hoechst-H2AX_STC-11A-11B-Dox-BLO/Hoechst-H2AX.2026-02-13-21-50-52"
"818","D:/2026-02-13_U2OS-Hoechst-H2AX_STC-11A-11B-Dox-BLO/Hoechst-H2AX.2026-02-13-21-50-52/Hoechst-H2AX_Plate_R_p00_0_G03f01d0.TIF","D:/2026-02-13_U2OS-Hoechst-H2AX_STC-11A-11B-Dox-BLO/Hoechst-H2AX.2026-02-13-21-50-52/Hoechst-H2AX_Plate_R_p00_0_G03f01d1.TIF","Doxorubicin","0.1","G03","D:/2026-02-13_U2OS-Hoechst-H2AX_STC-11A-11B-Dox-BLO/Hoechst-H2AX.2026-02-13-21-50-52","D:/2026-02-13_U2OS-Hoechst-H2AX_STC-11A-11B-Dox-BLO/Hoechst-H2AX.2026-02-13-21-50-52"
"819","D:/2026-02-13_U2OS-Hoechst-H2AX_STC-11A-11B-Dox-BLO/Hoechst-H2AX.2026-02-13-21-50-52/Hoechst-H2AX_Plate_R_p00_0_G03f02d0.TIF","D:/2026-02-13_U2OS-Hoechst-H2AX_STC-11A-11B-Dox-BLO/Hoechst-H2AX.2026-02-13-21-50-52/Hoechst-H2AX_Plate_R_p00_0_G03f02d1.TIF","Doxorubicin","0.1","G03","D:/2026-02-13_U2OS-Hoechst-H2AX_STC-11A-11B-Dox-BLO/Hoechst-H2AX.2026-02-13-21-50-52","D:/2026-02-13_U2OS-Hoechst-H2AX_STC-11A-11B-Dox-BLO/Hoechst-H2AX.2026-02-13-21-50-52"
"820","D:/2026-02-13_U2OS-Hoechst-H2AX_STC-11A-11B-Dox-BLO/Hoechst-H2AX.2026-02-13-21-50-52/Hoechst-H2AX_Plate_R_p00_0_G03f03d0.TIF","D:/2026-02-13_U2OS-Hoechst-H2AX_STC-11A-11B-Dox-BLO/Hoechst-H2AX.2026-02-13-21-50-52/Hoechst-H2AX_Plate_R_p00_0_G03f03d1.TIF","Doxorubicin","0.1","G03","D:/2026-02-13_U2OS-Hoechst-H2AX_STC-11A-11B-Dox-BLO/Hoechst-H2AX.2026-02-13-21-50-52","D:/2026-02-13_U2OS-Hoechst-H2AX_STC-11A-11B-Dox-BLO/Hoechst-H2AX.2026-02-13-21-50-52"
"821","D:/2026-02-13_U2OS-Hoechst-H2AX_STC-11A-11B-Dox-BLO/Hoechst-H2AX.2026-02-13-21-50-52/Hoechst-H2AX_Plate_R_p00_0_G03f04d0.TIF","D:/2026-02-13_U2OS-Hoechst-H2AX_STC-11A-11B-Dox-BLO/Hoechst-H2AX.2026-02-13-21-50-52/Hoechst-H2AX_Plate_R_p00_0_G03f04d1.TIF","Doxorubicin","0.1","G03","D:/2026-02-13_U2OS-Hoechst-H2AX_STC-11A-11B-Dox-BLO/Hoechst-H2AX.2026-02-13-21-50-52","D:/2026-02-13_U2OS-Hoechst-H2AX_STC-11A-11B-Dox-BLO/Hoechst-H2AX.2026-02-13-21-50-52"
"822","D:/2026-02-13_U2OS-Hoechst-H2AX_STC-11A-11B-Dox-BLO/Hoechst-H2AX.2026-02-13-21-50-52/Hoechst-H2AX_Plate_R_p00_0_G03f05d0.TIF","D:/2026-02-13_U2OS-Hoechst-H2AX_STC-11A-11B-Dox-BLO/Hoechst-H2AX.2026-02-13-21-50-52/Hoechst-H2AX_Plate_R_p00_0_G03f05d1.TIF","Doxorubicin","0.1","G03","D:/2026-02-13_U2OS-Hoechst-H2AX_STC-11A-11B-Dox-BLO/Hoechst-H2AX.2026-02-13-21-50-52","D:/2026-02-13_U2OS-Hoechst-H2AX_STC-11A-11B-Dox-BLO/Hoechst-H2AX.2026-02-13-21-50-52"
"823","D:/2026-02-13_U2OS-Hoechst-H2AX_STC-11A-11B-Dox-BLO/Hoechst-H2AX.2026-02-13-21-50-52/Hoechst-H2AX_Plate_R_p00_0_G03f06d0.TIF","D:/2026-02-13_U2OS-Hoechst-H2AX_STC-11A-11B-Dox-BLO/Hoechst-H2AX.2026-02-13-21-50-52/Hoechst-H2AX_Plate_R_p00_0_G03f06d1.TIF","Doxorubicin","0.1","G03","D:/2026-02-13_U2OS-Hoechst-H2AX_STC-11A-11B-Dox-BLO/Hoechst-H2AX.2026-02-13-21-50-52","D:/2026-02-13_U2OS-Hoechst-H2AX_STC-11A-11B-Dox-BLO/Hoechst-H2AX.2026-02-13-21-50-52"
"824","D:/2026-02-13_U2OS-Hoechst-H2AX_STC-11A-11B-Dox-BLO/Hoechst-H2AX.2026-02-13-21-50-52/Hoechst-H2AX_Plate_R_p00_0_G03f07d0.TIF","D:/2026-02-13_U2OS-Hoechst-H2AX_STC-11A-11B-Dox-BLO/Hoechst-H2AX.2026-02-13-21-50-52/Hoechst-H2AX_Plate_R_p00_0_G03f07d1.TIF","Doxorubicin","0.1","G03","D:/2026-02-13_U2OS-Hoechst-H2AX_STC-11A-11B-Dox-BLO/Hoechst-H2AX.2026-02-13-21-50-52","D:/2026-02-13_U2OS-Hoechst-H2AX_STC-11A-11B-Dox-BLO/Hoechst-H2AX.2026-02-13-21-50-52"
"825","D:/2026-02-13_U2OS-Hoechst-H2AX_STC-11A-11B-Dox-BLO/Hoechst-H2AX.2026-02-13-21-50-52/Hoechst-H2AX_Plate_R_p00_0_G03f08d0.TIF","D:/2026-02-13_U2OS-Hoechst-H2AX_STC-11A-11B-Dox-BLO/Hoechst-H2AX.2026-02-13-21-50-52/Hoechst-H2AX_Plate_R_p00_0_G03f08d1.TIF","Doxorubicin","0.1","G03","D:/2026-02-13_U2OS-Hoechst-H2AX_STC-11A-11B-Dox-BLO/Hoechst-H2AX.2026-02-13-21-50-52","D:/2026-02-13_U2OS-Hoechst-H2AX_STC-11A-11B-Dox-BLO/Hoechst-H2AX.2026-02-13-21-50-52"
"826","D:/2026-02-13_U2OS-Hoechst-H2AX_STC-11A-11B-Dox-BLO/Hoechst-H2AX.2026-02-13-21-50-52/Hoechst-H2AX_Plate_R_p00_0_G03f09d0.TIF","D:/2026-02-13_U2OS-Hoechst-H2AX_STC-11A-11B-Dox-BLO/Hoechst-H2AX.2026-02-13-21-50-52/Hoechst-H2AX_Plate_R_p00_0_G03f09d1.TIF","Doxorubicin","0.1","G03","D:/2026-02-13_U2OS-Hoechst-H2AX_STC-11A-11B-Dox-BLO/Hoechst-H2AX.2026-02-13-21-50-52","D:/2026-02-13_U2OS-Hoechst-H2AX_STC-11A-11B-Dox-BLO/Hoechst-H2AX.2026-02-13-21-50-52"
"827","D:/2026-02-13_U2OS-Hoechst-H2AX_STC-11A-11B-Dox-BLO/Hoechst-H2AX.2026-02-13-21-50-52/Hoechst-H2AX_Plate_R_p00_0_G03f10d0.TIF","D:/2026-02-13_U2OS-Hoechst-H2AX_STC-11A-11B-Dox-BLO/Hoechst-H2AX.2026-02-13-21-50-52/Hoechst-H2AX_Plate_R_p00_0_G03f10d1.TIF","Doxorubicin","0.1","G03","D:/2026-02-13_U2OS-Hoechst-H2AX_STC-11A-11B-Dox-BLO/Hoechst-H2AX.2026-02-13-21-50-52","D:/2026-02-13_U2OS-Hoechst-H2AX_STC-11A-11B-Dox-BLO/Hoechst-H2AX.2026-02-13-21-50-52"
"828","D:/2026-02-13_U2OS-Hoechst-H2AX_STC-11A-11B-Dox-BLO/Hoechst-H2AX.2026-02-13-21-50-52/Hoechst-H2AX_Plate_R_p00_0_G03f11d0.TIF","D:/2026-02-13_U2OS-Hoechst-H2AX_STC-11A-11B-Dox-BLO/Hoechst-H2AX.2026-02-13-21-50-52/Hoechst-H2AX_Plate_R_p00_0_G03f11d1.TIF","Doxorubicin","0.1","G03","D:/2026-02-13_U2OS-Hoechst-H2AX_STC-11A-11B-Dox-BLO/Hoechst-H2AX.2026-02-13-21-50-52","D:/2026-02-13_U2OS-Hoechst-H2AX_STC-11A-11B-Dox-BLO/Hoechst-H2AX.2026-02-13-21-50-52"
"829","D:/2026-02-13_U2OS-Hoechst-H2AX_STC-11A-11B-Dox-BLO/Hoechst-H2AX.2026-02-13-21-50-52/Hoechst-H2AX_Plate_R_p00_0_G03f12d0.TIF","D:/2026-02-13_U2OS-Hoechst-H2AX_STC-11A-11B-Dox-BLO/Hoechst-H2AX.2026-02-13-21-50-52/Hoechst-H2AX_Plate_R_p00_0_G03f12d1.TIF","Doxorubicin","0.1","G03","D:/2026-02-13_U2OS-Hoechst-H2AX_STC-11A-11B-Dox-BLO/Hoechst-H2AX.2026-02-13-21-50-52","D:/2026-02-13_U2OS-Hoechst-H2AX_STC-11A-11B-Dox-BLO/Hoechst-H2AX.2026-02-13-21-50-52"
"830","D:/2026-02-13_U2OS-Hoechst-H2AX_STC-11A-11B-Dox-BLO/Hoechst-H2AX.2026-02-13-21-50-52/Hoechst-H2AX_Plate_R_p00_0_G03f13d0.TIF","D:/2026-02-13_U2OS-Hoechst-H2AX_STC-11A-11B-Dox-BLO/Hoechst-H2AX.2026-02-13-21-50-52/Hoechst-H2AX_Plate_R_p00_0_G03f13d1.TIF","Doxorubicin","0.1","G03","D:/2026-02-13_U2OS-Hoechst-H2AX_STC-11A-11B-Dox-BLO/Hoechst-H2AX.2026-02-13-21-50-52","D:/2026-02-13_U2OS-Hoechst-H2AX_STC-11A-11B-Dox-BLO/Hoechst-H2AX.2026-02-13-21-50-52"
"831","D:/2026-02-13_U2OS-Hoechst-H2AX_STC-11A-11B-Dox-BLO/Hoechst-H2AX.2026-02-13-21-50-52/Hoechst-H2AX_Plate_R_p00_0_G03f14d0.TIF","D:/2026-02-13_U2OS-Hoechst-H2AX_STC-11A-11B-Dox-BLO/Hoechst-H2AX.2026-02-13-21-50-52/Hoechst-H2AX_Plate_R_p00_0_G03f14d1.TIF","Doxorubicin","0.1","G03","D:/2026-02-13_U2OS-Hoechst-H2AX_STC-11A-11B-Dox-BLO/Hoechst-H2AX.2026-02-13-21-50-52","D:/2026-02-13_U2OS-Hoechst-H2AX_STC-11A-11B-Dox-BLO/Hoechst-H2AX.2026-02-13-21-50-52"
"832","D:/2026-02-13_U2OS-Hoechst-H2AX_STC-11A-11B-Dox-BLO/Hoechst-H2AX.2026-02-13-21-50-52/Hoechst-H2AX_Plate_R_p00_0_G03f15d0.TIF","D:/2026-02-13_U2OS-Hoechst-H2AX_STC-11A-11B-Dox-BLO/Hoechst-H2AX.2026-02-13-21-50-52/Hoechst-H2AX_Plate_R_p00_0_G03f15d1.TIF","Doxorubicin","0.1","G03","D:/2026-02-13_U2OS-Hoechst-H2AX_STC-11A-11B-Dox-BLO/Hoechst-H2AX.2026-02-13-21-50-52","D:/2026-02-13_U2OS-Hoechst-H2AX_STC-11A-11B-Dox-BLO/Hoechst-H2AX.2026-02-13-21-50-52"
"833","D:/2026-02-13_U2OS-Hoechst-H2AX_STC-11A-11B-Dox-BLO/Hoechst-H2AX.2026-02-13-21-50-52/Hoechst-H2AX_Plate_R_p00_0_G04f00d0.TIF","D:/2026-02-13_U2OS-Hoechst-H2AX_STC-11A-11B-Dox-BLO/Hoechst-H2AX.2026-02-13-21-50-52/Hoechst-H2AX_Plate_R_p00_0_G04f00d1.TIF","Doxorubicin","0.03","G04","D:/2026-02-13_U2OS-Hoechst-H2AX_STC-11A-11B-Dox-BLO/Hoechst-H2AX.2026-02-13-21-50-52","D:/2026-02-13_U2OS-Hoechst-H2AX_STC-11A-11B-Dox-BLO/Hoechst-H2AX.2026-02-13-21-50-52"
"834","D:/2026-02-13_U2OS-Hoechst-H2AX_STC-11A-11B-Dox-BLO/Hoechst-H2AX.2026-02-13-21-50-52/Hoechst-H2AX_Plate_R_p00_0_G04f01d0.TIF","D:/2026-02-13_U2OS-Hoechst-H2AX_STC-11A-11B-Dox-BLO/Hoechst-H2AX.2026-02-13-21-50-52/Hoechst-H2AX_Plate_R_p00_0_G04f01d1.TIF","Doxorubicin","0.03","G04","D:/2026-02-13_U2OS-Hoechst-H2AX_STC-11A-11B-Dox-BLO/Hoechst-H2AX.2026-02-13-21-50-52","D:/2026-02-13_U2OS-Hoechst-H2AX_STC-11A-11B-Dox-BLO/Hoechst-H2AX.2026-02-13-21-50-52"
"835","D:/2026-02-13_U2OS-Hoechst-H2AX_STC-11A-11B-Dox-BLO/Hoechst-H2AX.2026-02-13-21-50-52/Hoechst-H2AX_Plate_R_p00_0_G04f02d0.TIF","D:/2026-02-13_U2OS-Hoechst-H2AX_STC-11A-11B-Dox-BLO/Hoechst-H2AX.2026-02-13-21-50-52/Hoechst-H2AX_Plate_R_p00_0_G04f02d1.TIF","Doxorubicin","0.03","G04","D:/2026-02-13_U2OS-Hoechst-H2AX_STC-11A-11B-Dox-BLO/Hoechst-H2AX.2026-02-13-21-50-52","D:/2026-02-13_U2OS-Hoechst-H2AX_STC-11A-11B-Dox-BLO/Hoechst-H2AX.2026-02-13-21-50-52"
"836","D:/2026-02-13_U2OS-Hoechst-H2AX_STC-11A-11B-Dox-BLO/Hoechst-H2AX.2026-02-13-21-50-52/Hoechst-H2AX_Plate_R_p00_0_G04f03d0.TIF","D:/2026-02-13_U2OS-Hoechst-H2AX_STC-11A-11B-Dox-BLO/Hoechst-H2AX.2026-02-13-21-50-52/Hoechst-H2AX_Plate_R_p00_0_G04f03d1.TIF","Doxorubicin","0.03","G04","D:/2026-02-13_U2OS-Hoechst-H2AX_STC-11A-11B-Dox-BLO/Hoechst-H2AX.2026-02-13-21-50-52","D:/2026-02-13_U2OS-Hoechst-H2AX_STC-11A-11B-Dox-BLO/Hoechst-H2AX.2026-02-13-21-50-52"
"837","D:/2026-02-13_U2OS-Hoechst-H2AX_STC-11A-11B-Dox-BLO/Hoechst-H2AX.2026-02-13-21-50-52/Hoechst-H2AX_Plate_R_p00_0_G04f04d0.TIF","D:/2026-02-13_U2OS-Hoechst-H2AX_STC-11A-11B-Dox-BLO/Hoechst-H2AX.2026-02-13-21-50-52/Hoechst-H2AX_Plate_R_p00_0_G04f04d1.TIF","Doxorubicin","0.03","G04","D:/2026-02-13_U2OS-Hoechst-H2AX_STC-11A-11B-Dox-BLO/Hoechst-H2AX.2026-02-13-21-50-52","D:/2026-02-13_U2OS-Hoechst-H2AX_STC-11A-11B-Dox-BLO/Hoechst-H2AX.2026-02-13-21-50-52"
"838","D:/2026-02-13_U2OS-Hoechst-H2AX_STC-11A-11B-Dox-BLO/Hoechst-H2AX.2026-02-13-21-50-52/Hoechst-H2AX_Plate_R_p00_0_G04f05d0.TIF","D:/2026-02-13_U2OS-Hoechst-H2AX_STC-11A-11B-Dox-BLO/Hoechst-H2AX.2026-02-13-21-50-52/Hoechst-H2AX_Plate_R_p00_0_G04f05d1.TIF","Doxorubicin","0.03","G04","D:/2026-02-13_U2OS-Hoechst-H2AX_STC-11A-11B-Dox-BLO/Hoechst-H2AX.2026-02-13-21-50-52","D:/2026-02-13_U2OS-Hoechst-H2AX_STC-11A-11B-Dox-BLO/Hoechst-H2AX.2026-02-13-21-50-52"
"839","D:/2026-02-13_U2OS-Hoechst-H2AX_STC-11A-11B-Dox-BLO/Hoechst-H2AX.2026-02-13-21-50-52/Hoechst-H2AX_Plate_R_p00_0_G04f06d0.TIF","D:/2026-02-13_U2OS-Hoechst-H2AX_STC-11A-11B-Dox-BLO/Hoechst-H2AX.2026-02-13-21-50-52/Hoechst-H2AX_Plate_R_p00_0_G04f06d1.TIF","Doxorubicin","0.03","G04","D:/2026-02-13_U2OS-Hoechst-H2AX_STC-11A-11B-Dox-BLO/Hoechst-H2AX.2026-02-13-21-50-52","D:/2026-02-13_U2OS-Hoechst-H2AX_STC-11A-11B-Dox-BLO/Hoechst-H2AX.2026-02-13-21-50-52"
"840","D:/2026-02-13_U2OS-Hoechst-H2AX_STC-11A-11B-Dox-BLO/Hoechst-H2AX.2026-02-13-21-50-52/Hoechst-H2AX_Plate_R_p00_0_G04f07d0.TIF","D:/2026-02-13_U2OS-Hoechst-H2AX_STC-11A-11B-Dox-BLO/Hoechst-H2AX.2026-02-13-21-50-52/Hoechst-H2AX_Plate_R_p00_0_G04f07d1.TIF","Doxorubicin","0.03","G04","D:/2026-02-13_U2OS-Hoechst-H2AX_STC-11A-11B-Dox-BLO/Hoechst-H2AX.2026-02-13-21-50-52","D:/2026-02-13_U2OS-Hoechst-H2AX_STC-11A-11B-Dox-BLO/Hoechst-H2AX.2026-02-13-21-50-52"
"841","D:/2026-02-13_U2OS-Hoechst-H2AX_STC-11A-11B-Dox-BLO/Hoechst-H2AX.2026-02-13-21-50-52/Hoechst-H2AX_Plate_R_p00_0_G04f08d0.TIF","D:/2026-02-13_U2OS-Hoechst-H2AX_STC-11A-11B-Dox-BLO/Hoechst-H2AX.2026-02-13-21-50-52/Hoechst-H2AX_Plate_R_p00_0_G04f08d1.TIF","Doxorubicin","0.03","G04","D:/2026-02-13_U2OS-Hoechst-H2AX_STC-11A-11B-Dox-BLO/Hoechst-H2AX.2026-02-13-21-50-52","D:/2026-02-13_U2OS-Hoechst-H2AX_STC-11A-11B-Dox-BLO/Hoechst-H2AX.2026-02-13-21-50-52"
"842","D:/2026-02-13_U2OS-Hoechst-H2AX_STC-11A-11B-Dox-BLO/Hoechst-H2AX.2026-02-13-21-50-52/Hoechst-H2AX_Plate_R_p00_0_G04f09d0.TIF","D:/2026-02-13_U2OS-Hoechst-H2AX_STC-11A-11B-Dox-BLO/Hoechst-H2AX.2026-02-13-21-50-52/Hoechst-H2AX_Plate_R_p00_0_G04f09d1.TIF","Doxorubicin","0.03","G04","D:/2026-02-13_U2OS-Hoechst-H2AX_STC-11A-11B-Dox-BLO/Hoechst-H2AX.2026-02-13-21-50-52","D:/2026-02-13_U2OS-Hoechst-H2AX_STC-11A-11B-Dox-BLO/Hoechst-H2AX.2026-02-13-21-50-52"
"843","D:/2026-02-13_U2OS-Hoechst-H2AX_STC-11A-11B-Dox-BLO/Hoechst-H2AX.2026-02-13-21-50-52/Hoechst-H2AX_Plate_R_p00_0_G04f10d0.TIF","D:/2026-02-13_U2OS-Hoechst-H2AX_STC-11A-11B-Dox-BLO/Hoechst-H2AX.2026-02-13-21-50-52/Hoechst-H2AX_Plate_R_p00_0_G04f10d1.TIF","Doxorubicin","0.03","G04","D:/2026-02-13_U2OS-Hoechst-H2AX_STC-11A-11B-Dox-BLO/Hoechst-H2AX.2026-02-13-21-50-52","D:/2026-02-13_U2OS-Hoechst-H2AX_STC-11A-11B-Dox-BLO/Hoechst-H2AX.2026-02-13-21-50-52"
"844","D:/2026-02-13_U2OS-Hoechst-H2AX_STC-11A-11B-Dox-BLO/Hoechst-H2AX.2026-02-13-21-50-52/Hoechst-H2AX_Plate_R_p00_0_G04f11d0.TIF","D:/2026-02-13_U2OS-Hoechst-H2AX_STC-11A-11B-Dox-BLO/Hoechst-H2AX.2026-02-13-21-50-52/Hoechst-H2AX_Plate_R_p00_0_G04f11d1.TIF","Doxorubicin","0.03","G04","D:/2026-02-13_U2OS-Hoechst-H2AX_STC-11A-11B-Dox-BLO/Hoechst-H2AX.2026-02-13-21-50-52","D:/2026-02-13_U2OS-Hoechst-H2AX_STC-11A-11B-Dox-BLO/Hoechst-H2AX.2026-02-13-21-50-52"
"845","D:/2026-02-13_U2OS-Hoechst-H2AX_STC-11A-11B-Dox-BLO/Hoechst-H2AX.2026-02-13-21-50-52/Hoechst-H2AX_Plate_R_p00_0_G04f12d0.TIF","D:/2026-02-13_U2OS-Hoechst-H2AX_STC-11A-11B-Dox-BLO/Hoechst-H2AX.2026-02-13-21-50-52/Hoechst-H2AX_Plate_R_p00_0_G04f12d1.TIF","Doxorubicin","0.03","G04","D:/2026-02-13_U2OS-Hoechst-H2AX_STC-11A-11B-Dox-BLO/Hoechst-H2AX.2026-02-13-21-50-52","D:/2026-02-13_U2OS-Hoechst-H2AX_STC-11A-11B-Dox-BLO/Hoechst-H2AX.2026-02-13-21-50-52"
"846","D:/2026-02-13_U2OS-Hoechst-H2AX_STC-11A-11B-Dox-BLO/Hoechst-H2AX.2026-02-13-21-50-52/Hoechst-H2AX_Plate_R_p00_0_G04f13d0.TIF","D:/2026-02-13_U2OS-Hoechst-H2AX_STC-11A-11B-Dox-BLO/Hoechst-H2AX.2026-02-13-21-50-52/Hoechst-H2AX_Plate_R_p00_0_G04f13d1.TIF","Doxorubicin","0.03","G04","D:/2026-02-13_U2OS-Hoechst-H2AX_STC-11A-11B-Dox-BLO/Hoechst-H2AX.2026-02-13-21-50-52","D:/2026-02-13_U2OS-Hoechst-H2AX_STC-11A-11B-Dox-BLO/Hoechst-H2AX.2026-02-13-21-50-52"
"847","D:/2026-02-13_U2OS-Hoechst-H2AX_STC-11A-11B-Dox-BLO/Hoechst-H2AX.2026-02-13-21-50-52/Hoechst-H2AX_Plate_R_p00_0_G04f14d0.TIF","D:/2026-02-13_U2OS-Hoechst-H2AX_STC-11A-11B-Dox-BLO/Hoechst-H2AX.2026-02-13-21-50-52/Hoechst-H2AX_Plate_R_p00_0_G04f14d1.TIF","Doxorubicin","0.03","G04","D:/2026-02-13_U2OS-Hoechst-H2AX_STC-11A-11B-Dox-BLO/Hoechst-H2AX.2026-02-13-21-50-52","D:/2026-02-13_U2OS-Hoechst-H2AX_STC-11A-11B-Dox-BLO/Hoechst-H2AX.2026-02-13-21-50-52"
"848","D:/2026-02-13_U2OS-Hoechst-H2AX_STC-11A-11B-Dox-BLO/Hoechst-H2AX.2026-02-13-21-50-52/Hoechst-H2AX_Plate_R_p00_0_G04f15d0.TIF","D:/2026-02-13_U2OS-Hoechst-H2AX_STC-11A-11B-Dox-BLO/Hoechst-H2AX.2026-02-13-21-50-52/Hoechst-H2AX_Plate_R_p00_0_G04f15d1.TIF","Doxorubicin","0.03","G04","D:/2026-02-13_U2OS-Hoechst-H2AX_STC-11A-11B-Dox-BLO/Hoechst-H2AX.2026-02-13-21-50-52","D:/2026-02-13_U2OS-Hoechst-H2AX_STC-11A-11B-Dox-BLO/Hoechst-H2AX.2026-02-13-21-50-52"
"849","D:/2026-02-13_U2OS-Hoechst-H2AX_STC-11A-11B-Dox-BLO/Hoechst-H2AX.2026-02-13-21-50-52/Hoechst-H2AX_Plate_R_p00_0_G05f00d0.TIF","D:/2026-02-13_U2OS-Hoechst-H2AX_STC-11A-11B-Dox-BLO/Hoechst-H2AX.2026-02-13-21-50-52/Hoechst-H2AX_Plate_R_p00_0_G05f00d1.TIF","KCB25-11B","10","G05","D:/2026-02-13_U2OS-Hoechst-H2AX_STC-11A-11B-Dox-BLO/Hoechst-H2AX.2026-02-13-21-50-52","D:/2026-02-13_U2OS-Hoechst-H2AX_STC-11A-11B-Dox-BLO/Hoechst-H2AX.2026-02-13-21-50-52"
"850","D:/2026-02-13_U2OS-Hoechst-H2AX_STC-11A-11B-Dox-BLO/Hoechst-H2AX.2026-02-13-21-50-52/Hoechst-H2AX_Plate_R_p00_0_G05f01d0.TIF","D:/2026-02-13_U2OS-Hoechst-H2AX_STC-11A-11B-Dox-BLO/Hoechst-H2AX.2026-02-13-21-50-52/Hoechst-H2AX_Plate_R_p00_0_G05f01d1.TIF","KCB25-11B","10","G05","D:/2026-02-13_U2OS-Hoechst-H2AX_STC-11A-11B-Dox-BLO/Hoechst-H2AX.2026-02-13-21-50-52","D:/2026-02-13_U2OS-Hoechst-H2AX_STC-11A-11B-Dox-BLO/Hoechst-H2AX.2026-02-13-21-50-52"
"851","D:/2026-02-13_U2OS-Hoechst-H2AX_STC-11A-11B-Dox-BLO/Hoechst-H2AX.2026-02-13-21-50-52/Hoechst-H2AX_Plate_R_p00_0_G05f02d0.TIF","D:/2026-02-13_U2OS-Hoechst-H2AX_STC-11A-11B-Dox-BLO/Hoechst-H2AX.2026-02-13-21-50-52/Hoechst-H2AX_Plate_R_p00_0_G05f02d1.TIF","KCB25-11B","10","G05","D:/2026-02-13_U2OS-Hoechst-H2AX_STC-11A-11B-Dox-BLO/Hoechst-H2AX.2026-02-13-21-50-52","D:/2026-02-13_U2OS-Hoechst-H2AX_STC-11A-11B-Dox-BLO/Hoechst-H2AX.2026-02-13-21-50-52"
"852","D:/2026-02-13_U2OS-Hoechst-H2AX_STC-11A-11B-Dox-BLO/Hoechst-H2AX.2026-02-13-21-50-52/Hoechst-H2AX_Plate_R_p00_0_G05f03d0.TIF","D:/2026-02-13_U2OS-Hoechst-H2AX_STC-11A-11B-Dox-BLO/Hoechst-H2AX.2026-02-13-21-50-52/Hoechst-H2AX_Plate_R_p00_0_G05f03d1.TIF","KCB25-11B","10","G05","D:/2026-02-13_U2OS-Hoechst-H2AX_STC-11A-11B-Dox-BLO/Hoechst-H2AX.2026-02-13-21-50-52","D:/2026-02-13_U2OS-Hoechst-H2AX_STC-11A-11B-Dox-BLO/Hoechst-H2AX.2026-02-13-21-50-52"
"853","D:/2026-02-13_U2OS-Hoechst-H2AX_STC-11A-11B-Dox-BLO/Hoechst-H2AX.2026-02-13-21-50-52/Hoechst-H2AX_Plate_R_p00_0_G05f04d0.TIF","D:/2026-02-13_U2OS-Hoechst-H2AX_STC-11A-11B-Dox-BLO/Hoechst-H2AX.2026-02-13-21-50-52/Hoechst-H2AX_Plate_R_p00_0_G05f04d1.TIF","KCB25-11B","10","G05","D:/2026-02-13_U2OS-Hoechst-H2AX_STC-11A-11B-Dox-BLO/Hoechst-H2AX.2026-02-13-21-50-52","D:/2026-02-13_U2OS-Hoechst-H2AX_STC-11A-11B-Dox-BLO/Hoechst-H2AX.2026-02-13-21-50-52"
"854","D:/2026-02-13_U2OS-Hoechst-H2AX_STC-11A-11B-Dox-BLO/Hoechst-H2AX.2026-02-13-21-50-52/Hoechst-H2AX_Plate_R_p00_0_G05f05d0.TIF","D:/2026-02-13_U2OS-Hoechst-H2AX_STC-11A-11B-Dox-BLO/Hoechst-H2AX.2026-02-13-21-50-52/Hoechst-H2AX_Plate_R_p00_0_G05f05d1.TIF","KCB25-11B","10","G05","D:/2026-02-13_U2OS-Hoechst-H2AX_STC-11A-11B-Dox-BLO/Hoechst-H2AX.2026-02-13-21-50-52","D:/2026-02-13_U2OS-Hoechst-H2AX_STC-11A-11B-Dox-BLO/Hoechst-H2AX.2026-02-13-21-50-52"
"855","D:/2026-02-13_U2OS-Hoechst-H2AX_STC-11A-11B-Dox-BLO/Hoechst-H2AX.2026-02-13-21-50-52/Hoechst-H2AX_Plate_R_p00_0_G05f06d0.TIF","D:/2026-02-13_U2OS-Hoechst-H2AX_STC-11A-11B-Dox-BLO/Hoechst-H2AX.2026-02-13-21-50-52/Hoechst-H2AX_Plate_R_p00_0_G05f06d1.TIF","KCB25-11B","10","G05","D:/2026-02-13_U2OS-Hoechst-H2AX_STC-11A-11B-Dox-BLO/Hoechst-H2AX.2026-02-13-21-50-52","D:/2026-02-13_U2OS-Hoechst-H2AX_STC-11A-11B-Dox-BLO/Hoechst-H2AX.2026-02-13-21-50-52"
"856","D:/2026-02-13_U2OS-Hoechst-H2AX_STC-11A-11B-Dox-BLO/Hoechst-H2AX.2026-02-13-21-50-52/Hoechst-H2AX_Plate_R_p00_0_G05f07d0.TIF","D:/2026-02-13_U2OS-Hoechst-H2AX_STC-11A-11B-Dox-BLO/Hoechst-H2AX.2026-02-13-21-50-52/Hoechst-H2AX_Plate_R_p00_0_G05f07d1.TIF","KCB25-11B","10","G05","D:/2026-02-13_U2OS-Hoechst-H2AX_STC-11A-11B-Dox-BLO/Hoechst-H2AX.2026-02-13-21-50-52","D:/2026-02-13_U2OS-Hoechst-H2AX_STC-11A-11B-Dox-BLO/Hoechst-H2AX.2026-02-13-21-50-52"
"857","D:/2026-02-13_U2OS-Hoechst-H2AX_STC-11A-11B-Dox-BLO/Hoechst-H2AX.2026-02-13-21-50-52/Hoechst-H2AX_Plate_R_p00_0_G05f08d0.TIF","D:/2026-02-13_U2OS-Hoechst-H2AX_STC-11A-11B-Dox-BLO/Hoechst-H2AX.2026-02-13-21-50-52/Hoechst-H2AX_Plate_R_p00_0_G05f08d1.TIF","KCB25-11B","10","G05","D:/2026-02-13_U2OS-Hoechst-H2AX_STC-11A-11B-Dox-BLO/Hoechst-H2AX.2026-02-13-21-50-52","D:/2026-02-13_U2OS-Hoechst-H2AX_STC-11A-11B-Dox-BLO/Hoechst-H2AX.2026-02-13-21-50-52"
"858","D:/2026-02-13_U2OS-Hoechst-H2AX_STC-11A-11B-Dox-BLO/Hoechst-H2AX.2026-02-13-21-50-52/Hoechst-H2AX_Plate_R_p00_0_G05f09d0.TIF","D:/2026-02-13_U2OS-Hoechst-H2AX_STC-11A-11B-Dox-BLO/Hoechst-H2AX.2026-02-13-21-50-52/Hoechst-H2AX_Plate_R_p00_0_G05f09d1.TIF","KCB25-11B","10","G05","D:/2026-02-13_U2OS-Hoechst-H2AX_STC-11A-11B-Dox-BLO/Hoechst-H2AX.2026-02-13-21-50-52","D:/2026-02-13_U2OS-Hoechst-H2AX_STC-11A-11B-Dox-BLO/Hoechst-H2AX.2026-02-13-21-50-52"
"859","D:/2026-02-13_U2OS-Hoechst-H2AX_STC-11A-11B-Dox-BLO/Hoechst-H2AX.2026-02-13-21-50-52/Hoechst-H2AX_Plate_R_p00_0_G05f10d0.TIF","D:/2026-02-13_U2OS-Hoechst-H2AX_STC-11A-11B-Dox-BLO/Hoechst-H2AX.2026-02-13-21-50-52/Hoechst-H2AX_Plate_R_p00_0_G05f10d1.TIF","KCB25-11B","10","G05","D:/2026-02-13_U2OS-Hoechst-H2AX_STC-11A-11B-Dox-BLO/Hoechst-H2AX.2026-02-13-21-50-52","D:/2026-02-13_U2OS-Hoechst-H2AX_STC-11A-11B-Dox-BLO/Hoechst-H2AX.2026-02-13-21-50-52"
"860","D:/2026-02-13_U2OS-Hoechst-H2AX_STC-11A-11B-Dox-BLO/Hoechst-H2AX.2026-02-13-21-50-52/Hoechst-H2AX_Plate_R_p00_0_G05f11d0.TIF","D:/2026-02-13_U2OS-Hoechst-H2AX_STC-11A-11B-Dox-BLO/Hoechst-H2AX.2026-02-13-21-50-52/Hoechst-H2AX_Plate_R_p00_0_G05f11d1.TIF","KCB25-11B","10","G05","D:/2026-02-13_U2OS-Hoechst-H2AX_STC-11A-11B-Dox-BLO/Hoechst-H2AX.2026-02-13-21-50-52","D:/2026-02-13_U2OS-Hoechst-H2AX_STC-11A-11B-Dox-BLO/Hoechst-H2AX.2026-02-13-21-50-52"
"861","D:/2026-02-13_U2OS-Hoechst-H2AX_STC-11A-11B-Dox-BLO/Hoechst-H2AX.2026-02-13-21-50-52/Hoechst-H2AX_Plate_R_p00_0_G05f12d0.TIF","D:/2026-02-13_U2OS-Hoechst-H2AX_STC-11A-11B-Dox-BLO/Hoechst-H2AX.2026-02-13-21-50-52/Hoechst-H2AX_Plate_R_p00_0_G05f12d1.TIF","KCB25-11B","10","G05","D:/2026-02-13_U2OS-Hoechst-H2AX_STC-11A-11B-Dox-BLO/Hoechst-H2AX.2026-02-13-21-50-52","D:/2026-02-13_U2OS-Hoechst-H2AX_STC-11A-11B-Dox-BLO/Hoechst-H2AX.2026-02-13-21-50-52"
"862","D:/2026-02-13_U2OS-Hoechst-H2AX_STC-11A-11B-Dox-BLO/Hoechst-H2AX.2026-02-13-21-50-52/Hoechst-H2AX_Plate_R_p00_0_G05f13d0.TIF","D:/2026-02-13_U2OS-Hoechst-H2AX_STC-11A-11B-Dox-BLO/Hoechst-H2AX.2026-02-13-21-50-52/Hoechst-H2AX_Plate_R_p00_0_G05f13d1.TIF","KCB25-11B","10","G05","D:/2026-02-13_U2OS-Hoechst-H2AX_STC-11A-11B-Dox-BLO/Hoechst-H2AX.2026-02-13-21-50-52","D:/2026-02-13_U2OS-Hoechst-H2AX_STC-11A-11B-Dox-BLO/Hoechst-H2AX.2026-02-13-21-50-52"
"863","D:/2026-02-13_U2OS-Hoechst-H2AX_STC-11A-11B-Dox-BLO/Hoechst-H2AX.2026-02-13-21-50-52/Hoechst-H2AX_Plate_R_p00_0_G05f14d0.TIF","D:/2026-02-13_U2OS-Hoechst-H2AX_STC-11A-11B-Dox-BLO/Hoechst-H2AX.2026-02-13-21-50-52/Hoechst-H2AX_Plate_R_p00_0_G05f14d1.TIF","KCB25-11B","10","G05","D:/2026-02-13_U2OS-Hoechst-H2AX_STC-11A-11B-Dox-BLO/Hoechst-H2AX.2026-02-13-21-50-52","D:/2026-02-13_U2OS-Hoechst-H2AX_STC-11A-11B-Dox-BLO/Hoechst-H2AX.2026-02-13-21-50-52"
"864","D:/2026-02-13_U2OS-Hoechst-H2AX_STC-11A-11B-Dox-BLO/Hoechst-H2AX.2026-02-13-21-50-52/Hoechst-H2AX_Plate_R_p00_0_G05f15d0.TIF","D:/2026-02-13_U2OS-Hoechst-H2AX_STC-11A-11B-Dox-BLO/Hoechst-H2AX.2026-02-13-21-50-52/Hoechst-H2AX_Plate_R_p00_0_G05f15d1.TIF","KCB25-11B","10","G05","D:/2026-02-13_U2OS-Hoechst-H2AX_STC-11A-11B-Dox-BLO/Hoechst-H2AX.2026-02-13-21-50-52","D:/2026-02-13_U2OS-Hoechst-H2AX_STC-11A-11B-Dox-BLO/Hoechst-H2AX.2026-02-13-21-50-52"
"865","D:/2026-02-13_U2OS-Hoechst-H2AX_STC-11A-11B-Dox-BLO/Hoechst-H2AX.2026-02-13-21-50-52/Hoechst-H2AX_Plate_R_p00_0_G06f00d0.TIF","D:/2026-02-13_U2OS-Hoechst-H2AX_STC-11A-11B-Dox-BLO/Hoechst-H2AX.2026-02-13-21-50-52/Hoechst-H2AX_Plate_R_p00_0_G06f00d1.TIF","KCB25-11B","3","G06","D:/2026-02-13_U2OS-Hoechst-H2AX_STC-11A-11B-Dox-BLO/Hoechst-H2AX.2026-02-13-21-50-52","D:/2026-02-13_U2OS-Hoechst-H2AX_STC-11A-11B-Dox-BLO/Hoechst-H2AX.2026-02-13-21-50-52"
"866","D:/2026-02-13_U2OS-Hoechst-H2AX_STC-11A-11B-Dox-BLO/Hoechst-H2AX.2026-02-13-21-50-52/Hoechst-H2AX_Plate_R_p00_0_G06f01d0.TIF","D:/2026-02-13_U2OS-Hoechst-H2AX_STC-11A-11B-Dox-BLO/Hoechst-H2AX.2026-02-13-21-50-52/Hoechst-H2AX_Plate_R_p00_0_G06f01d1.TIF","KCB25-11B","3","G06","D:/2026-02-13_U2OS-Hoechst-H2AX_STC-11A-11B-Dox-BLO/Hoechst-H2AX.2026-02-13-21-50-52","D:/2026-02-13_U2OS-Hoechst-H2AX_STC-11A-11B-Dox-BLO/Hoechst-H2AX.2026-02-13-21-50-52"
"867","D:/2026-02-13_U2OS-Hoechst-H2AX_STC-11A-11B-Dox-BLO/Hoechst-H2AX.2026-02-13-21-50-52/Hoechst-H2AX_Plate_R_p00_0_G06f02d0.TIF","D:/2026-02-13_U2OS-Hoechst-H2AX_STC-11A-11B-Dox-BLO/Hoechst-H2AX.2026-02-13-21-50-52/Hoechst-H2AX_Plate_R_p00_0_G06f02d1.TIF","KCB25-11B","3","G06","D:/2026-02-13_U2OS-Hoechst-H2AX_STC-11A-11B-Dox-BLO/Hoechst-H2AX.2026-02-13-21-50-52","D:/2026-02-13_U2OS-Hoechst-H2AX_STC-11A-11B-Dox-BLO/Hoechst-H2AX.2026-02-13-21-50-52"
"868","D:/2026-02-13_U2OS-Hoechst-H2AX_STC-11A-11B-Dox-BLO/Hoechst-H2AX.2026-02-13-21-50-52/Hoechst-H2AX_Plate_R_p00_0_G06f03d0.TIF","D:/2026-02-13_U2OS-Hoechst-H2AX_STC-11A-11B-Dox-BLO/Hoechst-H2AX.2026-02-13-21-50-52/Hoechst-H2AX_Plate_R_p00_0_G06f03d1.TIF","KCB25-11B","3","G06","D:/2026-02-13_U2OS-Hoechst-H2AX_STC-11A-11B-Dox-BLO/Hoechst-H2AX.2026-02-13-21-50-52","D:/2026-02-13_U2OS-Hoechst-H2AX_STC-11A-11B-Dox-BLO/Hoechst-H2AX.2026-02-13-21-50-52"
"869","D:/2026-02-13_U2OS-Hoechst-H2AX_STC-11A-11B-Dox-BLO/Hoechst-H2AX.2026-02-13-21-50-52/Hoechst-H2AX_Plate_R_p00_0_G06f04d0.TIF","D:/2026-02-13_U2OS-Hoechst-H2AX_STC-11A-11B-Dox-BLO/Hoechst-H2AX.2026-02-13-21-50-52/Hoechst-H2AX_Plate_R_p00_0_G06f04d1.TIF","KCB25-11B","3","G06","D:/2026-02-13_U2OS-Hoechst-H2AX_STC-11A-11B-Dox-BLO/Hoechst-H2AX.2026-02-13-21-50-52","D:/2026-02-13_U2OS-Hoechst-H2AX_STC-11A-11B-Dox-BLO/Hoechst-H2AX.2026-02-13-21-50-52"
"870","D:/2026-02-13_U2OS-Hoechst-H2AX_STC-11A-11B-Dox-BLO/Hoechst-H2AX.2026-02-13-21-50-52/Hoechst-H2AX_Plate_R_p00_0_G06f05d0.TIF","D:/2026-02-13_U2OS-Hoechst-H2AX_STC-11A-11B-Dox-BLO/Hoechst-H2AX.2026-02-13-21-50-52/Hoechst-H2AX_Plate_R_p00_0_G06f05d1.TIF","KCB25-11B","3","G06","D:/2026-02-13_U2OS-Hoechst-H2AX_STC-11A-11B-Dox-BLO/Hoechst-H2AX.2026-02-13-21-50-52","D:/2026-02-13_U2OS-Hoechst-H2AX_STC-11A-11B-Dox-BLO/Hoechst-H2AX.2026-02-13-21-50-52"
"871","D:/2026-02-13_U2OS-Hoechst-H2AX_STC-11A-11B-Dox-BLO/Hoechst-H2AX.2026-02-13-21-50-52/Hoechst-H2AX_Plate_R_p00_0_G06f06d0.TIF","D:/2026-02-13_U2OS-Hoechst-H2AX_STC-11A-11B-Dox-BLO/Hoechst-H2AX.2026-02-13-21-50-52/Hoechst-H2AX_Plate_R_p00_0_G06f06d1.TIF","KCB25-11B","3","G06","D:/2026-02-13_U2OS-Hoechst-H2AX_STC-11A-11B-Dox-BLO/Hoechst-H2AX.2026-02-13-21-50-52","D:/2026-02-13_U2OS-Hoechst-H2AX_STC-11A-11B-Dox-BLO/Hoechst-H2AX.2026-02-13-21-50-52"
"872","D:/2026-02-13_U2OS-Hoechst-H2AX_STC-11A-11B-Dox-BLO/Hoechst-H2AX.2026-02-13-21-50-52/Hoechst-H2AX_Plate_R_p00_0_G06f07d0.TIF","D:/2026-02-13_U2OS-Hoechst-H2AX_STC-11A-11B-Dox-BLO/Hoechst-H2AX.2026-02-13-21-50-52/Hoechst-H2AX_Plate_R_p00_0_G06f07d1.TIF","KCB25-11B","3","G06","D:/2026-02-13_U2OS-Hoechst-H2AX_STC-11A-11B-Dox-BLO/Hoechst-H2AX.2026-02-13-21-50-52","D:/2026-02-13_U2OS-Hoechst-H2AX_STC-11A-11B-Dox-BLO/Hoechst-H2AX.2026-02-13-21-50-52"
"873","D:/2026-02-13_U2OS-Hoechst-H2AX_STC-11A-11B-Dox-BLO/Hoechst-H2AX.2026-02-13-21-50-52/Hoechst-H2AX_Plate_R_p00_0_G06f08d0.TIF","D:/2026-02-13_U2OS-Hoechst-H2AX_STC-11A-11B-Dox-BLO/Hoechst-H2AX.2026-02-13-21-50-52/Hoechst-H2AX_Plate_R_p00_0_G06f08d1.TIF","KCB25-11B","3","G06","D:/2026-02-13_U2OS-Hoechst-H2AX_STC-11A-11B-Dox-BLO/Hoechst-H2AX.2026-02-13-21-50-52","D:/2026-02-13_U2OS-Hoechst-H2AX_STC-11A-11B-Dox-BLO/Hoechst-H2AX.2026-02-13-21-50-52"
"874","D:/2026-02-13_U2OS-Hoechst-H2AX_STC-11A-11B-Dox-BLO/Hoechst-H2AX.2026-02-13-21-50-52/Hoechst-H2AX_Plate_R_p00_0_G06f09d0.TIF","D:/2026-02-13_U2OS-Hoechst-H2AX_STC-11A-11B-Dox-BLO/Hoechst-H2AX.2026-02-13-21-50-52/Hoechst-H2AX_Plate_R_p00_0_G06f09d1.TIF","KCB25-11B","3","G06","D:/2026-02-13_U2OS-Hoechst-H2AX_STC-11A-11B-Dox-BLO/Hoechst-H2AX.2026-02-13-21-50-52","D:/2026-02-13_U2OS-Hoechst-H2AX_STC-11A-11B-Dox-BLO/Hoechst-H2AX.2026-02-13-21-50-52"
"875","D:/2026-02-13_U2OS-Hoechst-H2AX_STC-11A-11B-Dox-BLO/Hoechst-H2AX.2026-02-13-21-50-52/Hoechst-H2AX_Plate_R_p00_0_G06f10d0.TIF","D:/2026-02-13_U2OS-Hoechst-H2AX_STC-11A-11B-Dox-BLO/Hoechst-H2AX.2026-02-13-21-50-52/Hoechst-H2AX_Plate_R_p00_0_G06f10d1.TIF","KCB25-11B","3","G06","D:/2026-02-13_U2OS-Hoechst-H2AX_STC-11A-11B-Dox-BLO/Hoechst-H2AX.2026-02-13-21-50-52","D:/2026-02-13_U2OS-Hoechst-H2AX_STC-11A-11B-Dox-BLO/Hoechst-H2AX.2026-02-13-21-50-52"
"876","D:/2026-02-13_U2OS-Hoechst-H2AX_STC-11A-11B-Dox-BLO/Hoechst-H2AX.2026-02-13-21-50-52/Hoechst-H2AX_Plate_R_p00_0_G06f11d0.TIF","D:/2026-02-13_U2OS-Hoechst-H2AX_STC-11A-11B-Dox-BLO/Hoechst-H2AX.2026-02-13-21-50-52/Hoechst-H2AX_Plate_R_p00_0_G06f11d1.TIF","KCB25-11B","3","G06","D:/2026-02-13_U2OS-Hoechst-H2AX_STC-11A-11B-Dox-BLO/Hoechst-H2AX.2026-02-13-21-50-52","D:/2026-02-13_U2OS-Hoechst-H2AX_STC-11A-11B-Dox-BLO/Hoechst-H2AX.2026-02-13-21-50-52"
"877","D:/2026-02-13_U2OS-Hoechst-H2AX_STC-11A-11B-Dox-BLO/Hoechst-H2AX.2026-02-13-21-50-52/Hoechst-H2AX_Plate_R_p00_0_G06f12d0.TIF","D:/2026-02-13_U2OS-Hoechst-H2AX_STC-11A-11B-Dox-BLO/Hoechst-H2AX.2026-02-13-21-50-52/Hoechst-H2AX_Plate_R_p00_0_G06f12d1.TIF","KCB25-11B","3","G06","D:/2026-02-13_U2OS-Hoechst-H2AX_STC-11A-11B-Dox-BLO/Hoechst-H2AX.2026-02-13-21-50-52","D:/2026-02-13_U2OS-Hoechst-H2AX_STC-11A-11B-Dox-BLO/Hoechst-H2AX.2026-02-13-21-50-52"
"878","D:/2026-02-13_U2OS-Hoechst-H2AX_STC-11A-11B-Dox-BLO/Hoechst-H2AX.2026-02-13-21-50-52/Hoechst-H2AX_Plate_R_p00_0_G06f13d0.TIF","D:/2026-02-13_U2OS-Hoechst-H2AX_STC-11A-11B-Dox-BLO/Hoechst-H2AX.2026-02-13-21-50-52/Hoechst-H2AX_Plate_R_p00_0_G06f13d1.TIF","KCB25-11B","3","G06","D:/2026-02-13_U2OS-Hoechst-H2AX_STC-11A-11B-Dox-BLO/Hoechst-H2AX.2026-02-13-21-50-52","D:/2026-02-13_U2OS-Hoechst-H2AX_STC-11A-11B-Dox-BLO/Hoechst-H2AX.2026-02-13-21-50-52"
"879","D:/2026-02-13_U2OS-Hoechst-H2AX_STC-11A-11B-Dox-BLO/Hoechst-H2AX.2026-02-13-21-50-52/Hoechst-H2AX_Plate_R_p00_0_G06f14d0.TIF","D:/2026-02-13_U2OS-Hoechst-H2AX_STC-11A-11B-Dox-BLO/Hoechst-H2AX.2026-02-13-21-50-52/Hoechst-H2AX_Plate_R_p00_0_G06f14d1.TIF","KCB25-11B","3","G06","D:/2026-02-13_U2OS-Hoechst-H2AX_STC-11A-11B-Dox-BLO/Hoechst-H2AX.2026-02-13-21-50-52","D:/2026-02-13_U2OS-Hoechst-H2AX_STC-11A-11B-Dox-BLO/Hoechst-H2AX.2026-02-13-21-50-52"
"880","D:/2026-02-13_U2OS-Hoechst-H2AX_STC-11A-11B-Dox-BLO/Hoechst-H2AX.2026-02-13-21-50-52/Hoechst-H2AX_Plate_R_p00_0_G06f15d0.TIF","D:/2026-02-13_U2OS-Hoechst-H2AX_STC-11A-11B-Dox-BLO/Hoechst-H2AX.2026-02-13-21-50-52/Hoechst-H2AX_Plate_R_p00_0_G06f15d1.TIF","KCB25-11B","3","G06","D:/2026-02-13_U2OS-Hoechst-H2AX_STC-11A-11B-Dox-BLO/Hoechst-H2AX.2026-02-13-21-50-52","D:/2026-02-13_U2OS-Hoechst-H2AX_STC-11A-11B-Dox-BLO/Hoechst-H2AX.2026-02-13-21-50-52"
"881","D:/2026-02-13_U2OS-Hoechst-H2AX_STC-11A-11B-Dox-BLO/Hoechst-H2AX.2026-02-13-21-50-52/Hoechst-H2AX_Plate_R_p00_0_G07f00d0.TIF","D:/2026-02-13_U2OS-Hoechst-H2AX_STC-11A-11B-Dox-BLO/Hoechst-H2AX.2026-02-13-21-50-52/Hoechst-H2AX_Plate_R_p00_0_G07f00d1.TIF","KCB25-11B","1","G07","D:/2026-02-13_U2OS-Hoechst-H2AX_STC-11A-11B-Dox-BLO/Hoechst-H2AX.2026-02-13-21-50-52","D:/2026-02-13_U2OS-Hoechst-H2AX_STC-11A-11B-Dox-BLO/Hoechst-H2AX.2026-02-13-21-50-52"
"882","D:/2026-02-13_U2OS-Hoechst-H2AX_STC-11A-11B-Dox-BLO/Hoechst-H2AX.2026-02-13-21-50-52/Hoechst-H2AX_Plate_R_p00_0_G07f01d0.TIF","D:/2026-02-13_U2OS-Hoechst-H2AX_STC-11A-11B-Dox-BLO/Hoechst-H2AX.2026-02-13-21-50-52/Hoechst-H2AX_Plate_R_p00_0_G07f01d1.TIF","KCB25-11B","1","G07","D:/2026-02-13_U2OS-Hoechst-H2AX_STC-11A-11B-Dox-BLO/Hoechst-H2AX.2026-02-13-21-50-52","D:/2026-02-13_U2OS-Hoechst-H2AX_STC-11A-11B-Dox-BLO/Hoechst-H2AX.2026-02-13-21-50-52"
"883","D:/2026-02-13_U2OS-Hoechst-H2AX_STC-11A-11B-Dox-BLO/Hoechst-H2AX.2026-02-13-21-50-52/Hoechst-H2AX_Plate_R_p00_0_G07f02d0.TIF","D:/2026-02-13_U2OS-Hoechst-H2AX_STC-11A-11B-Dox-BLO/Hoechst-H2AX.2026-02-13-21-50-52/Hoechst-H2AX_Plate_R_p00_0_G07f02d1.TIF","KCB25-11B","1","G07","D:/2026-02-13_U2OS-Hoechst-H2AX_STC-11A-11B-Dox-BLO/Hoechst-H2AX.2026-02-13-21-50-52","D:/2026-02-13_U2OS-Hoechst-H2AX_STC-11A-11B-Dox-BLO/Hoechst-H2AX.2026-02-13-21-50-52"
"884","D:/2026-02-13_U2OS-Hoechst-H2AX_STC-11A-11B-Dox-BLO/Hoechst-H2AX.2026-02-13-21-50-52/Hoechst-H2AX_Plate_R_p00_0_G07f03d0.TIF","D:/2026-02-13_U2OS-Hoechst-H2AX_STC-11A-11B-Dox-BLO/Hoechst-H2AX.2026-02-13-21-50-52/Hoechst-H2AX_Plate_R_p00_0_G07f03d1.TIF","KCB25-11B","1","G07","D:/2026-02-13_U2OS-Hoechst-H2AX_STC-11A-11B-Dox-BLO/Hoechst-H2AX.2026-02-13-21-50-52","D:/2026-02-13_U2OS-Hoechst-H2AX_STC-11A-11B-Dox-BLO/Hoechst-H2AX.2026-02-13-21-50-52"
"885","D:/2026-02-13_U2OS-Hoechst-H2AX_STC-11A-11B-Dox-BLO/Hoechst-H2AX.2026-02-13-21-50-52/Hoechst-H2AX_Plate_R_p00_0_G07f04d0.TIF","D:/2026-02-13_U2OS-Hoechst-H2AX_STC-11A-11B-Dox-BLO/Hoechst-H2AX.2026-02-13-21-50-52/Hoechst-H2AX_Plate_R_p00_0_G07f04d1.TIF","KCB25-11B","1","G07","D:/2026-02-13_U2OS-Hoechst-H2AX_STC-11A-11B-Dox-BLO/Hoechst-H2AX.2026-02-13-21-50-52","D:/2026-02-13_U2OS-Hoechst-H2AX_STC-11A-11B-Dox-BLO/Hoechst-H2AX.2026-02-13-21-50-52"
"886","D:/2026-02-13_U2OS-Hoechst-H2AX_STC-11A-11B-Dox-BLO/Hoechst-H2AX.2026-02-13-21-50-52/Hoechst-H2AX_Plate_R_p00_0_G07f05d0.TIF","D:/2026-02-13_U2OS-Hoechst-H2AX_STC-11A-11B-Dox-BLO/Hoechst-H2AX.2026-02-13-21-50-52/Hoechst-H2AX_Plate_R_p00_0_G07f05d1.TIF","KCB25-11B","1","G07","D:/2026-02-13_U2OS-Hoechst-H2AX_STC-11A-11B-Dox-BLO/Hoechst-H2AX.2026-02-13-21-50-52","D:/2026-02-13_U2OS-Hoechst-H2AX_STC-11A-11B-Dox-BLO/Hoechst-H2AX.2026-02-13-21-50-52"
"887","D:/2026-02-13_U2OS-Hoechst-H2AX_STC-11A-11B-Dox-BLO/Hoechst-H2AX.2026-02-13-21-50-52/Hoechst-H2AX_Plate_R_p00_0_G07f06d0.TIF","D:/2026-02-13_U2OS-Hoechst-H2AX_STC-11A-11B-Dox-BLO/Hoechst-H2AX.2026-02-13-21-50-52/Hoechst-H2AX_Plate_R_p00_0_G07f06d1.TIF","KCB25-11B","1","G07","D:/2026-02-13_U2OS-Hoechst-H2AX_STC-11A-11B-Dox-BLO/Hoechst-H2AX.2026-02-13-21-50-52","D:/2026-02-13_U2OS-Hoechst-H2AX_STC-11A-11B-Dox-BLO/Hoechst-H2AX.2026-02-13-21-50-52"
"888","D:/2026-02-13_U2OS-Hoechst-H2AX_STC-11A-11B-Dox-BLO/Hoechst-H2AX.2026-02-13-21-50-52/Hoechst-H2AX_Plate_R_p00_0_G07f07d0.TIF","D:/2026-02-13_U2OS-Hoechst-H2AX_STC-11A-11B-Dox-BLO/Hoechst-H2AX.2026-02-13-21-50-52/Hoechst-H2AX_Plate_R_p00_0_G07f07d1.TIF","KCB25-11B","1","G07","D:/2026-02-13_U2OS-Hoechst-H2AX_STC-11A-11B-Dox-BLO/Hoechst-H2AX.2026-02-13-21-50-52","D:/2026-02-13_U2OS-Hoechst-H2AX_STC-11A-11B-Dox-BLO/Hoechst-H2AX.2026-02-13-21-50-52"
"889","D:/2026-02-13_U2OS-Hoechst-H2AX_STC-11A-11B-Dox-BLO/Hoechst-H2AX.2026-02-13-21-50-52/Hoechst-H2AX_Plate_R_p00_0_G07f08d0.TIF","D:/2026-02-13_U2OS-Hoechst-H2AX_STC-11A-11B-Dox-BLO/Hoechst-H2AX.2026-02-13-21-50-52/Hoechst-H2AX_Plate_R_p00_0_G07f08d1.TIF","KCB25-11B","1","G07","D:/2026-02-13_U2OS-Hoechst-H2AX_STC-11A-11B-Dox-BLO/Hoechst-H2AX.2026-02-13-21-50-52","D:/2026-02-13_U2OS-Hoechst-H2AX_STC-11A-11B-Dox-BLO/Hoechst-H2AX.2026-02-13-21-50-52"
"890","D:/2026-02-13_U2OS-Hoechst-H2AX_STC-11A-11B-Dox-BLO/Hoechst-H2AX.2026-02-13-21-50-52/Hoechst-H2AX_Plate_R_p00_0_G07f09d0.TIF","D:/2026-02-13_U2OS-Hoechst-H2AX_STC-11A-11B-Dox-BLO/Hoechst-H2AX.2026-02-13-21-50-52/Hoechst-H2AX_Plate_R_p00_0_G07f09d1.TIF","KCB25-11B","1","G07","D:/2026-02-13_U2OS-Hoechst-H2AX_STC-11A-11B-Dox-BLO/Hoechst-H2AX.2026-02-13-21-50-52","D:/2026-02-13_U2OS-Hoechst-H2AX_STC-11A-11B-Dox-BLO/Hoechst-H2AX.2026-02-13-21-50-52"
"891","D:/2026-02-13_U2OS-Hoechst-H2AX_STC-11A-11B-Dox-BLO/Hoechst-H2AX.2026-02-13-21-50-52/Hoechst-H2AX_Plate_R_p00_0_G07f10d0.TIF","D:/2026-02-13_U2OS-Hoechst-H2AX_STC-11A-11B-Dox-BLO/Hoechst-H2AX.2026-02-13-21-50-52/Hoechst-H2AX_Plate_R_p00_0_G07f10d1.TIF","KCB25-11B","1","G07","D:/2026-02-13_U2OS-Hoechst-H2AX_STC-11A-11B-Dox-BLO/Hoechst-H2AX.2026-02-13-21-50-52","D:/2026-02-13_U2OS-Hoechst-H2AX_STC-11A-11B-Dox-BLO/Hoechst-H2AX.2026-02-13-21-50-52"
"892","D:/2026-02-13_U2OS-Hoechst-H2AX_STC-11A-11B-Dox-BLO/Hoechst-H2AX.2026-02-13-21-50-52/Hoechst-H2AX_Plate_R_p00_0_G07f11d0.TIF","D:/2026-02-13_U2OS-Hoechst-H2AX_STC-11A-11B-Dox-BLO/Hoechst-H2AX.2026-02-13-21-50-52/Hoechst-H2AX_Plate_R_p00_0_G07f11d1.TIF","KCB25-11B","1","G07","D:/2026-02-13_U2OS-Hoechst-H2AX_STC-11A-11B-Dox-BLO/Hoechst-H2AX.2026-02-13-21-50-52","D:/2026-02-13_U2OS-Hoechst-H2AX_STC-11A-11B-Dox-BLO/Hoechst-H2AX.2026-02-13-21-50-52"
"893","D:/2026-02-13_U2OS-Hoechst-H2AX_STC-11A-11B-Dox-BLO/Hoechst-H2AX.2026-02-13-21-50-52/Hoechst-H2AX_Plate_R_p00_0_G07f12d0.TIF","D:/2026-02-13_U2OS-Hoechst-H2AX_STC-11A-11B-Dox-BLO/Hoechst-H2AX.2026-02-13-21-50-52/Hoechst-H2AX_Plate_R_p00_0_G07f12d1.TIF","KCB25-11B","1","G07","D:/2026-02-13_U2OS-Hoechst-H2AX_STC-11A-11B-Dox-BLO/Hoechst-H2AX.2026-02-13-21-50-52","D:/2026-02-13_U2OS-Hoechst-H2AX_STC-11A-11B-Dox-BLO/Hoechst-H2AX.2026-02-13-21-50-52"
"894","D:/2026-02-13_U2OS-Hoechst-H2AX_STC-11A-11B-Dox-BLO/Hoechst-H2AX.2026-02-13-21-50-52/Hoechst-H2AX_Plate_R_p00_0_G07f13d0.TIF","D:/2026-02-13_U2OS-Hoechst-H2AX_STC-11A-11B-Dox-BLO/Hoechst-H2AX.2026-02-13-21-50-52/Hoechst-H2AX_Plate_R_p00_0_G07f13d1.TIF","KCB25-11B","1","G07","D:/2026-02-13_U2OS-Hoechst-H2AX_STC-11A-11B-Dox-BLO/Hoechst-H2AX.2026-02-13-21-50-52","D:/2026-02-13_U2OS-Hoechst-H2AX_STC-11A-11B-Dox-BLO/Hoechst-H2AX.2026-02-13-21-50-52"
"895","D:/2026-02-13_U2OS-Hoechst-H2AX_STC-11A-11B-Dox-BLO/Hoechst-H2AX.2026-02-13-21-50-52/Hoechst-H2AX_Plate_R_p00_0_G07f14d0.TIF","D:/2026-02-13_U2OS-Hoechst-H2AX_STC-11A-11B-Dox-BLO/Hoechst-H2AX.2026-02-13-21-50-52/Hoechst-H2AX_Plate_R_p00_0_G07f14d1.TIF","KCB25-11B","1","G07","D:/2026-02-13_U2OS-Hoechst-H2AX_STC-11A-11B-Dox-BLO/Hoechst-H2AX.2026-02-13-21-50-52","D:/2026-02-13_U2OS-Hoechst-H2AX_STC-11A-11B-Dox-BLO/Hoechst-H2AX.2026-02-13-21-50-52"
"896","D:/2026-02-13_U2OS-Hoechst-H2AX_STC-11A-11B-Dox-BLO/Hoechst-H2AX.2026-02-13-21-50-52/Hoechst-H2AX_Plate_R_p00_0_G07f15d0.TIF","D:/2026-02-13_U2OS-Hoechst-H2AX_STC-11A-11B-Dox-BLO/Hoechst-H2AX.2026-02-13-21-50-52/Hoechst-H2AX_Plate_R_p00_0_G07f15d1.TIF","KCB25-11B","1","G07","D:/2026-02-13_U2OS-Hoechst-H2AX_STC-11A-11B-Dox-BLO/Hoechst-H2AX.2026-02-13-21-50-52","D:/2026-02-13_U2OS-Hoechst-H2AX_STC-11A-11B-Dox-BLO/Hoechst-H2AX.2026-02-13-21-50-52"
"897","D:/2026-02-13_U2OS-Hoechst-H2AX_STC-11A-11B-Dox-BLO/Hoechst-H2AX.2026-02-13-21-50-52/Hoechst-H2AX_Plate_R_p00_0_G08f00d0.TIF","D:/2026-02-13_U2OS-Hoechst-H2AX_STC-11A-11B-Dox-BLO/Hoechst-H2AX.2026-02-13-21-50-52/Hoechst-H2AX_Plate_R_p00_0_G08f00d1.TIF","KCB25-11B","0.3","G08","D:/2026-02-13_U2OS-Hoechst-H2AX_STC-11A-11B-Dox-BLO/Hoechst-H2AX.2026-02-13-21-50-52","D:/2026-02-13_U2OS-Hoechst-H2AX_STC-11A-11B-Dox-BLO/Hoechst-H2AX.2026-02-13-21-50-52"
"898","D:/2026-02-13_U2OS-Hoechst-H2AX_STC-11A-11B-Dox-BLO/Hoechst-H2AX.2026-02-13-21-50-52/Hoechst-H2AX_Plate_R_p00_0_G08f01d0.TIF","D:/2026-02-13_U2OS-Hoechst-H2AX_STC-11A-11B-Dox-BLO/Hoechst-H2AX.2026-02-13-21-50-52/Hoechst-H2AX_Plate_R_p00_0_G08f01d1.TIF","KCB25-11B","0.3","G08","D:/2026-02-13_U2OS-Hoechst-H2AX_STC-11A-11B-Dox-BLO/Hoechst-H2AX.2026-02-13-21-50-52","D:/2026-02-13_U2OS-Hoechst-H2AX_STC-11A-11B-Dox-BLO/Hoechst-H2AX.2026-02-13-21-50-52"
"899","D:/2026-02-13_U2OS-Hoechst-H2AX_STC-11A-11B-Dox-BLO/Hoechst-H2AX.2026-02-13-21-50-52/Hoechst-H2AX_Plate_R_p00_0_G08f02d0.TIF","D:/2026-02-13_U2OS-Hoechst-H2AX_STC-11A-11B-Dox-BLO/Hoechst-H2AX.2026-02-13-21-50-52/Hoechst-H2AX_Plate_R_p00_0_G08f02d1.TIF","KCB25-11B","0.3","G08","D:/2026-02-13_U2OS-Hoechst-H2AX_STC-11A-11B-Dox-BLO/Hoechst-H2AX.2026-02-13-21-50-52","D:/2026-02-13_U2OS-Hoechst-H2AX_STC-11A-11B-Dox-BLO/Hoechst-H2AX.2026-02-13-21-50-52"
"900","D:/2026-02-13_U2OS-Hoechst-H2AX_STC-11A-11B-Dox-BLO/Hoechst-H2AX.2026-02-13-21-50-52/Hoechst-H2AX_Plate_R_p00_0_G08f03d0.TIF","D:/2026-02-13_U2OS-Hoechst-H2AX_STC-11A-11B-Dox-BLO/Hoechst-H2AX.2026-02-13-21-50-52/Hoechst-H2AX_Plate_R_p00_0_G08f03d1.TIF","KCB25-11B","0.3","G08","D:/2026-02-13_U2OS-Hoechst-H2AX_STC-11A-11B-Dox-BLO/Hoechst-H2AX.2026-02-13-21-50-52","D:/2026-02-13_U2OS-Hoechst-H2AX_STC-11A-11B-Dox-BLO/Hoechst-H2AX.2026-02-13-21-50-52"
"901","D:/2026-02-13_U2OS-Hoechst-H2AX_STC-11A-11B-Dox-BLO/Hoechst-H2AX.2026-02-13-21-50-52/Hoechst-H2AX_Plate_R_p00_0_G08f04d0.TIF","D:/2026-02-13_U2OS-Hoechst-H2AX_STC-11A-11B-Dox-BLO/Hoechst-H2AX.2026-02-13-21-50-52/Hoechst-H2AX_Plate_R_p00_0_G08f04d1.TIF","KCB25-11B","0.3","G08","D:/2026-02-13_U2OS-Hoechst-H2AX_STC-11A-11B-Dox-BLO/Hoechst-H2AX.2026-02-13-21-50-52","D:/2026-02-13_U2OS-Hoechst-H2AX_STC-11A-11B-Dox-BLO/Hoechst-H2AX.2026-02-13-21-50-52"
"902","D:/2026-02-13_U2OS-Hoechst-H2AX_STC-11A-11B-Dox-BLO/Hoechst-H2AX.2026-02-13-21-50-52/Hoechst-H2AX_Plate_R_p00_0_G08f05d0.TIF","D:/2026-02-13_U2OS-Hoechst-H2AX_STC-11A-11B-Dox-BLO/Hoechst-H2AX.2026-02-13-21-50-52/Hoechst-H2AX_Plate_R_p00_0_G08f05d1.TIF","KCB25-11B","0.3","G08","D:/2026-02-13_U2OS-Hoechst-H2AX_STC-11A-11B-Dox-BLO/Hoechst-H2AX.2026-02-13-21-50-52","D:/2026-02-13_U2OS-Hoechst-H2AX_STC-11A-11B-Dox-BLO/Hoechst-H2AX.2026-02-13-21-50-52"
"903","D:/2026-02-13_U2OS-Hoechst-H2AX_STC-11A-11B-Dox-BLO/Hoechst-H2AX.2026-02-13-21-50-52/Hoechst-H2AX_Plate_R_p00_0_G08f06d0.TIF","D:/2026-02-13_U2OS-Hoechst-H2AX_STC-11A-11B-Dox-BLO/Hoechst-H2AX.2026-02-13-21-50-52/Hoechst-H2AX_Plate_R_p00_0_G08f06d1.TIF","KCB25-11B","0.3","G08","D:/2026-02-13_U2OS-Hoechst-H2AX_STC-11A-11B-Dox-BLO/Hoechst-H2AX.2026-02-13-21-50-52","D:/2026-02-13_U2OS-Hoechst-H2AX_STC-11A-11B-Dox-BLO/Hoechst-H2AX.2026-02-13-21-50-52"
"904","D:/2026-02-13_U2OS-Hoechst-H2AX_STC-11A-11B-Dox-BLO/Hoechst-H2AX.2026-02-13-21-50-52/Hoechst-H2AX_Plate_R_p00_0_G08f07d0.TIF","D:/2026-02-13_U2OS-Hoechst-H2AX_STC-11A-11B-Dox-BLO/Hoechst-H2AX.2026-02-13-21-50-52/Hoechst-H2AX_Plate_R_p00_0_G08f07d1.TIF","KCB25-11B","0.3","G08","D:/2026-02-13_U2OS-Hoechst-H2AX_STC-11A-11B-Dox-BLO/Hoechst-H2AX.2026-02-13-21-50-52","D:/2026-02-13_U2OS-Hoechst-H2AX_STC-11A-11B-Dox-BLO/Hoechst-H2AX.2026-02-13-21-50-52"
"905","D:/2026-02-13_U2OS-Hoechst-H2AX_STC-11A-11B-Dox-BLO/Hoechst-H2AX.2026-02-13-21-50-52/Hoechst-H2AX_Plate_R_p00_0_G08f08d0.TIF","D:/2026-02-13_U2OS-Hoechst-H2AX_STC-11A-11B-Dox-BLO/Hoechst-H2AX.2026-02-13-21-50-52/Hoechst-H2AX_Plate_R_p00_0_G08f08d1.TIF","KCB25-11B","0.3","G08","D:/2026-02-13_U2OS-Hoechst-H2AX_STC-11A-11B-Dox-BLO/Hoechst-H2AX.2026-02-13-21-50-52","D:/2026-02-13_U2OS-Hoechst-H2AX_STC-11A-11B-Dox-BLO/Hoechst-H2AX.2026-02-13-21-50-52"
"906","D:/2026-02-13_U2OS-Hoechst-H2AX_STC-11A-11B-Dox-BLO/Hoechst-H2AX.2026-02-13-21-50-52/Hoechst-H2AX_Plate_R_p00_0_G08f09d0.TIF","D:/2026-02-13_U2OS-Hoechst-H2AX_STC-11A-11B-Dox-BLO/Hoechst-H2AX.2026-02-13-21-50-52/Hoechst-H2AX_Plate_R_p00_0_G08f09d1.TIF","KCB25-11B","0.3","G08","D:/2026-02-13_U2OS-Hoechst-H2AX_STC-11A-11B-Dox-BLO/Hoechst-H2AX.2026-02-13-21-50-52","D:/2026-02-13_U2OS-Hoechst-H2AX_STC-11A-11B-Dox-BLO/Hoechst-H2AX.2026-02-13-21-50-52"
"907","D:/2026-02-13_U2OS-Hoechst-H2AX_STC-11A-11B-Dox-BLO/Hoechst-H2AX.2026-02-13-21-50-52/Hoechst-H2AX_Plate_R_p00_0_G08f10d0.TIF","D:/2026-02-13_U2OS-Hoechst-H2AX_STC-11A-11B-Dox-BLO/Hoechst-H2AX.2026-02-13-21-50-52/Hoechst-H2AX_Plate_R_p00_0_G08f10d1.TIF","KCB25-11B","0.3","G08","D:/2026-02-13_U2OS-Hoechst-H2AX_STC-11A-11B-Dox-BLO/Hoechst-H2AX.2026-02-13-21-50-52","D:/2026-02-13_U2OS-Hoechst-H2AX_STC-11A-11B-Dox-BLO/Hoechst-H2AX.2026-02-13-21-50-52"
"908","D:/2026-02-13_U2OS-Hoechst-H2AX_STC-11A-11B-Dox-BLO/Hoechst-H2AX.2026-02-13-21-50-52/Hoechst-H2AX_Plate_R_p00_0_G08f11d0.TIF","D:/2026-02-13_U2OS-Hoechst-H2AX_STC-11A-11B-Dox-BLO/Hoechst-H2AX.2026-02-13-21-50-52/Hoechst-H2AX_Plate_R_p00_0_G08f11d1.TIF","KCB25-11B","0.3","G08","D:/2026-02-13_U2OS-Hoechst-H2AX_STC-11A-11B-Dox-BLO/Hoechst-H2AX.2026-02-13-21-50-52","D:/2026-02-13_U2OS-Hoechst-H2AX_STC-11A-11B-Dox-BLO/Hoechst-H2AX.2026-02-13-21-50-52"
"909","D:/2026-02-13_U2OS-Hoechst-H2AX_STC-11A-11B-Dox-BLO/Hoechst-H2AX.2026-02-13-21-50-52/Hoechst-H2AX_Plate_R_p00_0_G08f12d0.TIF","D:/2026-02-13_U2OS-Hoechst-H2AX_STC-11A-11B-Dox-BLO/Hoechst-H2AX.2026-02-13-21-50-52/Hoechst-H2AX_Plate_R_p00_0_G08f12d1.TIF","KCB25-11B","0.3","G08","D:/2026-02-13_U2OS-Hoechst-H2AX_STC-11A-11B-Dox-BLO/Hoechst-H2AX.2026-02-13-21-50-52","D:/2026-02-13_U2OS-Hoechst-H2AX_STC-11A-11B-Dox-BLO/Hoechst-H2AX.2026-02-13-21-50-52"
"910","D:/2026-02-13_U2OS-Hoechst-H2AX_STC-11A-11B-Dox-BLO/Hoechst-H2AX.2026-02-13-21-50-52/Hoechst-H2AX_Plate_R_p00_0_G08f13d0.TIF","D:/2026-02-13_U2OS-Hoechst-H2AX_STC-11A-11B-Dox-BLO/Hoechst-H2AX.2026-02-13-21-50-52/Hoechst-H2AX_Plate_R_p00_0_G08f13d1.TIF","KCB25-11B","0.3","G08","D:/2026-02-13_U2OS-Hoechst-H2AX_STC-11A-11B-Dox-BLO/Hoechst-H2AX.2026-02-13-21-50-52","D:/2026-02-13_U2OS-Hoechst-H2AX_STC-11A-11B-Dox-BLO/Hoechst-H2AX.2026-02-13-21-50-52"
"911","D:/2026-02-13_U2OS-Hoechst-H2AX_STC-11A-11B-Dox-BLO/Hoechst-H2AX.2026-02-13-21-50-52/Hoechst-H2AX_Plate_R_p00_0_G08f14d0.TIF","D:/2026-02-13_U2OS-Hoechst-H2AX_STC-11A-11B-Dox-BLO/Hoechst-H2AX.2026-02-13-21-50-52/Hoechst-H2AX_Plate_R_p00_0_G08f14d1.TIF","KCB25-11B","0.3","G08","D:/2026-02-13_U2OS-Hoechst-H2AX_STC-11A-11B-Dox-BLO/Hoechst-H2AX.2026-02-13-21-50-52","D:/2026-02-13_U2OS-Hoechst-H2AX_STC-11A-11B-Dox-BLO/Hoechst-H2AX.2026-02-13-21-50-52"
"912","D:/2026-02-13_U2OS-Hoechst-H2AX_STC-11A-11B-Dox-BLO/Hoechst-H2AX.2026-02-13-21-50-52/Hoechst-H2AX_Plate_R_p00_0_G08f15d0.TIF","D:/2026-02-13_U2OS-Hoechst-H2AX_STC-11A-11B-Dox-BLO/Hoechst-H2AX.2026-02-13-21-50-52/Hoechst-H2AX_Plate_R_p00_0_G08f15d1.TIF","KCB25-11B","0.3","G08","D:/2026-02-13_U2OS-Hoechst-H2AX_STC-11A-11B-Dox-BLO/Hoechst-H2AX.2026-02-13-21-50-52","D:/2026-02-13_U2OS-Hoechst-H2AX_STC-11A-11B-Dox-BLO/Hoechst-H2AX.2026-02-13-21-50-52"
"913","D:/2026-02-13_U2OS-Hoechst-H2AX_STC-11A-11B-Dox-BLO/Hoechst-H2AX.2026-02-13-21-50-52/Hoechst-H2AX_Plate_R_p00_0_G09f00d0.TIF","D:/2026-02-13_U2OS-Hoechst-H2AX_STC-11A-11B-Dox-BLO/Hoechst-H2AX.2026-02-13-21-50-52/Hoechst-H2AX_Plate_R_p00_0_G09f00d1.TIF","KCB25-11B","0.1","G09","D:/2026-02-13_U2OS-Hoechst-H2AX_STC-11A-11B-Dox-BLO/Hoechst-H2AX.2026-02-13-21-50-52","D:/2026-02-13_U2OS-Hoechst-H2AX_STC-11A-11B-Dox-BLO/Hoechst-H2AX.2026-02-13-21-50-52"
"914","D:/2026-02-13_U2OS-Hoechst-H2AX_STC-11A-11B-Dox-BLO/Hoechst-H2AX.2026-02-13-21-50-52/Hoechst-H2AX_Plate_R_p00_0_G09f01d0.TIF","D:/2026-02-13_U2OS-Hoechst-H2AX_STC-11A-11B-Dox-BLO/Hoechst-H2AX.2026-02-13-21-50-52/Hoechst-H2AX_Plate_R_p00_0_G09f01d1.TIF","KCB25-11B","0.1","G09","D:/2026-02-13_U2OS-Hoechst-H2AX_STC-11A-11B-Dox-BLO/Hoechst-H2AX.2026-02-13-21-50-52","D:/2026-02-13_U2OS-Hoechst-H2AX_STC-11A-11B-Dox-BLO/Hoechst-H2AX.2026-02-13-21-50-52"
"915","D:/2026-02-13_U2OS-Hoechst-H2AX_STC-11A-11B-Dox-BLO/Hoechst-H2AX.2026-02-13-21-50-52/Hoechst-H2AX_Plate_R_p00_0_G09f02d0.TIF","D:/2026-02-13_U2OS-Hoechst-H2AX_STC-11A-11B-Dox-BLO/Hoechst-H2AX.2026-02-13-21-50-52/Hoechst-H2AX_Plate_R_p00_0_G09f02d1.TIF","KCB25-11B","0.1","G09","D:/2026-02-13_U2OS-Hoechst-H2AX_STC-11A-11B-Dox-BLO/Hoechst-H2AX.2026-02-13-21-50-52","D:/2026-02-13_U2OS-Hoechst-H2AX_STC-11A-11B-Dox-BLO/Hoechst-H2AX.2026-02-13-21-50-52"
"916","D:/2026-02-13_U2OS-Hoechst-H2AX_STC-11A-11B-Dox-BLO/Hoechst-H2AX.2026-02-13-21-50-52/Hoechst-H2AX_Plate_R_p00_0_G09f03d0.TIF","D:/2026-02-13_U2OS-Hoechst-H2AX_STC-11A-11B-Dox-BLO/Hoechst-H2AX.2026-02-13-21-50-52/Hoechst-H2AX_Plate_R_p00_0_G09f03d1.TIF","KCB25-11B","0.1","G09","D:/2026-02-13_U2OS-Hoechst-H2AX_STC-11A-11B-Dox-BLO/Hoechst-H2AX.2026-02-13-21-50-52","D:/2026-02-13_U2OS-Hoechst-H2AX_STC-11A-11B-Dox-BLO/Hoechst-H2AX.2026-02-13-21-50-52"
"917","D:/2026-02-13_U2OS-Hoechst-H2AX_STC-11A-11B-Dox-BLO/Hoechst-H2AX.2026-02-13-21-50-52/Hoechst-H2AX_Plate_R_p00_0_G09f04d0.TIF","D:/2026-02-13_U2OS-Hoechst-H2AX_STC-11A-11B-Dox-BLO/Hoechst-H2AX.2026-02-13-21-50-52/Hoechst-H2AX_Plate_R_p00_0_G09f04d1.TIF","KCB25-11B","0.1","G09","D:/2026-02-13_U2OS-Hoechst-H2AX_STC-11A-11B-Dox-BLO/Hoechst-H2AX.2026-02-13-21-50-52","D:/2026-02-13_U2OS-Hoechst-H2AX_STC-11A-11B-Dox-BLO/Hoechst-H2AX.2026-02-13-21-50-52"
"918","D:/2026-02-13_U2OS-Hoechst-H2AX_STC-11A-11B-Dox-BLO/Hoechst-H2AX.2026-02-13-21-50-52/Hoechst-H2AX_Plate_R_p00_0_G09f05d0.TIF","D:/2026-02-13_U2OS-Hoechst-H2AX_STC-11A-11B-Dox-BLO/Hoechst-H2AX.2026-02-13-21-50-52/Hoechst-H2AX_Plate_R_p00_0_G09f05d1.TIF","KCB25-11B","0.1","G09","D:/2026-02-13_U2OS-Hoechst-H2AX_STC-11A-11B-Dox-BLO/Hoechst-H2AX.2026-02-13-21-50-52","D:/2026-02-13_U2OS-Hoechst-H2AX_STC-11A-11B-Dox-BLO/Hoechst-H2AX.2026-02-13-21-50-52"
"919","D:/2026-02-13_U2OS-Hoechst-H2AX_STC-11A-11B-Dox-BLO/Hoechst-H2AX.2026-02-13-21-50-52/Hoechst-H2AX_Plate_R_p00_0_G09f06d0.TIF","D:/2026-02-13_U2OS-Hoechst-H2AX_STC-11A-11B-Dox-BLO/Hoechst-H2AX.2026-02-13-21-50-52/Hoechst-H2AX_Plate_R_p00_0_G09f06d1.TIF","KCB25-11B","0.1","G09","D:/2026-02-13_U2OS-Hoechst-H2AX_STC-11A-11B-Dox-BLO/Hoechst-H2AX.2026-02-13-21-50-52","D:/2026-02-13_U2OS-Hoechst-H2AX_STC-11A-11B-Dox-BLO/Hoechst-H2AX.2026-02-13-21-50-52"
"920","D:/2026-02-13_U2OS-Hoechst-H2AX_STC-11A-11B-Dox-BLO/Hoechst-H2AX.2026-02-13-21-50-52/Hoechst-H2AX_Plate_R_p00_0_G09f07d0.TIF","D:/2026-02-13_U2OS-Hoechst-H2AX_STC-11A-11B-Dox-BLO/Hoechst-H2AX.2026-02-13-21-50-52/Hoechst-H2AX_Plate_R_p00_0_G09f07d1.TIF","KCB25-11B","0.1","G09","D:/2026-02-13_U2OS-Hoechst-H2AX_STC-11A-11B-Dox-BLO/Hoechst-H2AX.2026-02-13-21-50-52","D:/2026-02-13_U2OS-Hoechst-H2AX_STC-11A-11B-Dox-BLO/Hoechst-H2AX.2026-02-13-21-50-52"
"921","D:/2026-02-13_U2OS-Hoechst-H2AX_STC-11A-11B-Dox-BLO/Hoechst-H2AX.2026-02-13-21-50-52/Hoechst-H2AX_Plate_R_p00_0_G09f08d0.TIF","D:/2026-02-13_U2OS-Hoechst-H2AX_STC-11A-11B-Dox-BLO/Hoechst-H2AX.2026-02-13-21-50-52/Hoechst-H2AX_Plate_R_p00_0_G09f08d1.TIF","KCB25-11B","0.1","G09","D:/2026-02-13_U2OS-Hoechst-H2AX_STC-11A-11B-Dox-BLO/Hoechst-H2AX.2026-02-13-21-50-52","D:/2026-02-13_U2OS-Hoechst-H2AX_STC-11A-11B-Dox-BLO/Hoechst-H2AX.2026-02-13-21-50-52"
"922","D:/2026-02-13_U2OS-Hoechst-H2AX_STC-11A-11B-Dox-BLO/Hoechst-H2AX.2026-02-13-21-50-52/Hoechst-H2AX_Plate_R_p00_0_G09f09d0.TIF","D:/2026-02-13_U2OS-Hoechst-H2AX_STC-11A-11B-Dox-BLO/Hoechst-H2AX.2026-02-13-21-50-52/Hoechst-H2AX_Plate_R_p00_0_G09f09d1.TIF","KCB25-11B","0.1","G09","D:/2026-02-13_U2OS-Hoechst-H2AX_STC-11A-11B-Dox-BLO/Hoechst-H2AX.2026-02-13-21-50-52","D:/2026-02-13_U2OS-Hoechst-H2AX_STC-11A-11B-Dox-BLO/Hoechst-H2AX.2026-02-13-21-50-52"
"923","D:/2026-02-13_U2OS-Hoechst-H2AX_STC-11A-11B-Dox-BLO/Hoechst-H2AX.2026-02-13-21-50-52/Hoechst-H2AX_Plate_R_p00_0_G09f10d0.TIF","D:/2026-02-13_U2OS-Hoechst-H2AX_STC-11A-11B-Dox-BLO/Hoechst-H2AX.2026-02-13-21-50-52/Hoechst-H2AX_Plate_R_p00_0_G09f10d1.TIF","KCB25-11B","0.1","G09","D:/2026-02-13_U2OS-Hoechst-H2AX_STC-11A-11B-Dox-BLO/Hoechst-H2AX.2026-02-13-21-50-52","D:/2026-02-13_U2OS-Hoechst-H2AX_STC-11A-11B-Dox-BLO/Hoechst-H2AX.2026-02-13-21-50-52"
"924","D:/2026-02-13_U2OS-Hoechst-H2AX_STC-11A-11B-Dox-BLO/Hoechst-H2AX.2026-02-13-21-50-52/Hoechst-H2AX_Plate_R_p00_0_G09f11d0.TIF","D:/2026-02-13_U2OS-Hoechst-H2AX_STC-11A-11B-Dox-BLO/Hoechst-H2AX.2026-02-13-21-50-52/Hoechst-H2AX_Plate_R_p00_0_G09f11d1.TIF","KCB25-11B","0.1","G09","D:/2026-02-13_U2OS-Hoechst-H2AX_STC-11A-11B-Dox-BLO/Hoechst-H2AX.2026-02-13-21-50-52","D:/2026-02-13_U2OS-Hoechst-H2AX_STC-11A-11B-Dox-BLO/Hoechst-H2AX.2026-02-13-21-50-52"
"925","D:/2026-02-13_U2OS-Hoechst-H2AX_STC-11A-11B-Dox-BLO/Hoechst-H2AX.2026-02-13-21-50-52/Hoechst-H2AX_Plate_R_p00_0_G09f12d0.TIF","D:/2026-02-13_U2OS-Hoechst-H2AX_STC-11A-11B-Dox-BLO/Hoechst-H2AX.2026-02-13-21-50-52/Hoechst-H2AX_Plate_R_p00_0_G09f12d1.TIF","KCB25-11B","0.1","G09","D:/2026-02-13_U2OS-Hoechst-H2AX_STC-11A-11B-Dox-BLO/Hoechst-H2AX.2026-02-13-21-50-52","D:/2026-02-13_U2OS-Hoechst-H2AX_STC-11A-11B-Dox-BLO/Hoechst-H2AX.2026-02-13-21-50-52"
"926","D:/2026-02-13_U2OS-Hoechst-H2AX_STC-11A-11B-Dox-BLO/Hoechst-H2AX.2026-02-13-21-50-52/Hoechst-H2AX_Plate_R_p00_0_G09f13d0.TIF","D:/2026-02-13_U2OS-Hoechst-H2AX_STC-11A-11B-Dox-BLO/Hoechst-H2AX.2026-02-13-21-50-52/Hoechst-H2AX_Plate_R_p00_0_G09f13d1.TIF","KCB25-11B","0.1","G09","D:/2026-02-13_U2OS-Hoechst-H2AX_STC-11A-11B-Dox-BLO/Hoechst-H2AX.2026-02-13-21-50-52","D:/2026-02-13_U2OS-Hoechst-H2AX_STC-11A-11B-Dox-BLO/Hoechst-H2AX.2026-02-13-21-50-52"
"927","D:/2026-02-13_U2OS-Hoechst-H2AX_STC-11A-11B-Dox-BLO/Hoechst-H2AX.2026-02-13-21-50-52/Hoechst-H2AX_Plate_R_p00_0_G09f14d0.TIF","D:/2026-02-13_U2OS-Hoechst-H2AX_STC-11A-11B-Dox-BLO/Hoechst-H2AX.2026-02-13-21-50-52/Hoechst-H2AX_Plate_R_p00_0_G09f14d1.TIF","KCB25-11B","0.1","G09","D:/2026-02-13_U2OS-Hoechst-H2AX_STC-11A-11B-Dox-BLO/Hoechst-H2AX.2026-02-13-21-50-52","D:/2026-02-13_U2OS-Hoechst-H2AX_STC-11A-11B-Dox-BLO/Hoechst-H2AX.2026-02-13-21-50-52"
"928","D:/2026-02-13_U2OS-Hoechst-H2AX_STC-11A-11B-Dox-BLO/Hoechst-H2AX.2026-02-13-21-50-52/Hoechst-H2AX_Plate_R_p00_0_G09f15d0.TIF","D:/2026-02-13_U2OS-Hoechst-H2AX_STC-11A-11B-Dox-BLO/Hoechst-H2AX.2026-02-13-21-50-52/Hoechst-H2AX_Plate_R_p00_0_G09f15d1.TIF","KCB25-11B","0.1","G09","D:/2026-02-13_U2OS-Hoechst-H2AX_STC-11A-11B-Dox-BLO/Hoechst-H2AX.2026-02-13-21-50-52","D:/2026-02-13_U2OS-Hoechst-H2AX_STC-11A-11B-Dox-BLO/Hoechst-H2AX.2026-02-13-21-50-52"
"929","D:/2026-02-13_U2OS-Hoechst-H2AX_STC-11A-11B-Dox-BLO/Hoechst-H2AX.2026-02-13-21-50-52/Hoechst-H2AX_Plate_R_p00_0_G10f00d0.TIF","D:/2026-02-13_U2OS-Hoechst-H2AX_STC-11A-11B-Dox-BLO/Hoechst-H2AX.2026-02-13-21-50-52/Hoechst-H2AX_Plate_R_p00_0_G10f00d1.TIF","DMSO","0","G10","D:/2026-02-13_U2OS-Hoechst-H2AX_STC-11A-11B-Dox-BLO/Hoechst-H2AX.2026-02-13-21-50-52","D:/2026-02-13_U2OS-Hoechst-H2AX_STC-11A-11B-Dox-BLO/Hoechst-H2AX.2026-02-13-21-50-52"
"930","D:/2026-02-13_U2OS-Hoechst-H2AX_STC-11A-11B-Dox-BLO/Hoechst-H2AX.2026-02-13-21-50-52/Hoechst-H2AX_Plate_R_p00_0_G10f01d0.TIF","D:/2026-02-13_U2OS-Hoechst-H2AX_STC-11A-11B-Dox-BLO/Hoechst-H2AX.2026-02-13-21-50-52/Hoechst-H2AX_Plate_R_p00_0_G10f01d1.TIF","DMSO","0","G10","D:/2026-02-13_U2OS-Hoechst-H2AX_STC-11A-11B-Dox-BLO/Hoechst-H2AX.2026-02-13-21-50-52","D:/2026-02-13_U2OS-Hoechst-H2AX_STC-11A-11B-Dox-BLO/Hoechst-H2AX.2026-02-13-21-50-52"
"931","D:/2026-02-13_U2OS-Hoechst-H2AX_STC-11A-11B-Dox-BLO/Hoechst-H2AX.2026-02-13-21-50-52/Hoechst-H2AX_Plate_R_p00_0_G10f02d0.TIF","D:/2026-02-13_U2OS-Hoechst-H2AX_STC-11A-11B-Dox-BLO/Hoechst-H2AX.2026-02-13-21-50-52/Hoechst-H2AX_Plate_R_p00_0_G10f02d1.TIF","DMSO","0","G10","D:/2026-02-13_U2OS-Hoechst-H2AX_STC-11A-11B-Dox-BLO/Hoechst-H2AX.2026-02-13-21-50-52","D:/2026-02-13_U2OS-Hoechst-H2AX_STC-11A-11B-Dox-BLO/Hoechst-H2AX.2026-02-13-21-50-52"
"932","D:/2026-02-13_U2OS-Hoechst-H2AX_STC-11A-11B-Dox-BLO/Hoechst-H2AX.2026-02-13-21-50-52/Hoechst-H2AX_Plate_R_p00_0_G10f03d0.TIF","D:/2026-02-13_U2OS-Hoechst-H2AX_STC-11A-11B-Dox-BLO/Hoechst-H2AX.2026-02-13-21-50-52/Hoechst-H2AX_Plate_R_p00_0_G10f03d1.TIF","DMSO","0","G10","D:/2026-02-13_U2OS-Hoechst-H2AX_STC-11A-11B-Dox-BLO/Hoechst-H2AX.2026-02-13-21-50-52","D:/2026-02-13_U2OS-Hoechst-H2AX_STC-11A-11B-Dox-BLO/Hoechst-H2AX.2026-02-13-21-50-52"
"933","D:/2026-02-13_U2OS-Hoechst-H2AX_STC-11A-11B-Dox-BLO/Hoechst-H2AX.2026-02-13-21-50-52/Hoechst-H2AX_Plate_R_p00_0_G10f04d0.TIF","D:/2026-02-13_U2OS-Hoechst-H2AX_STC-11A-11B-Dox-BLO/Hoechst-H2AX.2026-02-13-21-50-52/Hoechst-H2AX_Plate_R_p00_0_G10f04d1.TIF","DMSO","0","G10","D:/2026-02-13_U2OS-Hoechst-H2AX_STC-11A-11B-Dox-BLO/Hoechst-H2AX.2026-02-13-21-50-52","D:/2026-02-13_U2OS-Hoechst-H2AX_STC-11A-11B-Dox-BLO/Hoechst-H2AX.2026-02-13-21-50-52"
"934","D:/2026-02-13_U2OS-Hoechst-H2AX_STC-11A-11B-Dox-BLO/Hoechst-H2AX.2026-02-13-21-50-52/Hoechst-H2AX_Plate_R_p00_0_G10f05d0.TIF","D:/2026-02-13_U2OS-Hoechst-H2AX_STC-11A-11B-Dox-BLO/Hoechst-H2AX.2026-02-13-21-50-52/Hoechst-H2AX_Plate_R_p00_0_G10f05d1.TIF","DMSO","0","G10","D:/2026-02-13_U2OS-Hoechst-H2AX_STC-11A-11B-Dox-BLO/Hoechst-H2AX.2026-02-13-21-50-52","D:/2026-02-13_U2OS-Hoechst-H2AX_STC-11A-11B-Dox-BLO/Hoechst-H2AX.2026-02-13-21-50-52"
"935","D:/2026-02-13_U2OS-Hoechst-H2AX_STC-11A-11B-Dox-BLO/Hoechst-H2AX.2026-02-13-21-50-52/Hoechst-H2AX_Plate_R_p00_0_G10f06d0.TIF","D:/2026-02-13_U2OS-Hoechst-H2AX_STC-11A-11B-Dox-BLO/Hoechst-H2AX.2026-02-13-21-50-52/Hoechst-H2AX_Plate_R_p00_0_G10f06d1.TIF","DMSO","0","G10","D:/2026-02-13_U2OS-Hoechst-H2AX_STC-11A-11B-Dox-BLO/Hoechst-H2AX.2026-02-13-21-50-52","D:/2026-02-13_U2OS-Hoechst-H2AX_STC-11A-11B-Dox-BLO/Hoechst-H2AX.2026-02-13-21-50-52"
"936","D:/2026-02-13_U2OS-Hoechst-H2AX_STC-11A-11B-Dox-BLO/Hoechst-H2AX.2026-02-13-21-50-52/Hoechst-H2AX_Plate_R_p00_0_G10f07d0.TIF","D:/2026-02-13_U2OS-Hoechst-H2AX_STC-11A-11B-Dox-BLO/Hoechst-H2AX.2026-02-13-21-50-52/Hoechst-H2AX_Plate_R_p00_0_G10f07d1.TIF","DMSO","0","G10","D:/2026-02-13_U2OS-Hoechst-H2AX_STC-11A-11B-Dox-BLO/Hoechst-H2AX.2026-02-13-21-50-52","D:/2026-02-13_U2OS-Hoechst-H2AX_STC-11A-11B-Dox-BLO/Hoechst-H2AX.2026-02-13-21-50-52"
"937","D:/2026-02-13_U2OS-Hoechst-H2AX_STC-11A-11B-Dox-BLO/Hoechst-H2AX.2026-02-13-21-50-52/Hoechst-H2AX_Plate_R_p00_0_G10f08d0.TIF","D:/2026-02-13_U2OS-Hoechst-H2AX_STC-11A-11B-Dox-BLO/Hoechst-H2AX.2026-02-13-21-50-52/Hoechst-H2AX_Plate_R_p00_0_G10f08d1.TIF","DMSO","0","G10","D:/2026-02-13_U2OS-Hoechst-H2AX_STC-11A-11B-Dox-BLO/Hoechst-H2AX.2026-02-13-21-50-52","D:/2026-02-13_U2OS-Hoechst-H2AX_STC-11A-11B-Dox-BLO/Hoechst-H2AX.2026-02-13-21-50-52"
"938","D:/2026-02-13_U2OS-Hoechst-H2AX_STC-11A-11B-Dox-BLO/Hoechst-H2AX.2026-02-13-21-50-52/Hoechst-H2AX_Plate_R_p00_0_G10f09d0.TIF","D:/2026-02-13_U2OS-Hoechst-H2AX_STC-11A-11B-Dox-BLO/Hoechst-H2AX.2026-02-13-21-50-52/Hoechst-H2AX_Plate_R_p00_0_G10f09d1.TIF","DMSO","0","G10","D:/2026-02-13_U2OS-Hoechst-H2AX_STC-11A-11B-Dox-BLO/Hoechst-H2AX.2026-02-13-21-50-52","D:/2026-02-13_U2OS-Hoechst-H2AX_STC-11A-11B-Dox-BLO/Hoechst-H2AX.2026-02-13-21-50-52"
"939","D:/2026-02-13_U2OS-Hoechst-H2AX_STC-11A-11B-Dox-BLO/Hoechst-H2AX.2026-02-13-21-50-52/Hoechst-H2AX_Plate_R_p00_0_G10f10d0.TIF","D:/2026-02-13_U2OS-Hoechst-H2AX_STC-11A-11B-Dox-BLO/Hoechst-H2AX.2026-02-13-21-50-52/Hoechst-H2AX_Plate_R_p00_0_G10f10d1.TIF","DMSO","0","G10","D:/2026-02-13_U2OS-Hoechst-H2AX_STC-11A-11B-Dox-BLO/Hoechst-H2AX.2026-02-13-21-50-52","D:/2026-02-13_U2OS-Hoechst-H2AX_STC-11A-11B-Dox-BLO/Hoechst-H2AX.2026-02-13-21-50-52"
"940","D:/2026-02-13_U2OS-Hoechst-H2AX_STC-11A-11B-Dox-BLO/Hoechst-H2AX.2026-02-13-21-50-52/Hoechst-H2AX_Plate_R_p00_0_G10f11d0.TIF","D:/2026-02-13_U2OS-Hoechst-H2AX_STC-11A-11B-Dox-BLO/Hoechst-H2AX.2026-02-13-21-50-52/Hoechst-H2AX_Plate_R_p00_0_G10f11d1.TIF","DMSO","0","G10","D:/2026-02-13_U2OS-Hoechst-H2AX_STC-11A-11B-Dox-BLO/Hoechst-H2AX.2026-02-13-21-50-52","D:/2026-02-13_U2OS-Hoechst-H2AX_STC-11A-11B-Dox-BLO/Hoechst-H2AX.2026-02-13-21-50-52"
"941","D:/2026-02-13_U2OS-Hoechst-H2AX_STC-11A-11B-Dox-BLO/Hoechst-H2AX.2026-02-13-21-50-52/Hoechst-H2AX_Plate_R_p00_0_G10f12d0.TIF","D:/2026-02-13_U2OS-Hoechst-H2AX_STC-11A-11B-Dox-BLO/Hoechst-H2AX.2026-02-13-21-50-52/Hoechst-H2AX_Plate_R_p00_0_G10f12d1.TIF","DMSO","0","G10","D:/2026-02-13_U2OS-Hoechst-H2AX_STC-11A-11B-Dox-BLO/Hoechst-H2AX.2026-02-13-21-50-52","D:/2026-02-13_U2OS-Hoechst-H2AX_STC-11A-11B-Dox-BLO/Hoechst-H2AX.2026-02-13-21-50-52"
"942","D:/2026-02-13_U2OS-Hoechst-H2AX_STC-11A-11B-Dox-BLO/Hoechst-H2AX.2026-02-13-21-50-52/Hoechst-H2AX_Plate_R_p00_0_G10f13d0.TIF","D:/2026-02-13_U2OS-Hoechst-H2AX_STC-11A-11B-Dox-BLO/Hoechst-H2AX.2026-02-13-21-50-52/Hoechst-H2AX_Plate_R_p00_0_G10f13d1.TIF","DMSO","0","G10","D:/2026-02-13_U2OS-Hoechst-H2AX_STC-11A-11B-Dox-BLO/Hoechst-H2AX.2026-02-13-21-50-52","D:/2026-02-13_U2OS-Hoechst-H2AX_STC-11A-11B-Dox-BLO/Hoechst-H2AX.2026-02-13-21-50-52"
"943","D:/2026-02-13_U2OS-Hoechst-H2AX_STC-11A-11B-Dox-BLO/Hoechst-H2AX.2026-02-13-21-50-52/Hoechst-H2AX_Plate_R_p00_0_G10f14d0.TIF","D:/2026-02-13_U2OS-Hoechst-H2AX_STC-11A-11B-Dox-BLO/Hoechst-H2AX.2026-02-13-21-50-52/Hoechst-H2AX_Plate_R_p00_0_G10f14d1.TIF","DMSO","0","G10","D:/2026-02-13_U2OS-Hoechst-H2AX_STC-11A-11B-Dox-BLO/Hoechst-H2AX.2026-02-13-21-50-52","D:/2026-02-13_U2OS-Hoechst-H2AX_STC-11A-11B-Dox-BLO/Hoechst-H2AX.2026-02-13-21-50-52"
"944","D:/2026-02-13_U2OS-Hoechst-H2AX_STC-11A-11B-Dox-BLO/Hoechst-H2AX.2026-02-13-21-50-52/Hoechst-H2AX_Plate_R_p00_0_G10f15d0.TIF","D:/2026-02-13_U2OS-Hoechst-H2AX_STC-11A-11B-Dox-BLO/Hoechst-H2AX.2026-02-13-21-50-52/Hoechst-H2AX_Plate_R_p00_0_G10f15d1.TIF","DMSO","0","G10","D:/2026-02-13_U2OS-Hoechst-H2AX_STC-11A-11B-Dox-BLO/Hoechst-H2AX.2026-02-13-21-50-52","D:/2026-02-13_U2OS-Hoechst-H2AX_STC-11A-11B-Dox-BLO/Hoechst-H2AX.2026-02-13-21-50-52"
"945","D:/2026-02-13_U2OS-Hoechst-H2AX_STC-11A-11B-Dox-BLO/Hoechst-H2AX.2026-02-13-21-50-52/Hoechst-H2AX_Plate_R_p00_0_G11f00d0.TIF","D:/2026-02-13_U2OS-Hoechst-H2AX_STC-11A-11B-Dox-BLO/Hoechst-H2AX.2026-02-13-21-50-52/Hoechst-H2AX_Plate_R_p00_0_G11f00d1.TIF","DMSO","0","G11","D:/2026-02-13_U2OS-Hoechst-H2AX_STC-11A-11B-Dox-BLO/Hoechst-H2AX.2026-02-13-21-50-52","D:/2026-02-13_U2OS-Hoechst-H2AX_STC-11A-11B-Dox-BLO/Hoechst-H2AX.2026-02-13-21-50-52"
"946","D:/2026-02-13_U2OS-Hoechst-H2AX_STC-11A-11B-Dox-BLO/Hoechst-H2AX.2026-02-13-21-50-52/Hoechst-H2AX_Plate_R_p00_0_G11f01d0.TIF","D:/2026-02-13_U2OS-Hoechst-H2AX_STC-11A-11B-Dox-BLO/Hoechst-H2AX.2026-02-13-21-50-52/Hoechst-H2AX_Plate_R_p00_0_G11f01d1.TIF","DMSO","0","G11","D:/2026-02-13_U2OS-Hoechst-H2AX_STC-11A-11B-Dox-BLO/Hoechst-H2AX.2026-02-13-21-50-52","D:/2026-02-13_U2OS-Hoechst-H2AX_STC-11A-11B-Dox-BLO/Hoechst-H2AX.2026-02-13-21-50-52"
"947","D:/2026-02-13_U2OS-Hoechst-H2AX_STC-11A-11B-Dox-BLO/Hoechst-H2AX.2026-02-13-21-50-52/Hoechst-H2AX_Plate_R_p00_0_G11f02d0.TIF","D:/2026-02-13_U2OS-Hoechst-H2AX_STC-11A-11B-Dox-BLO/Hoechst-H2AX.2026-02-13-21-50-52/Hoechst-H2AX_Plate_R_p00_0_G11f02d1.TIF","DMSO","0","G11","D:/2026-02-13_U2OS-Hoechst-H2AX_STC-11A-11B-Dox-BLO/Hoechst-H2AX.2026-02-13-21-50-52","D:/2026-02-13_U2OS-Hoechst-H2AX_STC-11A-11B-Dox-BLO/Hoechst-H2AX.2026-02-13-21-50-52"
"948","D:/2026-02-13_U2OS-Hoechst-H2AX_STC-11A-11B-Dox-BLO/Hoechst-H2AX.2026-02-13-21-50-52/Hoechst-H2AX_Plate_R_p00_0_G11f03d0.TIF","D:/2026-02-13_U2OS-Hoechst-H2AX_STC-11A-11B-Dox-BLO/Hoechst-H2AX.2026-02-13-21-50-52/Hoechst-H2AX_Plate_R_p00_0_G11f03d1.TIF","DMSO","0","G11","D:/2026-02-13_U2OS-Hoechst-H2AX_STC-11A-11B-Dox-BLO/Hoechst-H2AX.2026-02-13-21-50-52","D:/2026-02-13_U2OS-Hoechst-H2AX_STC-11A-11B-Dox-BLO/Hoechst-H2AX.2026-02-13-21-50-52"
"949","D:/2026-02-13_U2OS-Hoechst-H2AX_STC-11A-11B-Dox-BLO/Hoechst-H2AX.2026-02-13-21-50-52/Hoechst-H2AX_Plate_R_p00_0_G11f04d0.TIF","D:/2026-02-13_U2OS-Hoechst-H2AX_STC-11A-11B-Dox-BLO/Hoechst-H2AX.2026-02-13-21-50-52/Hoechst-H2AX_Plate_R_p00_0_G11f04d1.TIF","DMSO","0","G11","D:/2026-02-13_U2OS-Hoechst-H2AX_STC-11A-11B-Dox-BLO/Hoechst-H2AX.2026-02-13-21-50-52","D:/2026-02-13_U2OS-Hoechst-H2AX_STC-11A-11B-Dox-BLO/Hoechst-H2AX.2026-02-13-21-50-52"
"950","D:/2026-02-13_U2OS-Hoechst-H2AX_STC-11A-11B-Dox-BLO/Hoechst-H2AX.2026-02-13-21-50-52/Hoechst-H2AX_Plate_R_p00_0_G11f05d0.TIF","D:/2026-02-13_U2OS-Hoechst-H2AX_STC-11A-11B-Dox-BLO/Hoechst-H2AX.2026-02-13-21-50-52/Hoechst-H2AX_Plate_R_p00_0_G11f05d1.TIF","DMSO","0","G11","D:/2026-02-13_U2OS-Hoechst-H2AX_STC-11A-11B-Dox-BLO/Hoechst-H2AX.2026-02-13-21-50-52","D:/2026-02-13_U2OS-Hoechst-H2AX_STC-11A-11B-Dox-BLO/Hoechst-H2AX.2026-02-13-21-50-52"
"951","D:/2026-02-13_U2OS-Hoechst-H2AX_STC-11A-11B-Dox-BLO/Hoechst-H2AX.2026-02-13-21-50-52/Hoechst-H2AX_Plate_R_p00_0_G11f06d0.TIF","D:/2026-02-13_U2OS-Hoechst-H2AX_STC-11A-11B-Dox-BLO/Hoechst-H2AX.2026-02-13-21-50-52/Hoechst-H2AX_Plate_R_p00_0_G11f06d1.TIF","DMSO","0","G11","D:/2026-02-13_U2OS-Hoechst-H2AX_STC-11A-11B-Dox-BLO/Hoechst-H2AX.2026-02-13-21-50-52","D:/2026-02-13_U2OS-Hoechst-H2AX_STC-11A-11B-Dox-BLO/Hoechst-H2AX.2026-02-13-21-50-52"
"952","D:/2026-02-13_U2OS-Hoechst-H2AX_STC-11A-11B-Dox-BLO/Hoechst-H2AX.2026-02-13-21-50-52/Hoechst-H2AX_Plate_R_p00_0_G11f07d0.TIF","D:/2026-02-13_U2OS-Hoechst-H2AX_STC-11A-11B-Dox-BLO/Hoechst-H2AX.2026-02-13-21-50-52/Hoechst-H2AX_Plate_R_p00_0_G11f07d1.TIF","DMSO","0","G11","D:/2026-02-13_U2OS-Hoechst-H2AX_STC-11A-11B-Dox-BLO/Hoechst-H2AX.2026-02-13-21-50-52","D:/2026-02-13_U2OS-Hoechst-H2AX_STC-11A-11B-Dox-BLO/Hoechst-H2AX.2026-02-13-21-50-52"
"953","D:/2026-02-13_U2OS-Hoechst-H2AX_STC-11A-11B-Dox-BLO/Hoechst-H2AX.2026-02-13-21-50-52/Hoechst-H2AX_Plate_R_p00_0_G11f08d0.TIF","D:/2026-02-13_U2OS-Hoechst-H2AX_STC-11A-11B-Dox-BLO/Hoechst-H2AX.2026-02-13-21-50-52/Hoechst-H2AX_Plate_R_p00_0_G11f08d1.TIF","DMSO","0","G11","D:/2026-02-13_U2OS-Hoechst-H2AX_STC-11A-11B-Dox-BLO/Hoechst-H2AX.2026-02-13-21-50-52","D:/2026-02-13_U2OS-Hoechst-H2AX_STC-11A-11B-Dox-BLO/Hoechst-H2AX.2026-02-13-21-50-52"
"954","D:/2026-02-13_U2OS-Hoechst-H2AX_STC-11A-11B-Dox-BLO/Hoechst-H2AX.2026-02-13-21-50-52/Hoechst-H2AX_Plate_R_p00_0_G11f09d0.TIF","D:/2026-02-13_U2OS-Hoechst-H2AX_STC-11A-11B-Dox-BLO/Hoechst-H2AX.2026-02-13-21-50-52/Hoechst-H2AX_Plate_R_p00_0_G11f09d1.TIF","DMSO","0","G11","D:/2026-02-13_U2OS-Hoechst-H2AX_STC-11A-11B-Dox-BLO/Hoechst-H2AX.2026-02-13-21-50-52","D:/2026-02-13_U2OS-Hoechst-H2AX_STC-11A-11B-Dox-BLO/Hoechst-H2AX.2026-02-13-21-50-52"
"955","D:/2026-02-13_U2OS-Hoechst-H2AX_STC-11A-11B-Dox-BLO/Hoechst-H2AX.2026-02-13-21-50-52/Hoechst-H2AX_Plate_R_p00_0_G11f10d0.TIF","D:/2026-02-13_U2OS-Hoechst-H2AX_STC-11A-11B-Dox-BLO/Hoechst-H2AX.2026-02-13-21-50-52/Hoechst-H2AX_Plate_R_p00_0_G11f10d1.TIF","DMSO","0","G11","D:/2026-02-13_U2OS-Hoechst-H2AX_STC-11A-11B-Dox-BLO/Hoechst-H2AX.2026-02-13-21-50-52","D:/2026-02-13_U2OS-Hoechst-H2AX_STC-11A-11B-Dox-BLO/Hoechst-H2AX.2026-02-13-21-50-52"
"956","D:/2026-02-13_U2OS-Hoechst-H2AX_STC-11A-11B-Dox-BLO/Hoechst-H2AX.2026-02-13-21-50-52/Hoechst-H2AX_Plate_R_p00_0_G11f11d0.TIF","D:/2026-02-13_U2OS-Hoechst-H2AX_STC-11A-11B-Dox-BLO/Hoechst-H2AX.2026-02-13-21-50-52/Hoechst-H2AX_Plate_R_p00_0_G11f11d1.TIF","DMSO","0","G11","D:/2026-02-13_U2OS-Hoechst-H2AX_STC-11A-11B-Dox-BLO/Hoechst-H2AX.2026-02-13-21-50-52","D:/2026-02-13_U2OS-Hoechst-H2AX_STC-11A-11B-Dox-BLO/Hoechst-H2AX.2026-02-13-21-50-52"
"957","D:/2026-02-13_U2OS-Hoechst-H2AX_STC-11A-11B-Dox-BLO/Hoechst-H2AX.2026-02-13-21-50-52/Hoechst-H2AX_Plate_R_p00_0_G11f12d0.TIF","D:/2026-02-13_U2OS-Hoechst-H2AX_STC-11A-11B-Dox-BLO/Hoechst-H2AX.2026-02-13-21-50-52/Hoechst-H2AX_Plate_R_p00_0_G11f12d1.TIF","DMSO","0","G11","D:/2026-02-13_U2OS-Hoechst-H2AX_STC-11A-11B-Dox-BLO/Hoechst-H2AX.2026-02-13-21-50-52","D:/2026-02-13_U2OS-Hoechst-H2AX_STC-11A-11B-Dox-BLO/Hoechst-H2AX.2026-02-13-21-50-52"
"958","D:/2026-02-13_U2OS-Hoechst-H2AX_STC-11A-11B-Dox-BLO/Hoechst-H2AX.2026-02-13-21-50-52/Hoechst-H2AX_Plate_R_p00_0_G11f13d0.TIF","D:/2026-02-13_U2OS-Hoechst-H2AX_STC-11A-11B-Dox-BLO/Hoechst-H2AX.2026-02-13-21-50-52/Hoechst-H2AX_Plate_R_p00_0_G11f13d1.TIF","DMSO","0","G11","D:/2026-02-13_U2OS-Hoechst-H2AX_STC-11A-11B-Dox-BLO/Hoechst-H2AX.2026-02-13-21-50-52","D:/2026-02-13_U2OS-Hoechst-H2AX_STC-11A-11B-Dox-BLO/Hoechst-H2AX.2026-02-13-21-50-52"
"959","D:/2026-02-13_U2OS-Hoechst-H2AX_STC-11A-11B-Dox-BLO/Hoechst-H2AX.2026-02-13-21-50-52/Hoechst-H2AX_Plate_R_p00_0_G11f14d0.TIF","D:/2026-02-13_U2OS-Hoechst-H2AX_STC-11A-11B-Dox-BLO/Hoechst-H2AX.2026-02-13-21-50-52/Hoechst-H2AX_Plate_R_p00_0_G11f14d1.TIF","DMSO","0","G11","D:/2026-02-13_U2OS-Hoechst-H2AX_STC-11A-11B-Dox-BLO/Hoechst-H2AX.2026-02-13-21-50-52","D:/2026-02-13_U2OS-Hoechst-H2AX_STC-11A-11B-Dox-BLO/Hoechst-H2AX.2026-02-13-21-50-52"
"960","D:/2026-02-13_U2OS-Hoechst-H2AX_STC-11A-11B-Dox-BLO/Hoechst-H2AX.2026-02-13-21-50-52/Hoechst-H2AX_Plate_R_p00_0_G11f15d0.TIF","D:/2026-02-13_U2OS-Hoechst-H2AX_STC-11A-11B-Dox-BLO/Hoechst-H2AX.2026-02-13-21-50-52/Hoechst-H2AX_Plate_R_p00_0_G11f15d1.TIF","DMSO","0","G11","D:/2026-02-13_U2OS-Hoechst-H2AX_STC-11A-11B-Dox-BLO/Hoechst-H2AX.2026-02-13-21-50-52","D:/2026-02-13_U2OS-Hoechst-H2AX_STC-11A-11B-Dox-BLO/Hoechst-H2AX.2026-02-13-21-50-52"
